Mark,Domes Number,Mark Type,Type,Ground Relationship,Foundation Type,Foundation Depth,Start Date,End Date,Bedrock,Geology
2004,,Forced Centering,Steel Mast,0,Reinforced Concrete,0,2000-06-19T00:00:00Z,2024-07-05T00:00:00Z,,
2406,,Forced Centering,Pillar,-1.66,Reinforced Concrete,2,2012-01-31T00:00:00Z,9999-01-01T00:00:00Z,,
AHTI,,Forced Centering,Wyatt/Agnew Drilled-Braced,-1.5,Stainless Steel Rods,10,2009-01-01T00:00:00Z,9999-01-01T00:00:00Z,Sandstone,Site On Flat Linear Ridge Line With Steepening Slopes To The North And South.
AKTO,,Forced Centering,Wyatt/Agnew Drilled-Braced,-1.5,Stainless Steel Rods,10,2006-04-27T00:00:00Z,9999-01-01T00:00:00Z,Sandstone,
ALS1,,Forced Centering,Steel Mast,-2.1,Stainless Steel Rods,4,2023-02-24T01:08:38Z,2024-02-26T00:00:00Z,,
ALS2,,Forced Centering,Steel Mast,-0.5,Stainless Steel Rods,1.5,2023-02-23T01:17:02Z,2024-03-14T00:00:00Z,,
ANAU,,Forced Centering,Wyatt/Agnew Drilled-Braced,-1.42,Stainless Steel Rods,10,2010-06-01T00:00:00Z,9999-01-01T00:00:00Z,,Top Of Narrow Hill
ARTA,,Forced Centering,Pillar,-1.017,Reinforced Concrete,2,2008-11-05T00:00:00Z,9999-01-01T00:00:00Z,,
ATIA,,Forced Centering,Pillar,-1,Reinforced Concrete,2,2006-10-12T00:00:00Z,2006-11-08T00:00:00Z,,
AUCK,50209M001,Forced Centering,Pillar,-1.28,Reinforced Concrete,2,1995-09-18T00:00:00Z,9999-01-01T00:00:00Z,Limestone,From Sitelog: The Strata Are Superficially Folded.  Basement Is Jurassic Greywacke At About 200-300 M Depth.
AUKT,50216M001,Forced Centering,Steel Mast,-2.52,Stainless Steel Rod,0,2009-09-22T00:00:00Z,9999-01-01T00:00:00Z,,
AVLN,,Forced Centering,Steel Mast,-14.16,Stainless Steel Rod,0,2006-02-24T00:00:00Z,9999-01-01T00:00:00Z,,
BHST,,Forced Centering,Wyatt/Agnew Drilled-Braced,-1.55,Stainless Steel Rods,10,2008-06-12T00:00:00Z,9999-01-01T00:00:00Z,Greywacke,
BIRF,,Forced Centering,Pillar,-1.37,Reinforced Concrete,2,2005-01-26T00:00:00Z,9999-01-01T00:00:00Z,Sandstone,
BLUF,50234M001,Forced Centering,Pillar,-1.265,Reinforced Concrete,2,2004-03-05T00:00:00Z,9999-01-01T00:00:00Z,,"Mapped As Mi: Devonian-Cretaceous Gabbro, Norite, Peridotite And Serpentinite."
BM8A,,Unmarked Mark,Steel Mast,-0.95,Stainless Steel Rod,0,2013-01-29T00:00:00Z,2016-05-06T00:00:00Z,,
BNET,,Forced Centering,Pillar,-0.45,Reinforced Concrete,2,2005-02-15T00:00:00Z,9999-01-01T00:00:00Z,Sandstone,
BTHL,,Forced Centering,Wyatt/Agnew Drilled-Braced,-1.58,Stainless Steel Rods,10,2009-01-13T00:00:00Z,9999-01-01T00:00:00Z,,Flat Top Hill Gently Sloping To The North.
CAST,,Forced Centering,Wyatt/Agnew Drilled-Braced,-1.5,Stainless Steel Rods,10,2006-02-08T00:00:00Z,9999-01-01T00:00:00Z,Limestone,
CHAT,50207M001,Forced Centering,Pillar,-0.7,Reinforced Concrete,2,1995-10-04T00:00:00Z,2012-05-23T00:00:00Z,Andesite,
CHTI,50242M001,Forced Centering,Shallow Rod / Braced Antenna Mount,-1.2,Stainless Steel Rods,2.5,2007-12-10T00:00:00Z,9999-01-01T00:00:00Z,Basalt,
CKID,,Forced Centering,Wyatt/Agnew Drilled-Braced,-1.5,Stainless Steel Rods,10,2006-05-23T00:00:00Z,9999-01-01T00:00:00Z,Sandstone,
CLIM,,Forced Centering,Wyatt/Agnew Drilled-Braced,-1.61,Stainless Steel Rods,10,2005-10-18T00:00:00Z,9999-01-01T00:00:00Z,Greywacke,
CLRR,,Forced Centering,Wyatt/Agnew Drilled-Braced,-1.51,Stainless Steel Rods,10,2017-02-12T00:00:00Z,9999-01-01T00:00:00Z,,
CLS3,,Not Specified,Unknown,0,Unknown,0,2011-06-21T00:00:00Z,2015-09-22T00:00:00Z,,
CLS4,,Not Specified,Unknown,0,Unknown,0,2011-06-21T00:00:00Z,9999-01-01T00:00:00Z,,
CLS5,,Not Specified,Unknown,0,Unknown,0,2011-06-21T00:00:00Z,9999-01-01T00:00:00Z,,
CLS6,,Not Specified,Unknown,0,Unknown,0,2011-10-13T00:00:00Z,2016-08-28T00:00:00Z,,
CLSG,,Unmarked Mark,Unknown,0,Unknown,0,2011-03-02T00:00:00Z,2011-06-21T00:00:00Z,,
CLSK,,Unmarked Mark,Unknown,0,Unknown,0,2011-03-02T00:00:00Z,2017-06-29T00:00:00Z,,
CMBL,,Forced Centering,Pillar,-1.445,Reinforced Concrete,2,2003-12-03T00:00:00Z,9999-01-01T00:00:00Z,Limestone,
CNCL,,Forced Centering,Pillar,-0.4,Reinforced Concrete,2,2000-02-05T00:00:00Z,9999-01-01T00:00:00Z,Schist,
CNST,,Forced Centering,Wyatt/Agnew Drilled-Braced,-1.6,Stainless Steel Rods,10,2007-02-22T00:00:00Z,9999-01-01T00:00:00Z,Limestone,
CORM,50226M001,Forced Centering,Pillar,-1.2,Reinforced Concrete,2,2003-05-09T00:00:00Z,9999-01-01T00:00:00Z,Rhyolite,
DBHI,,Forced Centering,Wyatt/Agnew Drilled-Braced,-1.57,Stainless Steel Rods,10,2024-11-06T00:00:00Z,9999-01-01T00:00:00Z,,
DNVK,50224M001,Forced Centering,Pillar,-1.15,Reinforced Concrete,2,2002-06-05T00:00:00Z,9999-01-01T00:00:00Z,Greywacke,
DUND,50212M003,Forced Centering,Shallow Rod / Braced Antenna Mount,-1.25,Stainless Steel Rods,2.5,2005-08-10T00:00:00Z,9999-01-01T00:00:00Z,Basalt,
DUNT,50212S001,Forced Centering,Steel Mast,-4.5,Stainless Steel Rod,0,1999-09-23T00:00:00Z,9999-01-01T00:00:00Z,Basalt,
DURV,,Forced Centering,Pillar,-999,Reinforced Concrete,2,2005-03-09T00:00:00Z,9999-01-01T00:00:00Z,,"Mapped As Ymm, Permian Serpentinite, Dunite, Peridotite."
ERWO,,Forced Centering,Wyatt/Agnew Drilled-Braced,-1.5,Stainless Steel Rods,10,2025-06-17T00:00:00Z,9999-01-01T00:00:00Z,Gravel,"Generally unweathered bouldery till, mixtures of gravel/sand/silt/clay, in well-defined valley moraines."
FALE,50601S001,Forced Centering,Pillar,-2,Reinforced Concrete,2,1999-01-01T00:00:00Z,9999-01-01T00:00:00Z,,
FOX1,,Unmarked Mark,Unknown,0,Reinforced Concrete,0,2019-02-05T00:00:00Z,9999-01-01T00:00:00Z,,concrete block on fast moving 10cm/day landslide
FRTN,,Forced Centering,Wyatt/Agnew Drilled-Braced,-1.545,Stainless Steel Rods,10,2011-01-01T00:00:00Z,9999-01-01T00:00:00Z,Sandstone,
GDS1,,Unmarked Mark,Unknown,-0.872,Unknown,0,2016-11-16T00:00:00Z,2018-01-16T00:00:00Z,,
GISB,50223M001,Forced Centering,Pillar,-1.225,Reinforced Concrete,2,2002-05-14T00:00:00Z,9999-01-01T00:00:00Z,Sandstone,
GLDB,50230M001,Forced Centering,Pillar,-1.325,Reinforced Concrete,2,2004-01-14T00:00:00Z,9999-01-01T00:00:00Z,Schist,
GLOK,,Forced Centering,Wyatt/Agnew Drilled-Braced,-1.56,Stainless Steel Rods,10,2017-03-28T00:00:00Z,9999-01-01T00:00:00Z,Sandstone,Sandstone And Mudstone
GNBK,,Forced Centering,Wyatt/Agnew Drilled-Braced,-1.43,Stainless Steel Rods,10,2008-03-27T00:00:00Z,9999-01-01T00:00:00Z,Sandstone,"Mapped As Qt, Quaternary Marine Deposits On Coastal Benches.  Forms Flat Terrace Tops Which Are Incised By Waterways."
GRAC,,Forced Centering,Steel Mast,-9.99,Stainless Steel Rod,0,2002-03-22T00:00:00Z,2006-08-28T00:00:00Z,,
GRNG,,Forced Centering,Wyatt/Agnew Drilled-Braced,-1.613,Stainless Steel Rods,10,2007-06-14T00:00:00Z,9999-01-01T00:00:00Z,Sandstone,
GUNR,,Forced Centering,Shallow Rod / Braced Antenna Mount,-1.195,Stainless Steel Rods,2.5,2010-01-27T00:00:00Z,9999-01-01T00:00:00Z,,site closed in 2018 because on a landslide
HAAS,50237M001,Forced Centering,Pillar,-1.2,Reinforced Concrete,2,2004-06-22T00:00:00Z,9999-01-01T00:00:00Z,Schist,
HAMT,50222M001,Forced Centering,Pillar,-1.38,Reinforced Concrete,2,2003-05-13T00:00:00Z,9999-01-01T00:00:00Z,Sandstone,
HANA,,Forced Centering,Wyatt/Agnew Drilled-Braced,-1.57,Stainless Steel Rods,10,2007-02-26T00:00:00Z,9999-01-01T00:00:00Z,Sandstone,
HANM,,Forced Centering,Wyatt/Agnew Drilled-Braced,-1.505,Stainless Steel Rods,10,2014-05-07T00:00:00Z,9999-01-01T00:00:00Z,,
HAST,50221M001,Forced Centering,Pillar,-1.55,Reinforced Concrete,2,2002-09-19T00:00:00Z,9999-01-01T00:00:00Z,Sandstone,
HIKB,50225M001,Forced Centering,Pillar,-1.2,Reinforced Concrete,2,2003-05-01T00:00:00Z,9999-01-01T00:00:00Z,Sandstone,
HOKI,50211M001,Forced Centering,Pillar,-2,Reinforced Concrete,2,1998-06-01T00:00:00Z,9999-01-01T00:00:00Z,Sandstone,
HOLD,,Forced Centering,Wyatt/Agnew Drilled-Braced,-1.15,Stainless Steel Rods,10,2007-02-12T00:00:00Z,9999-01-01T00:00:00Z,Greywacke,
HORN,,Forced Centering,Pillar,-0.4,Reinforced Concrete,2,2002-11-01T00:00:00Z,9999-01-01T00:00:00Z,Sandstone,
HSPA,,Forced Centering,Wyatt/Agnew Drilled-Braced,-1.7,Stainless Steel Rods,10,2025-02-26T00:00:00Z,9999-01-01T00:00:00Z,Schist,
IFMA,,Forced Centering,Wyatt/Agnew Drilled-Braced,-1.5,Stainless Steel Rods,10,2025-03-12T00:00:00Z,9999-01-01T00:00:00Z,Semischist,"Planar-foliated, low-grade psammitic/pelitic semischist, minor low-grade metatuff and metachert, TZIIB."
JTGT,,Forced Centering,Steel Mast,-2.6,Wooden Pier,0,2025-02-20T00:00:00Z,9999-01-01T00:00:00Z,,
KAHU,,Forced Centering,Wyatt/Agnew Drilled-Braced,-1.5,Stainless Steel Rods,10,2006-04-19T00:00:00Z,9999-01-01T00:00:00Z,Limestone,
KAIK,50231M001,Forced Centering,Pillar,-1.27,Reinforced Concrete,2,2004-01-30T00:00:00Z,9999-01-01T00:00:00Z,Greywacke,
KAPT,,Forced Centering,Pillar,-1.275,Reinforced Concrete,2,2004-06-10T00:00:00Z,9999-01-01T00:00:00Z,Greywacke,
KARA,,Forced Centering,Pillar,-0.4,Reinforced Concrete,2,2000-02-04T00:00:00Z,9999-01-01T00:00:00Z,Schist,
KAWK,,Forced Centering,Wyatt/Agnew Drilled-Braced,-1.5,Stainless Steel Rods,10,2010-06-02T00:00:00Z,9999-01-01T00:00:00Z,,
KERE,,Forced Centering,Wyatt/Agnew Drilled-Braced,-1.5,Stainless Steel Rods,10,2006-05-17T00:00:00Z,9999-01-01T00:00:00Z,Greywacke,
KOKO,,Forced Centering,Pillar,-1.308,Reinforced Concrete,2,2004-11-03T00:00:00Z,9999-01-01T00:00:00Z,Limestone,
KORO,,Forced Centering,Wyatt/Agnew Drilled-Braced,-1.15,Stainless Steel Rods,10,2007-06-14T00:00:00Z,9999-01-01T00:00:00Z,Sandstone,
KTIA,50241M001,Forced Centering,Wyatt/Agnew Drilled-Braced,-1.475,Stainless Steel Rods,10,2007-05-03T00:00:00Z,9999-01-01T00:00:00Z,Sandstone,Drilled Into Silica Sand On Top Of Broad Hill.  Further Down The Hill Are Layered Sediments Including Very Hard Silica Concretions/Lenses.
KUTA,,Forced Centering,Wyatt/Agnew Drilled-Braced,-1.499,Stainless Steel Rods,10,2010-04-07T00:00:00Z,9999-01-01T00:00:00Z,Sandstone,
LDRZ,50256M001,Forced Centering,Pillar,-1.562,Reinforced Concrete,2,1976-01-01T00:00:00Z,9999-01-01T00:00:00Z,,
LEVN,,Forced Centering,Wyatt/Agnew Drilled-Braced,-1.64,Stainless Steel Rods,10,2008-06-30T00:00:00Z,9999-01-01T00:00:00Z,Sandstone,
LEXA,50236M001,Forced Centering,Pillar,-1.27,Reinforced Concrete,2,2004-03-18T00:00:00Z,9999-01-01T00:00:00Z,Schist,
LEYL,,Forced Centering,Wyatt/Agnew Drilled-Braced,-1.15,Stainless Steel Rods,10,2007-02-19T00:00:00Z,9999-01-01T00:00:00Z,Sandstone,
LKTA,50233M001,Forced Centering,Pillar,-1.289,Reinforced Concrete,2,2004-02-01T00:00:00Z,9999-01-01T00:00:00Z,Sandstone,
LOK1,,Unmarked Mark,Unknown,-0.899,Unknown,0,2016-11-15T00:00:00Z,2017-11-02T00:00:00Z,,
LOOK,,Forced Centering,Wyatt/Agnew Drilled-Braced,-1.592,Stainless Steel Rods,10,2017-03-28T00:00:00Z,9999-01-01T00:00:00Z,Basalt,Lookout Formation - Trachy-Basalt And Andesite Lava Flows With Soil Cover
LRR1,,Forced Centering,Steel Mast,0,Stainless Steel Rod,0,2016-11-15T00:00:00Z,9999-01-01T00:00:00Z,,
LY2T,,Forced Centering,Steel Mast,-2.1,Reinforced Concrete,0,2024-08-22T00:00:00Z,9999-01-01T00:00:00Z,Siltstone,
LYTT,50214S001,Forced Centering,Steel Mast,-3.5,Stainless Steel Rod,0,1999-11-01T00:00:00Z,9999-01-01T00:00:00Z,Siltstone,
MAHA,,Forced Centering,Wyatt/Agnew Drilled-Braced,-1.44,Stainless Steel Rods,10,2009-11-16T00:00:00Z,9999-01-01T00:00:00Z,Schist,
MAHI,,Forced Centering,Wyatt/Agnew Drilled-Braced,-1.5,Stainless Steel Rods,10,2007-02-20T00:00:00Z,9999-01-01T00:00:00Z,Limestone,
MAHO,50229M001,Forced Centering,Pillar,-1.185,Reinforced Concrete,2,2004-02-29T00:00:00Z,9999-01-01T00:00:00Z,Limestone,
MAKO,,Forced Centering,Wyatt/Agnew Drilled-Braced,-1.49,Stainless Steel Rods,10,2010-01-01T00:00:00Z,9999-01-01T00:00:00Z,,
MANG,,Forced Centering,Pillar,-1.395,Reinforced Concrete,2,2005-02-03T00:00:00Z,9999-01-01T00:00:00Z,Greywacke,
MAST,50220M001,Forced Centering,Pillar,-1.45,Reinforced Concrete,2,2002-12-19T00:00:00Z,2016-06-08T00:00:00Z,Sandstone,
MATW,,Forced Centering,Pillar,-1.38,Reinforced Concrete,2,2004-04-09T00:00:00Z,9999-01-01T00:00:00Z,Sandstone,
MAVL,50235M001,Forced Centering,Pillar,-1.2,Reinforced Concrete,2,2004-05-17T00:00:00Z,9999-01-01T00:00:00Z,Basalt,
MCNL,,Forced Centering,Wyatt/Agnew Drilled-Braced,-1.507,Stainless Steel Rods,10,2008-05-26T00:00:00Z,9999-01-01T00:00:00Z,Sandstone,
METH,50251M001,Forced Centering,Wyatt/Agnew Drilled-Braced,-1.56,Stainless Steel Rods,6,2010-08-01T00:00:00Z,9999-01-01T00:00:00Z,,
MING,,Forced Centering,Wyatt/Agnew Drilled-Braced,-1.54,Stainless Steel Rods,10,2010-04-28T00:00:00Z,9999-01-01T00:00:00Z,,
MKNO,,Forced Centering,Wyatt/Agnew Drilled-Braced,-1.551,Stainless Steel Rods,10,2011-05-11T00:00:00Z,9999-01-01T00:00:00Z,,
MKP1,,Forced Centering,Steel Mast,-2,Ground Screw,0.5,2025-03-17T00:00:00Z,9999-01-01T00:00:00Z,Sandstone,Landslide deposit
MKP2,,Forced Centering,Steel Mast,-2,Ground Screw,0.5,2025-03-18T00:00:00Z,9999-01-01T00:00:00Z,Sandstone,Landslide deposit
MKTR,,Forced Centering,Wyatt/Agnew Drilled-Braced,-1.70,Stainless Steel Rods,10,2025-03-04T00:00:00Z,9999-01-01T00:00:00Z,,
MNHR,,Forced Centering,Wyatt/Agnew Drilled-Braced,-1.58,Stainless Steel Rods,10,2011-02-16T00:00:00Z,9999-01-01T00:00:00Z,,
MNMW,,Forced Centering,Wyatt/Agnew Drilled-Braced,-1.635,Stainless Steel Rods,10,2023-09-21T00:00:00Z,9999-01-01T00:00:00Z,,
MQZG,50214M001,Forced Centering,Pillar,-0.95,Reinforced Concrete,2,1999-09-27T00:00:00Z,9999-01-01T00:00:00Z,Rhyolite,
MRBL,,Forced Centering,Wyatt/Agnew Drilled-Braced,-1.5,Stainless Steel Rods,10,2014-06-01T00:00:00Z,9999-01-01T00:00:00Z,,
MTBL,,Forced Centering,Wyatt/Agnew Drilled-Braced,-1.483,Stainless Steel Rods,10,2008-03-27T00:00:00Z,9999-01-01T00:00:00Z,Sandstone,"Mapped As Qt, Quaternary Marine Deposits On Coastal Benches.  Forms Flat Terrace Tops Which Are Incised By Waterways."
MTJO,50204M001,Forced Centering,Pillar,-2.4,Reinforced Concrete,2,2000-07-31T00:00:00Z,9999-01-01T00:00:00Z,Greywacke,
MTPR,,Forced Centering,Shallow Rod / Braced Antenna Mount,-1.262,Stainless Steel Rods,2.5,2010-01-27T00:00:00Z,9999-01-01T00:00:00Z,,
MTQN,,Forced Centering,Wyatt/Agnew Drilled-Braced,-1.51,Stainless Steel Rods,10,2008-06-30T00:00:00Z,9999-01-01T00:00:00Z,Greywacke,Mt Quoin In South Tararuas
MUL1,,Unmarked Mark,Unknown,-0.797,Unknown,0,2016-11-16T00:00:00Z,2018-01-15T00:00:00Z,,
MWOR,,Forced Centering,Wyatt/Agnew Drilled-Braced,-1.50,Stainless Steel Rods,10,2024-12-04T00:00:00Z,9999-01-01T00:00:00Z,Breccia,"Laharic breccia of andesite cobbles in a muddy matrix, and conglomerate and sand with interbedded peat."
NETT,,Forced Centering,Pillar,-0.4,Reinforced Concrete,2,2002-02-17T00:00:00Z,9999-01-01T00:00:00Z,,Bedrock Info For This Area Not Available On Geological Map
NIUC,,Forced Centering,Pillar,-9.99,Reinforced Concrete,2,1996-11-13T00:00:00Z,2003-12-31T00:00:00Z,,
NIUM,50210M001,Forced Centering,Shallow Rod / Braced Antenna Mount,-1.5,Stainless Steel Rods,2.5,2005-09-14T00:00:00Z,9999-01-01T00:00:00Z,Limestone,
NLS1,,Not Specified,Unknown,-1,Unknown,0,2011-12-19T00:00:00Z,2013-11-14T00:00:00Z,,
NLS2,,Not Specified,Unknown,-1,Unknown,0,2011-12-20T00:00:00Z,2013-11-14T00:00:00Z,,
NLS3,,Not Specified,Unknown,-0.987,Unknown,0,2022-08-24T04:31:08Z,9999-01-01T00:00:00Z,,
NLS4,,Not Specified,Unknown,-1.296,Unknown,0,2022-08-24T01:22:38Z,9999-01-01T00:00:00Z,,
NLSN,50232M001,Forced Centering,Pillar,-1.31,Reinforced Concrete,2,2004-02-06T00:00:00Z,9999-01-01T00:00:00Z,Basalt,
NMAI,,Forced Centering,Wyatt/Agnew Drilled-Braced,-1.43,Stainless Steel Rods,10,2008-02-13T00:00:00Z,9999-01-01T00:00:00Z,Limestone,
NPLY,50227M001,Forced Centering,Pillar,-1.53,Reinforced Concrete,2,2003-03-20T00:00:00Z,9999-01-01T00:00:00Z,Sandstone,
NRRD,,Forced Centering,Wyatt/Agnew Drilled-Braced,-1.516,Stainless Steel Rods,10,2008-03-27T00:00:00Z,9999-01-01T00:00:00Z,Greywacke,Greywacke
NRSW,,Forced Centering,Wyatt/Agnew Drilled-Braced,-1.585,Stainless Steel Rods,10,2011-01-18T00:00:00Z,9999-01-01T00:00:00Z,,
NSFT,,Forced Centering,Steel Mast,-3.65,Reinforced Concrete,0,2024-09-23T00:00:00Z,9999-01-01T00:00:00Z,,
NTGT,,Forced Centering,Steel Mast,-2.59,Reinforced Concrete,0,2024-01-15T00:00:00Z,9999-01-01T00:00:00Z,,
OHIN,,Forced Centering,Wyatt/Agnew Drilled-Braced,-1.6,Stainless Steel Rods,10,2008-09-03T00:00:00Z,9999-01-01T00:00:00Z,Sandstone,"Sandstone, Siltstone, Mudstone Sequence."
OKOH,,Forced Centering,Wyatt/Agnew Drilled-Braced,-1.56,Stainless Steel Rods,10,2009-11-16T00:00:00Z,9999-01-01T00:00:00Z,Greywacke,
OPTK,,Forced Centering,Wyatt/Agnew Drilled-Braced,-1.46,Stainless Steel Rods,10,2009-08-20T00:00:00Z,9999-01-01T00:00:00Z,,
OROA,,Forced Centering,Wyatt/Agnew Drilled-Braced,0,Stainless Steel Rods,10,2010-11-08T00:00:00Z,9999-01-01T00:00:00Z,Sandstone,
ORRG,,Forced Centering,Wyatt/Agnew Drilled-Braced,-1.5,Stainless Steel Rods,10,2024-12-05T00:00:00Z,9999-01-01T00:00:00Z,Tuff,"Lithic tuff, comprising comminuted pre-volcanic materials with basaltic fragments, and unconsolidated ash and lapilli deposits of well-sorted basalt and basanite fragments."
OTAK,,Forced Centering,Wyatt/Agnew Drilled-Braced,-1.5,Stainless Steel Rods,10,2007-03-07T00:00:00Z,9999-01-01T00:00:00Z,Greywacke,
OUSD,50212M001,Forced Centering,Steel Mast,-1.5,Stainless Steel Rod,0,1995-01-16T00:00:00Z,9999-01-01T00:00:00Z,Sandstone,
PAEK,50215M001,Forced Centering,Pillar,-1.315,Reinforced Concrete,2,2002-03-22T00:00:00Z,9999-01-01T00:00:00Z,Greywacke,
PAKI,,Forced Centering,Wyatt/Agnew Drilled-Braced,-1.4,Stainless Steel Rods,10,2010-06-22T00:00:00Z,9999-01-01T00:00:00Z,Greywacke,
PALI,,Forced Centering,Shallow Rod / Braced Antenna Mount,-1.48,Stainless Steel Rods,2.5,2007-02-12T00:00:00Z,9999-01-01T00:00:00Z,Greywacke,
PARI,,Forced Centering,Wyatt/Agnew Drilled-Braced,-1.54,Stainless Steel Rods,10,2007-02-24T00:00:00Z,9999-01-01T00:00:00Z,Limestone,
PARW,,Forced Centering,Pillar,-1.32,Reinforced Concrete,2,2004-06-10T00:00:00Z,9999-01-01T00:00:00Z,Greywacke,
PAWA,,Forced Centering,Pillar,-1.39,Reinforced Concrete,2,2005-01-01T00:00:00Z,9999-01-01T00:00:00Z,Sandstone,
PGKH,,Forced Centering,Shallow Rod / Braced Antenna Mount,-1.22,Stainless Steel Rods,2.5,2014-05-08T00:00:00Z,9999-01-01T00:00:00Z,,
PGNE,,Forced Centering,Shallow Rod / Braced Antenna Mount,-1.12,Stainless Steel Rods,2.5,2014-05-08T00:00:00Z,9999-01-01T00:00:00Z,,
PILK,,Forced Centering,Pillar,-0.4,Reinforced Concrete,2,2000-11-03T00:00:00Z,9999-01-01T00:00:00Z,Schist,
PKNO,,Forced Centering,Wyatt/Agnew Drilled-Braced,-1.575,Stainless Steel Rods,10,2010-01-01T00:00:00Z,9999-01-01T00:00:00Z,Sandstone,
PKTP,,Forced Centering,Wyatt/Agnew Drilled-Braced,-1.635,Stainless Steel Rods,10,2024-05-03T00:00:00Z,9999-01-01T00:00:00Z,,
PNUI,,Forced Centering,Wyatt/Agnew Drilled-Braced,-1.5,Stainless Steel Rods,10,2006-06-29T00:00:00Z,9999-01-01T00:00:00Z,Greywacke,
PORA,,Forced Centering,Wyatt/Agnew Drilled-Braced,-1.56,Stainless Steel Rods,10,2006-01-31T00:00:00Z,9999-01-01T00:00:00Z,Sandstone,
PRTU,,Forced Centering,Wyatt/Agnew Drilled-Braced,-1.433,Stainless Steel Rods,10,2009-08-17T00:00:00Z,9999-01-01T00:00:00Z,Sandstone,
PTOI,,Forced Centering,Wyatt/Agnew Drilled-Braced,-1.5,Stainless Steel Rods,10,2006-03-21T00:00:00Z,9999-01-01T00:00:00Z,Sandstone,
PUKE,,Forced Centering,Pillar,-1.55,Reinforced Concrete,2,2004-02-16T00:00:00Z,9999-01-01T00:00:00Z,Limestone,
PYGR,50240M001,Forced Centering,Shallow Rod / Braced Antenna Mount,-1.15,Stainless Steel Rods,2.5,2006-12-04T00:00:00Z,9999-01-01T00:00:00Z,Greywacke,
QUAR,,Forced Centering,Pillar,-0.6,Reinforced Concrete,2,2000-02-05T00:00:00Z,9999-01-01T00:00:00Z,Sandstone,
RAHI,,Forced Centering,Wyatt/Agnew Drilled-Braced,-1.55,Stainless Steel Rods,10,2008-05-14T00:00:00Z,9999-01-01T00:00:00Z,Limestone,
RAKW,,Forced Centering,Wyatt/Agnew Drilled-Braced,-1.478,Stainless Steel Rods,10,2011-02-16T00:00:00Z,9999-01-01T00:00:00Z,Sandstone,
RAUL,,Forced Centering,Shallow Rod / Braced Antenna Mount,-1.457,Stainless Steel Rods,2.5,2009-05-16T00:00:00Z,9999-01-01T00:00:00Z,,
RAUM,,Forced Centering,Wyatt/Agnew Drilled-Braced,0,Stainless Steel Rods,10,2011-05-19T00:00:00Z,9999-01-01T00:00:00Z,Greywacke,
RAWI,,Forced Centering,Wyatt/Agnew Drilled-Braced,-1.33,Stainless Steel Rods,10,2009-01-01T00:00:00Z,9999-01-01T00:00:00Z,Sandstone,On Ridge Line
RCHD,,Forced Centering,Wyatt/Agnew Drilled-Braced,-1.54,Stainless Steel Rods,10,2019-08-27T00:00:00Z,9999-01-01T00:00:00Z,Schist,fractured bedrock
RDLV,,Forced Centering,Wyatt/Agnew Drilled-Braced,-1.5,Stainless Steel Rods,10,2008-12-01T00:00:00Z,9999-01-01T00:00:00Z,,Quaternary Fluvial Gravels Terrace Or Anticline
RGAR,,Forced Centering,Wyatt/Agnew Drilled-Braced,-1.5,Stainless Steel Rods,10,2007-11-07T00:00:00Z,9999-01-01T00:00:00Z,Ignimbrite,
RGAW,,Forced Centering,Wyatt/Agnew Drilled-Braced,-1.56,Stainless Steel Rods,10,2009-03-24T00:00:00Z,9999-01-01T00:00:00Z,Ignimbrite,Near Broad Ridgeline Next To Stand Of Bushes
RGCR,,Forced Centering,Wyatt/Agnew Drilled-Braced,-1.61,Stainless Steel Rods,10,2007-02-12T00:00:00Z,9999-01-01T00:00:00Z,Rhyolite,
RGHD,,Forced Centering,Shallow Rod / Braced Antenna Mount,-1.28,Stainless Steel Rods,2.5,2012-02-01T00:00:00Z,9999-01-01T00:00:00Z,,
RGHL,,Forced Centering,Wyatt/Agnew Drilled-Braced,-1.5,Stainless Steel Rods,10,2008-12-03T00:00:00Z,9999-01-01T00:00:00Z,Ignimbrite,Site Built On A Ridge Line That Is Adjacent To A Fult Scarp.
RGHR,,Forced Centering,Wyatt/Agnew Drilled-Braced,-1.64,Stainless Steel Rods,10,2007-02-07T00:00:00Z,9999-01-01T00:00:00Z,Ignimbrite,
RGKA,,Forced Centering,Wyatt/Agnew Drilled-Braced,-1.501,Stainless Steel Rods,10,2006-04-01T00:00:00Z,9999-01-01T00:00:00Z,Ignimbrite,
RGKW,,Forced Centering,Wyatt/Agnew Drilled-Braced,-1.54,Stainless Steel Rods,10,2008-11-28T00:00:00Z,9999-01-01T00:00:00Z,,
RGLI,,Forced Centering,Pillar,-1.151,Reinforced Concrete,2,2005-11-15T00:00:00Z,9999-01-01T00:00:00Z,Rhyolite,
RGMK,,Forced Centering,Pillar,-1.34,Reinforced Concrete,2,2004-10-06T00:00:00Z,9999-01-01T00:00:00Z,Rhyolite,
RGMT,,Forced Centering,Wyatt/Agnew Drilled-Braced,-1.49,Stainless Steel Rods,10,2007-10-30T00:00:00Z,9999-01-01T00:00:00Z,Ignimbrite,
RGON,,Forced Centering,Wyatt/Agnew Drilled-Braced,-1.5,Stainless Steel Rods,10,2009-08-25T00:00:00Z,9999-01-01T00:00:00Z,Ignimbrite,On Broad Hill Top
RGOP,,Forced Centering,Wyatt/Agnew Drilled-Braced,-1.634,Stainless Steel Rods,10,2007-02-22T00:00:00Z,9999-01-01T00:00:00Z,Rhyolite,
RGRE,,Forced Centering,Wyatt/Agnew Drilled-Braced,-1.64,Stainless Steel Rods,10,2007-02-08T00:00:00Z,9999-01-01T00:00:00Z,Rhyolite,
RGRR,,Forced Centering,Wyatt/Agnew Drilled-Braced,-1.355,Stainless Steel Rods,10,2007-12-11T00:00:00Z,9999-01-01T00:00:00Z,Ignimbrite,
RGTA,,Forced Centering,Wyatt/Agnew Drilled-Braced,-1.5,Stainless Steel Rods,10,2007-10-10T00:00:00Z,9999-01-01T00:00:00Z,Rhyolite,
RGUT,,Forced Centering,Pillar,-1.145,Reinforced Concrete,2,2005-12-15T00:00:00Z,9999-01-01T00:00:00Z,Ignimbrite,
RGWC,,Forced Centering,Shallow Rod / Braced Antenna Mount,-1.17,Stainless Steel Rods,2.5,2014-01-29T00:00:00Z,2023-12-01T00:00:00Z,,
RGWI,,Forced Centering,Shallow Rod / Braced Antenna Mount,-1.16,Stainless Steel Rods,2.5,2011-09-27T00:00:00Z,2023-12-01T00:00:00Z,,
RGWV,,Forced Centering,Wyatt/Agnew Drilled-Braced,-1.5,Stainless Steel Rods,10,2009-09-04T00:00:00Z,9999-01-01T00:00:00Z,Ignimbrite,
RIPA,,Forced Centering,Pillar,-1.6,Reinforced Concrete,2,2004-02-20T00:00:00Z,9999-01-01T00:00:00Z,Sandstone,
RLTN,,Forced Centering,Shallow Rod / Braced Antenna Mount,-1.760,Stainless Steel Rods,3.2,2020-03-31T00:00:00Z,9999-01-01T00:00:00Z,Bedrock,Highly Weathered Diorite
SCTB,66071M001,Forced Centering,Pillar,-0.361,Reinforced Concrete,2,2004-10-28T00:00:00Z,9999-01-01T00:00:00Z,,
SCTY,,Forced Centering,Shallow Rod / Braced Antenna Mount,-1.736,Stainless Steel Rods,3.2,2020-03-31T00:00:00Z,9999-01-01T00:00:00Z,Bedrock,Highly Weathered Meta Sedimentary
SEDD,,Forced Centering,Wyatt/Agnew Drilled-Braced,-1.53,Stainless Steel Rods,10,2014-06-01T00:00:00Z,9999-01-01T00:00:00Z,,Situated On Quaternary Gravels. Depth To Underlying Strata Unknown.
SMRG,,Forced Centering,Wyatt/Agnew Drilled-Braced,-1.6,Stainless Steel Rods,10,2025-03-13T00:00:00Z,9999-01-01T00:00:00Z,Schist,"Prominently planar-foliated, psammitic/pelitic schist"
SNST,,Forced Centering,Wyatt/Agnew Drilled-Braced,-1.52,Stainless Steel Rods,10,2009-01-01T00:00:00Z,9999-01-01T00:00:00Z,Mudstone,Top Of Ridge Line Adjacent To Steep Grassy Slope
SSFT,,Forced Centering,Steel Mast,-4.09,Reinforced Concrete,0.5,2024-10-16T00:00:00Z,9999-01-01T00:00:00Z,,
SUTT,,Forced Centering,Wyatt/Agnew Drilled-Braced,-1.5,Stainless Steel Rods,10,2016-05-26T00:00:00Z,9999-01-01T00:00:00Z,,
TAKL,50216S001,Forced Centering,Pillar,-3.2,Reinforced Concrete,2,2001-07-11T00:00:00Z,2007-07-05T00:00:00Z,,
TAKP,,Forced Centering,Pillar,-1.09,Reinforced Concrete,2,2004-01-14T00:00:00Z,9999-01-01T00:00:00Z,Greywacke,
TAUP,50217M001,Forced Centering,Pillar,-1.15,Reinforced Concrete,2,2002-03-22T00:00:00Z,9999-01-01T00:00:00Z,Rhyolite,
TAUW,,Forced Centering,Wyatt/Agnew Drilled-Braced,-1.436,Stainless Steel Rods,10,2009-01-01T00:00:00Z,9999-01-01T00:00:00Z,,
TBWT,,Forced Centering,Steel Mast,-2.6,Reinforced Concrete,0.5,2025-02-25T00:00:00Z,9999-01-01T00:00:00Z,,
TEMA,,Forced Centering,Wyatt/Agnew Drilled-Braced,-1.15,Stainless Steel Rods,10,2007-02-12T00:00:00Z,9999-01-01T00:00:00Z,Greywacke,
TEN2,,Forced Centering,Steel Mast,0,Stainless Steel Rod,0,2016-11-16T00:00:00Z,9999-01-01T00:00:00Z,Greywacke,
TENN,,Forced Centering,Wyatt/Agnew Drilled-Braced,-1.61,Stainless Steel Rods,10,2017-03-10T00:00:00Z,9999-01-01T00:00:00Z,Greywacke,
TGHM,,Forced Centering,Steel Mast,-1.5,Stainless Steel Rod,0,2023-05-25T00:00:00Z,9999-01-01T00:00:00Z,,
TGHO,,Forced Centering,Steel Mast,-0.75,Stainless Steel Rod,0,2008-12-22T00:00:00Z,2023-05-25T00:00:00Z,,
TGHR,,Forced Centering,Wyatt/Agnew Drilled-Braced,-1.624,Stainless Steel Rods,10,2006-04-11T00:00:00Z,9999-01-01T00:00:00Z,Ignimbrite,
TGK1,,Forced Centering,Steel Mast,-0.73,Reinforced Concrete,0,2022-12-19T00:00:00Z,9999-01-01T00:00:00Z,,
TGOH,,Forced Centering,Wyatt/Agnew Drilled-Braced,-1.55,Stainless Steel Rods,10,2006-04-01T00:00:00Z,9999-01-01T00:00:00Z,Rhyolite,
TGRA,,Forced Centering,Wyatt/Agnew Drilled-Braced,-1.62,Stainless Steel Rods,10,2006-04-03T00:00:00Z,9999-01-01T00:00:00Z,Rhyolite,
TGRI,,Forced Centering,Pillar,-1.19,Reinforced Concrete,2,2011-04-04T00:00:00Z,9999-01-01T00:00:00Z,,
TGTK,,Forced Centering,Wyatt/Agnew Drilled-Braced,-1.565,Stainless Steel Rods,10,2006-04-01T00:00:00Z,9999-01-01T00:00:00Z,Ignimbrite,
TGWH,,Forced Centering,Wyatt/Agnew Drilled-Braced,-1.65,Stainless Steel Rods,10,2007-02-06T00:00:00Z,9999-01-01T00:00:00Z,Rhyolite,
THAP,,Forced Centering,Wyatt/Agnew Drilled-Braced,0,Stainless Steel Rods,10,2008-06-13T00:00:00Z,9999-01-01T00:00:00Z,Sandstone,
TINT,,Forced Centering,Wyatt/Agnew Drilled-Braced,-1.5,Stainless Steel Rods,10,2006-04-05T00:00:00Z,9999-01-01T00:00:00Z,Sandstone,
TKAR,,Forced Centering,Wyatt/Agnew Drilled-Braced,-1.475,Stainless Steel Rods,10,2010-06-03T00:00:00Z,9999-01-01T00:00:00Z,Limestone,
TKHL,,Forced Centering,Wyatt/Agnew Drilled-Braced,-1.495,Stainless Steel Rods,10,2014-05-20T00:00:00Z,9999-01-01T00:00:00Z,,
TORY,,Forced Centering,Pillar,-1.255,Reinforced Concrete,2,2005-04-20T00:00:00Z,9999-01-01T00:00:00Z,Schist,
TRAV,,Forced Centering,Pillar,-1.407,Reinforced Concrete,2,2005-06-23T00:00:00Z,9999-01-01T00:00:00Z,Greywacke,
TRNG,50219M001,Forced Centering,Pillar,-1.09,Reinforced Concrete,2,2002-12-17T00:00:00Z,9999-01-01T00:00:00Z,Ignimbrite,
TRWH,,Forced Centering,Wyatt/Agnew Drilled-Braced,-1.54,Stainless Steel Rods,10,2010-12-02T00:00:00Z,9999-01-01T00:00:00Z,Greywacke,
TURI,,Forced Centering,Wyatt/Agnew Drilled-Braced,-1.65,Stainless Steel Rods,10,2011-08-12T00:00:00Z,9999-01-01T00:00:00Z,,
UPKR,,Forced Centering,Wyatt/Agnew Drilled-Braced,-1.7,Stainless Steel Rods,10,2025-11-27T00:00:00Z,9999-01-01T00:00:00Z,Gravel,"Multiple beds of unconsolidated andesitic conglomerate and sand, with minor pyroclastic flow deposits."
UTK1,,Not Specified,Steel Mast,-2.2,Stainless Steel Rod,0,2008-07-22T00:00:00Z,9999-01-01T00:00:00Z,,
UTK2,,Not Specified,Steel Mast,-1.7,Stainless Steel Rod,0,2008-07-21T00:00:00Z,9999-01-01T00:00:00Z,,
UTK3,,Not Specified,Steel Mast,-1.7,Stainless Steel Rod,0,2008-07-17T00:00:00Z,9999-01-01T00:00:00Z,,
UTK4,,Not Specified,Steel Mast,-1.7,Stainless Steel Rod,0,2008-07-17T00:00:00Z,9999-01-01T00:00:00Z,,
UTKU,,Forced Centering,Steel Mast,-999,Stainless Steel Rod,0,2008-11-12T00:00:00Z,9999-01-01T00:00:00Z,,
V27B,,Not Specified,Unknown,0,Unknown,0,2011-03-09T00:00:00Z,2013-01-01T00:00:00Z,,
V47B,,Unmarked Mark,Unknown,0,Unknown,0,2011-03-09T00:00:00Z,2017-06-28T00:00:00Z,,
VAVS,,Forced Centering,Steel Mast,-999,Stainless Steel Rod,0,2000-09-20T00:00:00Z,2018-02-11T00:00:00Z,,
VEXA,,Forced Centering,Pillar,-0.4,Reinforced Concrete,2,2000-02-03T00:00:00Z,9999-01-01T00:00:00Z,Schist,
VGDR,,Forced Centering,Pillar,-1.5,Reinforced Concrete,2,2004-04-01T00:00:00Z,9999-01-01T00:00:00Z,,
VGET,,Forced Centering,Shallow Rod / Braced Antenna Mount,-1.16,Stainless Steel Rods,2.5,2014-03-04T00:00:00Z,9999-01-01T00:00:00Z,,
VGFW,,Forced Centering,Pillar,-1.5,Reinforced Concrete,2,2004-03-22T00:00:00Z,9999-01-01T00:00:00Z,Andesite,
VGKR,,Forced Centering,Pillar,-1.17,Reinforced Concrete,2,2004-12-07T00:00:00Z,9999-01-01T00:00:00Z,Andesite,
VGMO,,Forced Centering,Pillar,-1.195,Reinforced Concrete,2,2005-03-31T00:00:00Z,9999-01-01T00:00:00Z,Sandstone,
VGMT,50252M001,Forced Centering,Pillar,-1.05,Reinforced Concrete,2,2005-02-01T00:00:00Z,9999-01-01T00:00:00Z,,
VGNG,,Forced Centering,Shallow Rod / Braced Antenna Mount,-1.51,Stainless Steel Rods,2.5,2014-02-25T00:00:00Z,9999-01-01T00:00:00Z,,
VGNT,,Forced Centering,Shallow Rod / Braced Antenna Mount,-1.361,Stainless Steel Rods,2.5,2016-01-14T00:00:00Z,9999-01-01T00:00:00Z,,
VGOB,,Forced Centering,Pillar,-1.136,Reinforced Concrete,2,2004-02-11T00:00:00Z,9999-01-01T00:00:00Z,Andesite,
VGOT,,Forced Centering,Pillar,-1.19,Reinforced Concrete,2,2004-05-16T00:00:00Z,9999-01-01T00:00:00Z,Andesite,
VGPK,,Forced Centering,Pillar,-1.215,Reinforced Concrete,2,2005-01-21T00:00:00Z,9999-01-01T00:00:00Z,Sandstone,
VGT2,,Iron Rod,Unknown,0,Unknown,0,2012-07-27T00:00:00Z,2012-08-07T00:00:00Z,,
VGT8,,Iron Rod,Unknown,0,Unknown,0,2013-06-06T00:00:00Z,2016-05-10T00:00:00Z,,
VGTM,,Forced Centering,Shallow Rod / Braced Antenna Mount,-1.27,Stainless Steel Rods,2.5,2012-02-01T00:00:00Z,9999-01-01T00:00:00Z,,
VGTR,,Forced Centering,Pillar,-1.39,Reinforced Concrete,2,2005-03-17T00:00:00Z,9999-01-01T00:00:00Z,Andesite,
VGTS,,Forced Centering,Pillar,-1.555,Reinforced Concrete,2,2005-03-17T00:00:00Z,9999-01-01T00:00:00Z,Andesite,
VGWH,,Forced Centering,Pillar,-1.421,Reinforced Concrete,2,2005-02-25T00:00:00Z,9999-01-01T00:00:00Z,Andesite,
VGWN,,Forced Centering,Pillar,-1.14,Reinforced Concrete,2,2005-05-18T00:00:00Z,9999-01-01T00:00:00Z,Andesite,
VGWT,,Forced Centering,Pillar,-1.345,Reinforced Concrete,2,2004-03-19T00:00:00Z,9999-01-01T00:00:00Z,,
WAHU,,Forced Centering,Wyatt/Agnew Drilled-Braced,-1.41,Stainless Steel Rods,10,2009-01-01T00:00:00Z,9999-01-01T00:00:00Z,,Top Of Broad Flat Hill.
WAIM,50239M001,Forced Centering,Pillar,-1.28,Reinforced Concrete,2,2004-12-15T00:00:00Z,9999-01-01T00:00:00Z,Greywacke,
WAKA,,Forced Centering,Pillar,-0.4,Reinforced Concrete,2,2000-11-02T00:00:00Z,9999-01-01T00:00:00Z,Schist,
WANG,50228M001,Forced Centering,Pillar,-1.27,Reinforced Concrete,2,2003-04-10T00:00:00Z,9999-01-01T00:00:00Z,Sandstone,
WARK,50243M001,Forced Centering,Wyatt/Agnew Drilled-Braced,-1.5,Stainless Steel Rods,10,2009-01-01T00:00:00Z,9999-01-01T00:00:00Z,Siltstone,Excavated Flat Bench On Siltstone Bedrock
WEST,50238M001,Forced Centering,Pillar,-1.2,Reinforced Concrete,2,2004-09-22T00:00:00Z,9999-01-01T00:00:00Z,Quartz,
WGTN,50208M003,Forced Centering,Pillar,-0.609,Reinforced Concrete,2,1996-05-17T00:00:00Z,9999-01-01T00:00:00Z,Greywacke,
WGTT,50208S004,Forced Centering,Steel Mast,-999,Stainless Steel Rod,0,1999-12-14T00:00:00Z,9999-01-01T00:00:00Z,,
WHKT,50244M001,Forced Centering,Wyatt/Agnew Drilled-Braced,-1.5,Stainless Steel Rods,10,2009-03-23T00:00:00Z,9999-01-01T00:00:00Z,,
WHNG,50218M001,Forced Centering,Pillar,-1.2,Reinforced Concrete,2,2003-04-09T00:00:00Z,9999-01-01T00:00:00Z,Limestone,
WHVR,,Forced Centering,Wyatt/Agnew Drilled-Braced,-1.535,Stainless Steel Rods,10,2011-09-30T00:00:00Z,9999-01-01T00:00:00Z,,
WIAH,,Forced Centering,Wyatt/Agnew Drilled-Braced,-1.8,Stainless Steel Rods,10,2024-10-09T00:00:00Z,9999-01-01T00:00:00Z,,
WITH,,Forced Centering,Wyatt/Agnew Drilled-Braced,-1.505,Stainless Steel Rods,10,2009-11-09T00:00:00Z,9999-01-01T00:00:00Z,,
WMAT,,Forced Centering,Wyatt/Agnew Drilled-Braced,-1.42,Stainless Steel Rods,10,2009-01-01T00:00:00Z,9999-01-01T00:00:00Z,,
WPAW,,Forced Centering,Wyatt/Agnew Drilled-Braced,-1.5,Stainless Steel Rods,10,2006-04-20T00:00:00Z,9999-01-01T00:00:00Z,Sandstone,
WPUK,,Forced Centering,Wyatt/Agnew Drilled-Braced,-1.5,Stainless Steel Rods,10,2006-04-19T00:00:00Z,9999-01-01T00:00:00Z,Limestone,
WRA1,,Iron Rod,Unknown,0,Unknown,0,2016-11-15T00:00:00Z,9999-01-01T00:00:00Z,,
WRAU,,Forced Centering,Wyatt/Agnew Drilled-Braced,-1.46,Stainless Steel Rods,10,2017-02-12T00:00:00Z,9999-01-01T00:00:00Z,,
WRPA,50220M002,Forced Centering,Wyatt/Agnew Drilled-Braced,-1.495,Stainless Steel Rods,10,2015-12-15T00:00:00Z,9999-01-01T00:00:00Z,,
YALD,,Forced Centering,Wyatt/Agnew Drilled-Braced,-1.61,Stainless Steel Rods,10,2014-09-16T00:00:00Z,9999-01-01T00:00:00Z,,
