Make,Model,Serial,Number,Notes
Applied Geomechanics,D711-A Platform Tiltmeter,9192,14107,
Applied Geomechanics,Lily tiltmeter,9259,14125,
Applied Geomechanics,Lily tiltmeter,9654,14913,
Applied Geomechanics,Lily tiltmeter,N7935,13322,
Applied Geomechanics,Lily tiltmeter,N8994,13893,
Bartington,Mag670 L-100,038,,
Benioff,BENIOFF,AFI_1,,
Benioff,BENIOFF,KRP_004,,
Benioff,BENIOFF,WEL_1,,
Benioff,BENIOFF-3D,KRP_1,,
Benioff,BENIOFF-3D,SBA_1,,
Benioff,BENIOFF-3D,WEL_001,,
Benioff,BENIOFF-3D,WEL_202,,
Benioff,BENIOFF-3D,WEL_WLN,,
Benioff,BENIOFF-3D-LP,SBA_1,,
Boise State University,InfraBSU microphone,0124,14974,
Boise State University,InfraBSU microphone,0126,14979,
Boise State University,InfraBSU microphone,0137,14970,
Boise State University,InfraBSU microphone,0138,14972,
Boise State University,InfraBSU microphone,0147,14975,
Boise State University,InfraBSU microphone,0148,14971,
Boise State University,InfraBSU microphone,0149,14980,
Boise State University,InfraBSU microphone,0150,14978,
Boise State University,InfraBSU microphone,0151,14976,
Boise State University,InfraBSU microphone,0154,14969,
Boise State University,InfraBSU microphone,0157,14977,
Boise State University,InfraBSU microphone,0160,14973,
Campbell Scientific,107 temperature probe,411941,,
Campbell Scientific,107 temperature probe,411942,,
Campbell Scientific,107 temperature probe,411943,,
Campbell Scientific,107 temperature probe,411944,,
Campbell Scientific,107 temperature probe,412277,,
Campbell Scientific,107 temperature probe,412427,,
Campbell Scientific,107 temperature probe,412861,412861,
Campbell Scientific,107 temperature probe,413922,,
Campbell Scientific,LevelVUE B10,1048,,
Campbell Scientific,LevelVUE B10,1064,,
Campbell Scientific,LevelVUE B10,1151,,
Campbell Scientific,Pulse radar water-level sensor CS475A,43460111,,
Campbell Scientific,Pulse radar water-level sensor CS475A,50586359,,
Campbell Scientific,Titanium pressure transducer CS456,14010301,,
Campbell Scientific,Titanium pressure transducer CS456,14010302,,
Campbell Scientific,Titanium pressure transducer CS456,70010135,,
Campbell Scientific,Titanium pressure transducer CS456,70010240,,
Campbell Scientific,Titanium pressure transducer CS456,70010248,,
Campbell Scientific,Titanium pressure transducer CS456,70010289,,
Chaparral Physics,M64Vx2,728,,
Chaparral Physics,M64Vx2,413278,,
Chaparral Physics,M64Vx2,413279,,
Chaparral Physics,M64Vx2,413282,,
Chaparral Physics,M64Vx2,413283,,
Chaparral Physics,M64Vx2,413284,,
Chaparral Physics,M64Vx2,413285,,
Chaparral Physics,M64Vx2,413286,,
Chaparral Physics,M64Vx2,831V2,,
Chaparral Physics,M64Vx2,837V2,,
Chaparral Physics,M64Vx2,852V2,,
City Technology,T3H H2S sensor,01.44084386 042,411315,
City Technology,T3H H2S sensor,01.44557167 112,,
City Technology,T3H H2S sensor,01.44565033 112,,
City Technology,T3H H2S sensor,01.44596968 112,,
City Technology,T3H H2S sensor,01.44697317 112,,
City Technology,T3H H2S sensor,01.44865262 112,,
City Technology,T3STF SO2 sensor,01.43830995 032,411032,
City Technology,T3STF SO2 sensor,01.45929866 013,,
City Technology,T3STF SO2 sensor,01.45929871 013,,
City Technology,T3STF SO2 sensor,01.45929880 013,,
City Technology,T3STF SO2 sensor,01.45929894 013,,
City Technology,T3STF SO2 sensor,01.45929899 013,,
Danish Meteorological Institute,FGE,S0257-E0299,,fluxgate
Danish Meteorological Institute,FGE,S0263-S0308,,fluxgate
Danish Meteorological Institute,FGE,S0330-E0397,,fluxgate
Danish Meteorological Institute,FGE,S0437-E0564,,fluxgate
Duke University,2 Hz Duke Malin Seismometer,001,,
Duke University,2 Hz Duke Malin Seismometer,110,13272,
Duke University,2 Hz Duke Malin Seismometer,301,13820,
Duke University,2 Hz Duke Malin Seismometer,498,,
Duke University,2 Hz Duke Malin Seismometer,501,13892,
Duke University,2 Hz Duke Malin Seismometer,502,13891,
Duke University,2 Hz Duke Malin Seismometer,503,14108,
Duke University,2 Hz Duke Malin Seismometer,551,14905,
Duke University,2 Hz Duke Malin Seismometer,599,14918,
Duke University,2 Hz Duke Malin Seismometer,600,14919,
Duke University,2 Hz Duke Malin Seismometer,650,14964,
Duke University,2 Hz Duke Malin Seismometer,999991,,
Duke University,2 Hz Duke Malin Seismometer,GC2,,
Duke University,2 Hz Duke Malin Seismometer,MONT006,13271,
Duke University,2 Hz Duke Malin Seismometer,RMS-1,,
Duke University,4.5 Hz Duke Malin Seismometer,601,,
EnviroPro,Soil probe EP100GL-08,332,,
EnviroPro,Soil probe EP100GL-08,334,,
First Sensor,KTEM8600G4C40SFV,001,,
First Sensor,KTEM8600G4C40SFV,002,,
Gefran,Dual axis entry level tilt sensor XY F0030000HA200000X20,F082214,,
General Electric,Druck PDCR-1830,2427881,,
General Electric,Druck PTX-1730,3456634,15096,
General Electric,Druck PTX-1730,3456635,15095,
General Electric,Druck PTX-1730,3632400,15097,
General Electric,Druck PTX-1730,3632401,15098,
General Electric,Druck PTX-1830,10220190,,
General Electric,Druck PTX-1830,10236611,,
General Electric,Druck PTX-1830,10236612,16845,
General Electric,Druck PTX-1830,10236613,,
General Electric,Druck PTX-1830,10236615,,
General Electric,Druck PTX-1830,10236617,,
General Electric,Druck PTX-1830,10515689,,
General Electric,Druck PTX-1830,10515690,,
General Electric,Druck PTX-1830,10837198,,
General Electric,Druck PTX-1830,10837199,,
General Electric,Druck PTX-1830,10895482,,
General Electric,Druck PTX-1830,10895483,,
General Electric,Druck PTX-1830,10986036,,
General Electric,Druck PTX-1830,10986037,,
General Electric,Druck PTX-1830,10986040,,
General Electric,Druck PTX-1830,10986041,,
General Electric,Druck PTX-1830,10986042,,
General Electric,Druck PTX-1830,10986043,,
General Electric,Druck PTX-1830,11110767,,
General Electric,Druck PTX-1830,11450765,,
General Electric,Druck PTX-1830,11450766,,
General Electric,Druck PTX-1830,11450767,,
General Electric,Druck PTX-1830,11450768,,
General Electric,Druck PTX-1830,11768737,,
General Electric,Druck PTX-1830,11847697,,
General Electric,Druck PTX-1830,11847698,,
General Electric,Druck PTX-1830,11864260,,
General Electric,Druck PTX-1830,11864261,,
General Electric,Druck PTX-1830,11912318,,
General Electric,Druck PTX-1830,11912319,,
General Electric,Druck PTX-1830,11912321,,
General Electric,Druck PTX-1830,11920992,,
General Electric,Druck PTX-1830,11982419,,
General Electric,Druck PTX-1830,12179463,,
General Electric,Druck PTX-1830,12179464,,
General Electric,Druck PTX-1830,12179465,,
General Electric,Druck PTX-1830,12179466,,
General Electric,Druck PTX-1830,12179469,,
General Electric,Druck PTX-1830,12179470,,
General Electric,Druck PTX-1830,12179471,,
General Electric,Druck PTX-1830,12179472,,
General Electric,Druck PTX-1830,12970860,,
General Electric,Druck PTX-1830,12970861,,
General Electric,Druck PTX-1830,12970862,,
General Electric,Druck PTX-1830,13078248,,
General Electric,Druck PTX-1830,13291292,,
General Electric,Druck PTX-1830,13291294,,
General Electric,Druck PTX-1830,13291296,,
General Electric,Druck PTX-1830,13291299,,
General Electric,Druck PTX-1830,2504328,,
General Electric,Druck PTX-1830,2574749,,
General Electric,Druck PTX-1830,2574760,,
General Electric,Druck PTX-1830,2574761,,
General Electric,Druck PTX-1830,2574764,,
General Electric,Druck PTX-1830,2645534,,
General Electric,Druck PTX-1830,2645535,,
General Electric,Druck PTX-1830,2648990,,
General Electric,Druck PTX-1830,2648993,,
General Electric,Druck PTX-1830,2648994,,
General Electric,Druck PTX-1830,2681503,,
General Electric,Druck PTX-1830,2681518,,
General Electric,Druck PTX-1830,2683728,,
General Electric,Druck PTX-1830,2686075,,
General Electric,Druck PTX-1830,2712264,,
General Electric,Druck PTX-1830,2722283,,
General Electric,Druck PTX-1830,2722286,,
General Electric,Druck PTX-1830,2742173,,
General Electric,Druck PTX-1830,2933712,,
General Electric,Druck PTX-1830,2933713,,
General Electric,Druck PTX-1830,2933716,,
General Electric,Druck PTX-1830,2933717,,
General Electric,Druck PTX-1830,2933719,,
General Electric,Druck PTX-1830,2933720,,
General Electric,Druck PTX-1830,2945426,,
General Electric,Druck PTX-1830,2945427,,
General Electric,Druck PTX-1830,2954239,,
General Electric,Druck PTX-1830,2983303,,
General Electric,Druck PTX-1830,3022170,,
General Electric,Druck PTX-1830,3022171,,
General Electric,Druck PTX-1830,3028740,,
General Electric,Druck PTX-1830,3028741,,
General Electric,Druck PTX-1830,3047397,,
General Electric,Druck PTX-1830,3047398,,
General Electric,Druck PTX-1830,3116044,,
General Electric,Druck PTX-1830,3121351,,
General Electric,Druck PTX-1830,3121352,,
General Electric,Druck PTX-1830,3126134,,
General Electric,Druck PTX-1830,3126136,,
General Electric,Druck PTX-1830,3126137,,
General Electric,Druck PTX-1830,3133806,,
General Electric,Druck PTX-1830,3133809,,
General Electric,Druck PTX-1830,3133814,,
General Electric,Druck PTX-1830,3133818,,
General Electric,Druck PTX-1830,3133822,,
General Electric,Druck PTX-1830,3133823,,
General Electric,Druck PTX-1830,3133827,,
General Electric,Druck PTX-1830,3136132,,
General Electric,Druck PTX-1830,3136137,,
General Electric,Druck PTX-1830,3136140,,
General Electric,Druck PTX-1830,3140384,,
General Electric,Druck PTX-1830,3150034,,
General Electric,Druck PTX-1830,3150035,,
General Electric,Druck PTX-1830,3150040,,
General Electric,Druck PTX-1830,3150041,,
General Electric,Druck PTX-1830,3292452,15075,
General Electric,Druck PTX-1830,3292453,15074,
General Electric,Druck PTX-1830,3292459,15117,
General Electric,Druck PTX-1830,3501234,,
General Electric,Druck PTX-1830,3501237,,
General Electric,Druck PTX-1830,3501251,,
General Electric,Druck PTX-1830,3511015,,
General Electric,Druck PTX-1830,3511019,,
General Electric,Druck PTX-1830,3511021,,
General Electric,Druck PTX-1830,3511023,,
General Electric,Druck PTX-1830,3511025,,
General Electric,Druck PTX-1830,3554661,,
General Electric,Druck PTX-1830,3562509,,
General Electric,Druck PTX-1830,3562510,,
General Electric,Druck PTX-1830,3562511,,
General Electric,Druck PTX-1830,3562512,,
General Electric,Druck PTX-1830,3562513,,
General Electric,Druck PTX-1830,3964175,,
General Electric,Druck PTX-1830,3964177,,
General Electric,Druck PTX-1830,3964178,,
General Electric,Druck PTX-1830,3964183,16846,
General Electric,Druck PTX-1830,3964188,,
General Electric,Druck PTX-1830-LAND,2722283,,
General Electric,Druck PTX-1830-LAND,3133823,,
General Electric,Druck PTX-1830-LAND,3962014,,
General Electric,Druck PTX-1830-LAND,2722283L,,
General Electric,Druck PTX-1830-LAND,2933712L,,
General Electric,Druck PTX-1830-LAND,2933716L,,
General Electric,Druck PTX-1830,10895481,,
General Electric,Druck PTX-1830,10895484,,
General Electric,Druck PTX-1830,11450759,,
General Electric,Druck PTX-1830,11450760,,
General Electric,Druck PTX-1830,11777121,,
General Electric,Druck PTX-1830,11777122,,
General Electric,Druck PTX-1830,11847701,,
General Electric,Druck PTX-1830,11847702,,
Geokon,Long Range Displacement Meter 4427,2129516,,
Geokon,Long Range Displacement Meter 4427,2129517,,
Geokon,Long Range Displacement Meter 4427,2129518,,
Geokon,Long Range Displacement Meter 4427,2129519,,
Geokon,Long Range Displacement Meter 4427,2224047,,
Geokon,Long Range Displacement Meter 4427,2224048,,
Geospace Technologies,GS-11D seismometer,001,,
Geospace Technologies,GS-11D seismometer,002,,
Geospace Technologies,GS-11D seismometer,003,,
Geospace Technologies,GS-11D seismometer,004,,
Geospace Technologies,GS-11D seismometer,130738-001,,
Geospace Technologies,GS-11D seismometer,130738-003,,
Geospace Technologies,GS-11D seismometer,167522-001,,
Geospace Technologies,GS-11D seismometer,167522-002,,
Geospace Technologies,GS-11D seismometer,167522-003,,
Geospace Technologies,GS-11D seismometer,167522-004,,
Geospace Technologies,GS-11D seismometer,167522-005,,
Geospace Technologies,GS-11D seismometer,17757001,,
Geospace Technologies,GS-11D seismometer,17757002,,
Geospace Technologies,GS-11D seismometer,17757003,,
Geospace Technologies,GS-11D seismometer,17757004,,
Geospace Technologies,GS-11D seismometer,17757005,,
Geospace Technologies,GS-11D seismometer,17757006,,
Geospace Technologies,GS-11D seismometer,17757007,,
Geospace Technologies,GS-11D seismometer,17757008,,
Geospace Technologies,GS-11D seismometer,17757009,,
Geospace Technologies,GS-11D seismometer,17757010,,
Geospace Technologies,GS-11D seismometer,186859-01,,
Geospace Technologies,GS-11D seismometer,186859-02,,
Geospace Technologies,GS-11D seismometer,186859-03,,
Geospace Technologies,GS-11D seismometer,186859-04,,
Geospace Technologies,GS-11D seismometer,186859-05,,
Geospace Technologies,GS-11D seismometer,186859-06,,
Geospace Technologies,GS-11D seismometer,186859-07,,
Geospace Technologies,GS-11D seismometer,186859-08,,
Geospace Technologies,GS-11D seismometer,186859-09,,
Geospace Technologies,GS-11D seismometer,195380-01,,
Geospace Technologies,GS-11D seismometer,195380-02,,
Geospace Technologies,GS-11D seismometer,195380-03,,
Geospace Technologies,GS-11D seismometer,195380-04,,
Geospace Technologies,GS-11D seismometer,195380-05,,
Geospace Technologies,GS-11D seismometer,195380-06,,
Geospace Technologies,GS-11D seismometer,195380-07,,
Geospace Technologies,GS-11D seismometer,195380-08,,
Geospace Technologies,GS-11D seismometer,195380-09,,
Geospace Technologies,GS-11D seismometer,195380-10,,
Geospace Technologies,GS-11D seismometer,MRP 014,,Double entry for MRP 14
Geospace Technologies,GS-11D seismometer,MRP 015,,
Geospace Technologies,GS-11D seismometer,MRP 016,,
Geospace Technologies,GS-11D seismometer,MRP001,,
Geospace Technologies,GS-11D seismometer,MRP002,,
Geospace Technologies,GS-11D seismometer,MRP003,,
Geospace Technologies,GS-11D seismometer,MRP004,,
Geospace Technologies,GS-11D seismometer,MRP005,,
Geospace Technologies,GS-11D seismometer,MRP006,,
Geospace Technologies,GS-11D seismometer,MRP007,,
Geospace Technologies,GS-11D seismometer,MRP008,,
Geospace Technologies,GS-11D seismometer,MRP009,,
Geospace Technologies,GS-11D seismometer,MRP010,,
Geospace Technologies,GS-11D seismometer,MRP011,,
Geospace Technologies,GS-11D seismometer,MRP012,,
Geospace Technologies,GS-11D seismometer,MRP013,,
Geospace Technologies,GS-11D seismometer,MRP014,,
Geospace Technologies,Geospace sensor GS-20DM,DFDP#2,,
Gill Instruments,Gill WindSonic WS60 OPT4,22370069,,
Gill Instruments,Gill WindSonic WS60 OPT4,22370076,,
Gill Instruments,Gill WindSonic WS60 OPT4,22490063,,
Gill Instruments,Gill WindSonic WS60 OPT4,22490065,,
GNS Science,LM35,T001,,
GNS Science,LM35,T002,,
GNS Science,SDP,A1,,
GNS Science,SDP,A10,,
GNS Science,SDP,A2,,
GNS Science,SDP,A3,,
GNS Science,SDP,A4,,
GNS Science,SDP,A5,,
GNS Science,SDP,A6,,
GNS Science,SDP,A7,,
GNS Science,SDP,A8,,
GNS Science,SDP,A9,13659,
GNS Science,SDP,SDP-001,,
GNS Science,SDP,SDP-002,,
GNS Science,Temperature sensor (K-type),Inferno OF1,,
GNS Science,Temperature sensor (K-type),Inferno1,,
GNS Science,Temperature sensor (K-type),TC20121206,,
Guralp,CMG-3ESP,T3137,,
Guralp,CMG-3ESP,T33794,10721,
Guralp,CMG-3ESP,T33795,10711,
Guralp,CMG-3ESP,T367,,
Guralp,CMG-3ESP,T3B41,9140,
Guralp,CMG-3ESP,T3B45,9139,
Guralp,CMG-3ESP,T3B46,9142,
Guralp,CMG-3ESP,T3B59,9135,
Guralp,CMG-3ESP,T3B60,9136,
Guralp,CMG-3ESP,T3B61,9220,
Guralp,CMG-3ESP,T3B62,9138,Broken
Guralp,CMG-3ESP,T3B63,9137,
Guralp,CMG-3ESP,T3B64,9132,
Guralp,CMG-3ESP,T3B65,9141,
Guralp,CMG-3ESP,T3B66,9133,
Guralp,CMG-3ESP,T3B67,9134,
Guralp,CMG-3ESP,T3E65,9287,
Guralp,CMG-3ESP,T3E73,9292,
Guralp,CMG-3ESP,T3E84,9289,
Guralp,CMG-3ESP,T3E85,9295,Obsolete
Guralp,CMG-3ESP,T3E86,9294,
Guralp,CMG-3ESP,T3E87,9290,
Guralp,CMG-3ESP,T3G61,9643,
Guralp,CMG-3ESP,T3G67,9640,
Guralp,CMG-3ESP,T3G68,9638,
Guralp,CMG-3ESP,T3G69,9637,
Guralp,CMG-3ESP,T3G70,9636,
Guralp,CMG-3ESP,T3G71,9641,
Guralp,CMG-3ESP,T3G77,9639,
Guralp,CMG-3ESP,T3G78,9642,
Guralp,CMG-3ESP,T3G79,9635,
Guralp,CMG-3ESP,T3G80,9634,
Guralp,CMG-3ESP,T3P64,10717,
Guralp,CMG-3ESP,T3P66,10715,
Guralp,CMG-3ESP,T3P67,10718,
Guralp,CMG-3ESP,T3P68,10712,
Guralp,CMG-3ESP,T3P69,10710,
Guralp,CMG-3ESP,T3P70,10714,
Guralp,CMG-3ESP,T3P74,10716,
Guralp,CMG-3ESP,T3Q00,10722,
Guralp,CMG-3ESP/Z,T3738,,buried in a cave
Guralp,CMG-3ESPC,T35856,13678,
Guralp,CMG-3ESPC,T35861,13679,
Guralp,CMG-3ESPC,T35862,,
Guralp,CMG-3ESPC,T35863,,
Guralp,CMG-3ESPC,T35864,,
Guralp,CMG-3ESPC,T35865,14109,
Guralp,CMG-3ESPC,T35867,13680,
Guralp,CMG-3ESPC,T36193,13904,
Guralp,CMG-3ESPC,T36194,13901,
Guralp,CMG-3ESPC,T36195,13903,
Guralp,CMG-3ESPC,T36196,13905,
Guralp,CMG-3ESPC,T36197,13902,
Guralp,CMG-3ESPC,T36911,14555,
Guralp,CMG-3ESPC,T36912,14556,
Guralp,CMG-3ESPC,T36913,14557,
Guralp,CMG-3ESPC,T36914,14558,
Guralp,CMG-3ESPC,T36915,14559,
Guralp,CMG-3ESPC,T38497,15769,
Guralp,CMG-3ESPC,T38498,15770,
Guralp,CMG-3ESPC,T38573,15869,
Guralp,CMG-3ESPC,T38574,15870,
Guralp,CMG-3ESPC,T3Y92,10724,
Guralp,CMG-3T,T313,,
Guralp,CMG-3T,T314,,
Guralp,CMG-3T,T329,,
Guralp,CMG-3T,T330,,
Guralp,CMG-3T,T331,,
Guralp,CMG-3T,T332,,
Guralp,CMG-3T,T333,,
Guralp,CMG-3T,T3429,,
Guralp,CMG-3T,T3433,,
Guralp,CMG-3T,T3434,,
Guralp,CMG-3T,T3522,,
Guralp,CMG-3T,T3527,,
Guralp,CMG-3T,T3528,,
Guralp,CMG-3T,T3571,,
Guralp,CMG-3T,T3941,,
Guralp,CMG-3T,T5345,,
Guralp,CMG-3TB,T3969,,
Guralp,CMG-3TB,T3A41,,
Guralp,CMG-3TB,T3A63,,
Guralp,CMG-3TB/GN,T35920,13347,
Guralp,CMG-3TB/GN,T36438,14102,
Guralp,CMG-3TD,T3A19,,
Guralp,CMG-40T/30S,BTPT_ANTARCTICA,,
Guralp,CMG-40T/30S,FWVZ_G30,,
Guralp,CMG-40T/30S,LCHD_ANTARCTICA,,
Guralp,CMG-40T/30S,T4157,,
Guralp,CMG-40T/30S,T4280,,
Guralp,CMG-40T/30S,T4390,,
Guralp,CMG-40T/30S,T4488,,
Guralp,CMG-40T/30S,T4581,,
Guralp,CMG-40T/30S,T4661,,
Guralp,CMG-40T/30S,T4664,,
Guralp,CMG-40T/30S,T4665,,
Guralp,CMG-40T/30S,T4666,,
Guralp,CMG-40T/30S,T4675,,
Guralp,CMG-40T/30S,T4M14,10802,
Guralp,CMG-40T/30S,T4M18,10803,
Guralp,CMG-40T/30S,T4M19,10808,
Guralp,CMG-40T/30S,T4M59,10806,
Guralp,CMG-40T/30S,T4M60,10801,
Guralp,CMG-40T/30S,T4M61,10807,
Guralp,CMG-40T/30S,T4M62,10799,
Guralp,CMG-40T/30S,T4M63,10800,
Guralp,CMG-40T/30S,T4M64,10805,
Guralp,CMG-40T/30S,T4M65,10804,
Guralp,CMG-40T/30S,TMP_6044,,
Guralp,CMG-40T/30S,TMP_6045,,
Guralp,CMG-40T/30S,TMP_6046,,
Guralp,CMG-40T/60S,MED3_40T,,
Guralp,CMG-40T/60S,MED4_40T,,
Guralp,CMG-40T/60S,RF7_40T,,
Guralp,CMG-40T/60S,T41027,,
Guralp,CMG-40T/60S,T41037,,
Guralp,CMG-40T/60S,T41038,,
Guralp,CMG-40T/60S,T41040,,
Guralp,CMG-40T/60S,T41044,10867,
Guralp,CMG-40T/60S,T41075,,
Guralp,CMG-40T/60S,T41076,,
Guralp,CMG-40T/60S,T41077,,
Guralp,CMG-40T/60S,T4604,,
Guralp,CMG-40T/60S,T4605,,
Guralp,CMG-40T/60S,T4634,10869,
Guralp,CMG-40T/60S,T4636,,
Guralp,CMG-40T/60S,T4788,10870,
Guralp,CMG-40T/60S,T4802,10868,
Guralp,CMG-40T/60S,T4803,10866,
Guralp,CMG-40T/60S,T4C49,,
Guralp,CMG-40TD,T41081,,
Guralp,CMG-40TD,T4430,,
Guralp,CMG-40TD,T4432,,
Guralp,CMG-40TD,T4811,,
Guralp,CMG-40TD,T4818,,
Guralp,CMG-6T,T6262,,
Guralp,CMG-6T,T6263,,
Guralp,CMG-6T,T6264,,
Guralp,CMG-6T,T6265,,
Guralp,CMG-6TD - with digitiser,T6641,,
Guralp,Fortis,TF1009,,
Guralp,Fortis,TF1104,,
Guralp,Fortis,TF1110,,
Guralp,Fortis,TF1112,,
Guralp,Fortis,TF1113,,
Guralp,Fortis,TF1114,,
Guralp,Fortis,TF1115,,
Guralp,Fortis,TF1116,,
Guralp,Fortis,TF1118,,
Guralp,Fortis,TF1119,,
Guralp,Fortis,TF1126,,
Guralp,Fortis,TF1127,,
Guralp,Fortis,TF1128,,
Guralp,Fortis,TF1129,,
Guralp,Fortis,TF1130,,
Hydrological Services Pty Ltd,HS55 Bubbler WL100D,07-01,10974,
Hyquest,Tipping bucket rain gauge TB3 0.2mm,08-201,,
Hyquest,Tipping bucket rain gauge TB3 0.2mm,21-30,,
Hyquest,Tipping bucket rain gauge TB3 0.2mm,21-31,,
Hyquest,Tipping bucket rain gauge TB3 0.2mm,21-32,,
Hyquest,Tipping bucket rain gauge TB3 0.2mm,21-33,,
Hyquest,Tipping bucket rain gauge TB3 0.2mm,22-30,,
Hyquest,Tipping bucket rain gauge TB3 0.2mm,22-33,,
Hyquest,Tipping bucket rain gauge TB3 0.5mm,22-0042,,
Hyquest,Tipping bucket rain gauge TB3 0.5mm,22-0043,,
Hyquest,Tipping bucket rain gauge TB3 0.5mm,22-0044,,
Hyquest,Tipping bucket rain gauge TB3 0.5mm,22-0077,,
Hyquest,Tipping bucket rain gauge TB3 0.5mm,22-xxxx,,
IESE Institute of Earth Science & Engineering,IESE HS-1-LT 2Hz,106,,
IESE Institute of Earth Science & Engineering,IESE HS-1-LT Mini 4.5Hz,197,,
IESE Institute of Earth Science & Engineering,IESE HS-1-LT Mini 4.5Hz,198,,
IESE Institute of Earth Science & Engineering,IESE HS-1-LT Mini 4.5Hz,200,,
IESE Institute of Earth Science & Engineering,IESE HS-1-LT Mini 4.5Hz,208,,
IESE Institute of Earth Science & Engineering,IESE S10g-4.5 (with preamp),99999-MRP-NS12,,
IESE Institute of Earth Science & Engineering,IESE S10g-4.5 (with preamp),99999-MRP-NS13,,Pre-amped removed
IESE Institute of Earth Science & Engineering,IESE S10g-4.5 (without preamp),99999-MRP-NS13,,
IESE Institute of Earth Science & Engineering,IESE S31f-15 (with preamp),99999-MRP-NS14,,
Intech,Platinum resistance thermometer,001,,
Intech,Platinum resistance thermometer,002,,
Intech,Platinum resistance thermometer,003,,
Intech,Platinum resistance thermometer,004,,
Kinemetrics,FBA-23,25073,,
Kinemetrics,FBA-23,45577,,
Kinemetrics,FBA-23,WEL_WLN,,
Kinemetrics,FBA-ES-T,SNZO_SM_202408,,IU: Global Seismograph Network asset (GSN - IRIS/USGS https://doi.org/10.7914/SN/IU)
Kinemetrics,FBA-ES-T,1000,9027,
Kinemetrics,FBA-ES-T,1001,9038,
Kinemetrics,FBA-ES-T,1002,9039,
Kinemetrics,FBA-ES-T,1003,9020,
Kinemetrics,FBA-ES-T,1004,9037,
Kinemetrics,FBA-ES-T,1432,9315,
Kinemetrics,FBA-ES-T,1433,9321,
Kinemetrics,FBA-ES-T,1434,9313,
Kinemetrics,FBA-ES-T,1435,9316,
Kinemetrics,FBA-ES-T,1436,9319,
Kinemetrics,FBA-ES-T,1437,9317,
Kinemetrics,FBA-ES-T,1438,9320,
Kinemetrics,FBA-ES-T,1439,9318,
Kinemetrics,FBA-ES-T,144,,Broken
Kinemetrics,FBA-ES-T,1440,9312,
Kinemetrics,FBA-ES-T,1441,9314,
Kinemetrics,FBA-ES-T,145,,
Kinemetrics,FBA-ES-T,164,,
Kinemetrics,FBA-ES-T,1754,9734,
Kinemetrics,FBA-ES-T,1755,9732,
Kinemetrics,FBA-ES-T,1756,9730,Water ingress leading to failure
Kinemetrics,FBA-ES-T,1757,9729,
Kinemetrics,FBA-ES-T,1758,9733,
Kinemetrics,FBA-ES-T,2260,10638,
Kinemetrics,FBA-ES-T,2261,10640,
Kinemetrics,FBA-ES-T,2262,10641,
Kinemetrics,FBA-ES-T,2263,10646,
Kinemetrics,FBA-ES-T,2264,10639,
Kinemetrics,FBA-ES-T,2265,10645,
Kinemetrics,FBA-ES-T,2266,10644,
Kinemetrics,FBA-ES-T,2267,10637,
Kinemetrics,FBA-ES-T,2268,10643,
Kinemetrics,FBA-ES-T,2269,10642,
Kinemetrics,FBA-ES-T,281,,
Kinemetrics,FBA-ES-T,587,,
Kinemetrics,FBA-ES-T,588,,
Kinemetrics,FBA-ES-T,985,9024,Broken
Kinemetrics,FBA-ES-T,986,9042,
Kinemetrics,FBA-ES-T,987,9043,
Kinemetrics,FBA-ES-T,988,9034,buried in a cave
Kinemetrics,FBA-ES-T,989,9029,
Kinemetrics,FBA-ES-T,990,9025,
Kinemetrics,FBA-ES-T,991,9041,
Kinemetrics,FBA-ES-T,992,9036,
Kinemetrics,FBA-ES-T,993,9023,
Kinemetrics,FBA-ES-T,994,9026,
Kinemetrics,FBA-ES-T,995,9028,
Kinemetrics,FBA-ES-T,996,9035,
Kinemetrics,FBA-ES-T,997,9040,
Kinemetrics,FBA-ES-T,998,9021,
Kinemetrics,FBA-ES-T,999,9022,
Kinemetrics,FBA-ES-T-ISO,3494,13681,
Kinemetrics,FBA-ES-T-ISO,3495,13682,
Kinemetrics,FBA-ES-T-ISO,3496,13683,
Kinemetrics,FBA-ES-T-ISO,3497,13684,
Kinemetrics,FBA-ES-T-ISO,3498,13685,
Kinemetrics,FBA-ES-T-ISO,7457,16595,
Kinemetrics,FBA-ES-T-ISO,7458,16596,
Kinemetrics,SBEPI,450,15077,
Kinemetrics,SBEPI,451,15078,
Lennartz Electronic,LE-3D-BH-MkIII,J-227,,
Lennartz Electronic,LE-3Dlite,0987,,
Lennartz Electronic,LE-3Dlite,148,,
Lennartz Electronic,LE-3Dlite,190,,
Lennartz Electronic,LE-3Dlite,191,,
Lennartz Electronic,LE-3Dlite,195,,
Lennartz Electronic,LE-3Dlite,197,,
Lennartz Electronic,LE-3Dlite,200,,
Lennartz Electronic,LE-3Dlite,201,,
Lennartz Electronic,LE-3Dlite,203,,
Lennartz Electronic,LE-3Dlite,204,,
Lennartz Electronic,LE-3Dlite,210,,
Lennartz Electronic,LE-3Dlite,213,,
Lennartz Electronic,LE-3Dlite,S-0982,,
Lennartz Electronic,LE-3Dlite,S-0983,,
Lennartz Electronic,LE-3Dlite,S-0984,,
Lennartz Electronic,LE-3Dlite,S-0985,16843,
Lennartz Electronic,LE-3Dlite,S-0986,,
Lennartz Electronic,LE-3Dlite,S-0987,,
Lennartz Electronic,LE-3Dlite,S-0988,,
Lennartz Electronic,LE-3Dlite,S-0989,,
Lennartz Electronic,LE-3Dlite,S-0990,,
Lennartz Electronic,LE-3Dlite,S-0991,,
Lennartz Electronic,LE-3Dlite,S-0992,,
Lennartz Electronic,LE-3Dlite,S-0993,,
Lennartz Electronic,LE-3Dlite,S-0994,,
Lennartz Electronic,LE-3Dlite,S-0995,,
Lennartz Electronic,LE-3Dlite,S-0996,,
Lennartz Electronic,LE-3Dlite,S-0997,,
Lennartz Electronic,LE-3Dlite,S-0998,,
Lennartz Electronic,LE-3Dlite,S-0999,,
Lennartz Electronic,LE-3Dlite,S-1000,,
Lennartz Electronic,LE-3Dlite,S-1001,,
Lennartz Electronic,LE-3DliteMkII,ETAZ_tmp,,
Lennartz Electronic,LE-3DliteMkII,F-0367,13039,
Lennartz Electronic,LE-3DliteMkII,F-0368,13040,
Lennartz Electronic,LE-3DliteMkII,F-0369,13053,
Lennartz Electronic,LE-3DliteMkII,F-0370,13052,broken
Lennartz Electronic,LE-3DliteMkII,F-0371,13042,
Lennartz Electronic,LE-3DliteMkII,F-0372,13041,
Lennartz Electronic,LE-3DliteMkII,F-0373,13051,
Lennartz Electronic,LE-3DliteMkII,F-0374,13050,
Lennartz Electronic,LE-3DliteMkII,F-0375,13049,
Lennartz Electronic,LE-3DliteMkII,F-0376,13045,
Lennartz Electronic,LE-3DliteMkII,F-0377,13044,
Lennartz Electronic,LE-3DliteMkII,F-0378,13043,
Lennartz Electronic,LE-3DliteMkII,F-0379,13046,
Lennartz Electronic,LE-3DliteMkII,F-0380,13047,
Lennartz Electronic,LE-3DliteMkII,F-0381,13048,
Lennartz Electronic,LE-3DliteMkII,G-0445,,
Lennartz Electronic,LE-3DliteMkII,G-0524,,
Lennartz Electronic,LE-3DliteMkII,G-0525,,
Lennartz Electronic,LE-3DliteMkII,I-0638,13563,
Lennartz Electronic,LE-3DliteMkII,I-0639,13562,
Lennartz Electronic,LE-3DliteMkII,I-0640,13564,
Lennartz Electronic,LE-3DliteMkII,I-0641,13570,
Lennartz Electronic,LE-3DliteMkII,I-0642,13569,
Lennartz Electronic,LE-3DliteMkII,I-0643,13568,
Lennartz Electronic,LE-3DliteMkII,I-0644,13567,
Lennartz Electronic,LE-3DliteMkII,I-0645,13566,
Lennartz Electronic,LE-3DliteMkII,I-0646,13565,
Lennartz Electronic,LE-3DliteMkII,I-0647,13573,
Lennartz Electronic,LE-3DliteMkII,I-0648,13572,
Lennartz Electronic,LE-3DliteMkII,I-0649,13571,
Lennartz Electronic,LE-3DliteMkII,I-0650,13576,
Lennartz Electronic,LE-3DliteMkII,I-0651,13575,
Lennartz Electronic,LE-3DliteMkII,I-0652,13574,
Lennartz Electronic,LE-3DliteMkII,J-0944,,
Lennartz Electronic,LE-3DliteMkII,L-1013,14232,
Lennartz Electronic,LE-3DliteMkII,L-1014,14230,
Lennartz Electronic,LE-3DliteMkII,L-1015,14231,
Lennartz Electronic,LE-3DliteMkII,L-1016,14228,
Lennartz Electronic,LE-3DliteMkII,L-1017,14229,
Lennartz Electronic,LE-3DliteMkII,L-1018,14236,
Lennartz Electronic,LE-3DliteMkII,L-1019,14237,
Lennartz Electronic,LE-3DliteMkII,L-1020,14234,
Lennartz Electronic,LE-3DliteMkII,L-1021,14235,
Lennartz Electronic,LE-3DliteMkII,L-1022,14233,
Lennartz Electronic,LE-3DliteMkII,M-1175,14745,
Lennartz Electronic,LE-3DliteMkII,M-1176,14746,
Lennartz Electronic,LE-3DliteMkII,M-1177,14747,
Lennartz Electronic,LE-3DliteMkII,M-1178,14748,
Lennartz Electronic,LE-3DliteMkII,M-1179,14749,
Lennartz Electronic,LE-3DliteMkII,N-1291,15064,
Lennartz Electronic,LE-3DliteMkII,N-1292,15065,
Lennartz Electronic,LE-3DliteMkII,N-1293,15066,
Lennartz Electronic,LE-3DliteMkII,N-1294,15067,
Lennartz Electronic,LE-3DliteMkII,N-1295,15068,
Lennartz Electronic,LE-3DliteMkII,N-1296,15069,
Lennartz Electronic,LE-3DliteMkII,N-1297,15070,
Lennartz Electronic,LE-3DliteMkII,N-1298,15071,
Lennartz Electronic,LE-3DliteMkII,N-1299,15072,
Lennartz Electronic,LE-3DliteMkII,N-1300,15073,
Lennartz Electronic,LE-3DliteMkIII,F-0477,16856,
Lennartz Electronic,LE-3DliteMkIII,F-0478,16855,
Lennartz Electronic,LE-3DliteMkIII,F-0479,16854,
Lennartz Electronic,LE-3DliteMkIII,F-0480,16853,
Lennartz Electronic,LE-3DliteMkIII,F-0518,16889,
Lennartz Electronic,LE-3DliteMkIII,F-0515,16892,
Lennartz Electronic,LE-3DliteMkIII,F-0514,16893,
Lennartz Electronic,LE-3DliteMkIII,F-0513,16894,
Lennartz Electronic,LE-3DliteMkIII,F-0512,16895,
Lennartz Electronic,LE-3DliteMkIII,F-0511,16896,
Lennartz Electronic,LE-3DliteMkIII,F-0520,16886,
Lennartz Electronic,LE-3DliteMkIII,F-0521,16885,
Lennartz Electronic,LE-3DliteMkIII,F-0519,16888,
Lennartz Electronic,LE-3DliteMkIII,F-0516,16891,
Lennartz Electronic,LE-3DliteMkIII,F-0517,16890,
Lennartz Electronic,LE-3DliteMkIII,F-0522,16884,
Lennartz Electronic,LE-3DliteMkIII,F-0523,16887,
Lennartz Electronic,LE-3DliteMkIII,F-0524,16883,
Lennartz Electronic,LE-3DliteMkIII,F-0525,16897,
Lennartz Electronic,LE-3DliteMkIII,F-0526,16898,
Lennartz Electronic,LE-3DliteMkIII,F-0527,16899,
Lennartz Electronic,LE-3DliteMkIII,F-0528,16901,
Lennartz Electronic,LE-3DliteMkIII,F-0529,16900,
Lennartz Electronic,LE-3DliteMkIII,F-0530,16902,
Lennartz Electronic,LE-3DliteMkIII,G-0553,,
Lennartz Electronic,LE-3DliteMkIII,G-0554,16948,
Lennartz Electronic,LE-3DliteMkIII,G-0555,,
Lennartz Electronic,LE-3DliteMkIII,G-0556,16946,
Lennartz Electronic,LE-3DliteMkIII,G-0557,16945,
Lennartz Electronic,LE-3DliteMkIII,G-0558,16944,
Lennartz Electronic,LE-3DliteMkIII,G-0559,,
Lennartz Electronic,LE-3DliteMkIII,G-0560,,
Lennartz Electronic,LE-3DliteMkIII,G-0561,,
Lennartz Electronic,LE-3DliteMkIII,G-0562,,
Lennartz Electronic,LE-3DliteMkIII,G-0563,16962,
Lennartz Electronic,LE-3DliteMkIII,G-0564,16963,
Lennartz Electronic,LE-3DliteMkIII,G-0565,16952,
Lennartz Electronic,LE-3DliteMkIII,G-0566,16953,
Lennartz Electronic,LE-3DliteMkIII,G-0567,16954,
Lennartz Electronic,LE-3DliteMkIII,G-0568,16955,
Lennartz Electronic,LE-3DliteMkIII,G-0569,16956,
Lennartz Electronic,LE-3DliteMkIII,G-0570,16957,
Lennartz Electronic,LE-3DliteMkIII,G-0571,,
Lennartz Electronic,LE-3DliteMkIII,G-0572,16951,
Lennartz Electronic,LE-3DliteMkIII,J-0928,,
Lennartz Electronic,LE-3DliteMkIII,J-0929,,
Lennartz Electronic,LE-3DliteMkIII,J-0930,,
Lennartz Electronic,LE-3DliteMkIII,J-0931,,
Lennartz Electronic,LE-3DliteMkIII,J-0932,,
Lennartz Electronic,LE-3DliteMkIII,J-0933,,
Lennartz Electronic,LE-3DliteMkIII,J-0934,,
Lennartz Electronic,LE-3DliteMkIII,J-0935,,
Lennartz Electronic,LE-3DliteMkIII,J-0936,,
Lennartz Electronic,LE-3DliteMkIII,J-0937,,
Lennartz Electronic,LE-3DliteMkIII,J-0938,,
Lennartz Electronic,LE-3DliteMkIII,J-0939,,
Lennartz Electronic,LE-3DliteMkIII,J-0940,,
Lennartz Electronic,LE-3DliteMkIII,J-0941,,
Lennartz Electronic,LE-3DliteMkIII,J-0942,,
Lennartz Electronic,LE-3DliteMkIII,J-0943,,
Lennartz Electronic,LE-3DliteMkIII,J-0945,,
Lennartz Electronic,LE-3DliteMkIII,J-0946,,
Lennartz Electronic,LE-3DliteMkIII,J-0947,,
Lennartz Electronic,LE-3DliteMkIII,K-0990,,
Lennartz Electronic,LE-3DliteMkIII,K-0991,,
Lennartz Electronic,LE-3DliteMkIII,K-0993,,
Lennartz Electronic,LE-3DliteMkIII,K-0998,,
Lennartz Electronic,LE-3DliteMkIII,K-0999,,
Lennartz Electronic,LE-3DliteMkIII,K-09997,,
Lennartz Electronic,LE-3DliteMkIII,K-1001,,
Lennartz Electronic,LE-3DliteMkIII,K-1002,,
Licor,Li-850 CO2/H2O Gas Analyzer,HGA-06812,,
Licor,Li-850 CO2/H2O Gas Analyzer,HGA-06918,,
Licor,Li-850 CO2/H2O Gas Analyzer,HGA-06919,,
Licor,Li-850 CO2/H2O Gas Analyzer,HGA-06920,,
Licor,Li-850 CO2/H2O Gas Analyzer,HGA-06936,413113,
Nanometrics,Cascadia Titan TACCL-BH1,3510,,
Nanometrics,Cascadia Titan TACCL-BH1,3511,,
Nanometrics,Cascadia Titan TACCL-BH1,3512,,
Nanometrics,Cascadia Trillium TC120PH-1,3510,,
Nanometrics,Cascadia Trillium TC120PH-1,3511,,
Nanometrics,Cascadia Trillium TC120PH-1,3512,,
Nanometrics,Titan TACCL-N1,2590,,
Nanometrics,Titan TACCL-N1,3395,,
Nanometrics,Titan TACCL-N1,3397,,
Nanometrics,Titan TACCL-N1,3398,,
Nanometrics,Titan TACCL-N1,3399,,
Nanometrics,Titan TACCL-N1,3513,,
Nanometrics,Titan TACCL-N1,3519,,
Nanometrics,Titan TACCL-N1,3520,,
Nanometrics,Titan TACCL-N1,3521,,
Nanometrics,Titan TACCL-N1,3530,,
Nanometrics,Titan TACCL-N1,3549,,
Nanometrics,Titan TACCL-N1,3551,,
Nanometrics,Titan TACCL-N1,3558,,
Nanometrics,Titan TACCL-BH1,2363,,
Nanometrics,Titan TACCL-PH2,3526,,
Nanometrics,Trillium 120PA,730,,
Nanometrics,Trillium 120QA,2188,15904,
Nanometrics,Trillium 120QA,2196,15903,
Nanometrics,Trillium 120QA,2432,16598,
Nanometrics,Trillium 120QA,2434,16597,
Nanometrics,Trillium 120QA,2485,16655,
Nanometrics,Trillium 120QA,2490,16654,
Nanometrics,Trillium 120QA,3063,16909,
Nanometrics,Trillium 120QA,3064,16910,
Nanometrics,Trillium 240,161,,
Nanometrics,Trillium 360,970,16837,
Nanometrics,Trillium Borehole T120-BH1,1073,,
Nanometrics,Trillium Borehole T120-BH1,1074,,
Nanometrics,Trillium Borehole T120-BH2,003536,,
Nanometrics,Trillium Borehole T120-BH2,003537,,
Nanometrics,Trillium Borehole T120-BH2,003614,,
Nanometrics,Trillium Compact 20PH-2,8268,,
Nanometrics,Trillium Compact 20PH-2,8269,,
Nanometrics,Trillium Compact 20PH-2,10782,,
Nanometrics,Trillium Compact 120,1909,,
Nanometrics,Trillium Compact 120,2015,,
Nanometrics,Trillium Compact 120,2018,,
Nanometrics,Trillium Compact 120,2099,,
Nanometrics,Trillium Compact 120,2110,,
Nanometrics,Trillium Compact 120,2111,,
Nanometrics,Trillium Compact 120,2122,,
Nanometrics,Trillium Compact 120,2125,,
Nanometrics,Trillium Compact 120,233,,
Nanometrics,Trillium Compact 120,2358,,
Nanometrics,Trillium Compact 120,3251,,
Nanometrics,Trillium Compact 120,3264,,
Nanometrics,Trillium Compact 120,377,,
Nanometrics,Trillium Compact 120,381,,
Nanometrics,Trillium Compact 120,382,22022,
Nanometrics,Trillium Compact 120,426,,
Nanometrics,Trillium Compact 120,531,,
Nanometrics,Trillium Compact 120,538,22381,
Nanometrics,Trillium Compact 120,573,22319,
Nanometrics,Trillium Compact 120,598,22320,
Nanometrics,Trillium Compact 120,609,22321,
Nanometrics,Trillium Compact 120,617,,
Nanometrics,Trillium Compact 120,619,,
Nanometrics,Trillium Compact 120PH-2,10094,,
Nanometrics,Trillium Compact 120PH-2,10199,,
Nanometrics,Trillium Compact 120PH-2,10201,,
Nanometrics,Trillium Compact 120PH-2,10213,,
Nanometrics,Trillium Compact 120PH-2,10215,,
Nanometrics,Trillium Compact 120PH-2,10217,,
Nanometrics,Trillium Compact 120PH-2,10218,,
Nanometrics,Trillium Compact 120PH-2,10228,,
Nanometrics,Trillium Compact 120PH-2,10245,,
Nanometrics,Trillium Compact 120PH-2,10246,,
Nanometrics,Trillium Compact 120PH-2,10248,,
Nanometrics,Trillium Compact 120PH-2,10258,,
Nanometrics,Trillium Compact 120PH-2,10259,,
Nanometrics,Trillium Compact 120PH-2,10287,,
Nanometrics,Trillium Compact 120PH-2,10288,,
Nanometrics,Trillium Compact 120PH-2,10290,,
Nanometrics,Trillium Compact 120PH-2,10291,,
Nanometrics,Trillium Compact 120PH-2,10375,,
Nanometrics,Trillium Compact 120PH-2,10376,,
Nanometrics,Trillium Compact 120PH-2,10438,,
Nanometrics,Trillium Compact 120PH-2,10439,,
Nanometrics,Trillium Compact 120PH-2,10596,,
Nanometrics,Trillium Compact 120PH-2,10598,,
Nanometrics,Trillium Compact 120PH-2,10636,,
Nanometrics,Trillium Compact 120PH-2,10640,,
Nanometrics,Trillium Compact 120PH-2,10659,,
Nanometrics,Trillium Compact 120PH-2,10660,,
Nanometrics,Trillium Compact 120PH-2,10661,,
Nanometrics,Trillium Compact 120PH-2,10663,,
Nanometrics,Trillium Compact 120PH-2,10690,,
Nanometrics,Trillium Compact 120PH-2,10931,,
Nanometrics,Trillium Compact 120PH-2,10932,,
Nanometrics,Trillium Compact 120PH-2,3816,16844,
Nanometrics,Trillium Compact 120PH-2,3872,16014,
Nanometrics,Trillium Compact 120PH-2,6637,16965,
Nanometrics,Trillium Compact 120PH-2,6638,,
Nanometrics,Trillium Compact 120PH-2,8330,,
Nanometrics,Trillium Compact 120PH-2,8332,,
Nanometrics,Trillium Compact 120PH-2,8723,,
Nanometrics,Trillium Compact 120PH-2,8736,,
Nanometrics,Trillium Compact 120PH-2,8743,,
Nanometrics,Trillium Compact 120PH-2,8783,,
Nanometrics,Trillium Compact 120PH-2,8785,,
Nanometrics,Trillium Compact 120PH-2,9202,,
Nanometrics,Trillium Compact 120PH-2,9203,,
Nanometrics,Trillium Compact 120PH-2,9205,,
Nanometrics,Trillium Compact 120PH-2,9282,,
Nanometrics,Trillium Compact 120PH-2,9284,,
Nanometrics,Trillium Compact 120PH-2,9312,,
Nanometrics,Trillium Compact 120PH-2,9313,,
Nanometrics,Trillium Compact 120PH-2,9314,,
Nanometrics,Trillium Compact 120PH-2,9328,,
Nanometrics,Trillium Compact 120PH-2,9329,,
Nanometrics,Trillium Compact 120PH-2,9330,,
Nanometrics,Trillium Compact 120PH-2,9331,,
Nanometrics,Trillium Compact 120PH-2,9332,,
Nanometrics,Trillium Compact 120PH-2,9333,,
Nanometrics,Trillium Compact 120PH-2,9334,,
Nanometrics,Trillium Compact 120PH-2,9335,,
Nanometrics,Trillium Compact 120PH-2,9336,,
Nanometrics,Trillium Compact 120PH-2,9337,,
Nanometrics,Trillium Compact 120PH-2,9365,,
Nanometrics,Trillium Compact 120PH-2,9366,,
Nanometrics,Trillium Compact 120PH-2,9367,,
Nanometrics,Trillium Compact 120PH-2,9368,,
Nanometrics,Trillium Compact 120PH-2,9381,,
Nanometrics,Trillium Horizon TH120-1,799,,
Nanometrics,Trillium Horizon TH120-1,800,,
Nanometrics,Trillium Horizon TH120-1,801,,
Nanometrics,Trillium Horizon TH120-1,802,,
Nanometrics,Trillium Horizon TH120-1,803,,
Nanometrics,Trillium Horizon TH120-1,804,,
Nanometrics,Trillium Horizon TH120-1,805,,
Nanometrics,Trillium Horizon TH120-1,806,,
Nanometrics,Trillium Horizon TH120-1,807,,
Nanometrics,Trillium Horizon TH120-1,808,,
Nanometrics,Trillium Horizon TH120-1,809,,
Nanometrics,Trillium Horizon TH120-1,810,,
Nanometrics,Trillium Horizon TH120-1,811,,
Nanometrics,Trillium Horizon TH120-1,812,,
Nanometrics,Trillium Horizon TH120-1,813,,
Nanometrics,Trillium Horizon TH120-1,814,,
Nanometrics,Trillium Horizon TH120-1,815,,
Nanometrics,Trillium Horizon TH120-1,816,,
Nanometrics,Trillium Horizon TH120-1,817,,
Nanometrics,Trillium Horizon TH120-1,819,,
Nanometrics,Trillium Horizon TH120-1,820,,
Nanometrics,Trillium Horizon TH120-1,821,,
Nanometrics,Trillium Horizon TH120-1,822,,
Nanometrics,Trillium Horizon TH120-1,823,,
Nanometrics,Trillium Horizon TH120-1,824,,
Nanometrics,Trillium Horizon TH120-1,2350,,
Nanometrics,Trillium Horizon TH120-1,2351,,
Nanometrics,Trillium Horizon TH120-1,2352,,
Nanometrics,Trillium Horizon TH120-2,2581,,
Nanometrics,Trillium Horizon TH120-2,2584,,
Nanometrics,Trillium Horizon TH120-2,2692,,
Nanometrics,Trillium Horizon TH120-2,2745,,
Nanometrics,Trillium Horizon TH120-2,2836,,
Nanometrics,Trillium Horizon TH120-2,2837,,
Nanometrics,Trillium Horizon TH120-2,2838,,
Nanometrics,Trillium Horizon TH120-2,3314,,
Nanometrics,Trillium Horizon TH120-2,3349,,
Nanometrics,Trillium Horizon TH120-2,3354,,
Nanometrics,Trillium Horizon TH120-2,3355,,
Nanometrics,Trillium Horizon TH120-2,3356,,
Nanometrics,Trillium Horizon TH120-2,3737,,
Nanometrics,Trillium Horizon TH120-2,3938,,
Nanometrics,Trillium Posthole T120-PH3,3808,,
OTT Hydromet,Compact Bubbler Sensor USGS model,002,,
OTT Hydromet,Compact Bubbler Sensor USGS model,407895,16026,
OTT Hydromet,Compact Bubbler Sensor USGS model,422837,,
OTT Hydromet,Compact Bubbler Sensor USGS model,452193,,
Phoenix,PE5 SP Electrode,55862,,
Phoenix,PE5 SP Electrode,55863,,
Phoenix,PE5 SP Electrode,55864,,
Phoenix,PE5 SP Electrode,55866,,
Pronamic,Rainomatic rain gauge 1mm,001,,
Pronamic,Rainomatic rain gauge 1mm,002,,
Pronamic,Rainomatic rain gauge 1mm,003,,
Pronamic,Rainomatic rain gauge 1mm,004,,
Sensonics,SENSONICS-SP3,HUTZ_TPN,,
Sensonics,SENSONICS-SP3,OH1_TPN,,
Sensonics,SENSONICS-SP3,OH2_TPN,,
Sensonics,SENSONICS-SP3,OH3_TPN,,
Sensonics,SENSONICS-SP3,OH4_TPN,,
Sensonics,SENSONICS-SP3,WK1_TPN,,
Sensonics,SENSONICS-SP3,WK2_TPN,,
Sensonics,SENSONICS-SP3-3D,HNH_HBN,,
Sensonics,SENSONICS-SP3-3D,MRH_HBN,,
Sercel,L15,BHW_WLN,,
Sercel,L15,HUTZ_TPN,,
Sercel,L15,TMP_801,,
Sercel,L15,TMP_802,,
Sercel,L15,TMP_803,,
Sercel,L15,TMP_804,,
Sercel,L15,TMP_805,,
Sercel,L15,TMP_806,,
Sercel,L15,TMP_807,,
Sercel,L15,TMP_808,,
Sercel,L15,TMP_809,,
Sercel,L15,TMP_810,,
Sercel,L15,TMP_811,,
Sercel,L15,TMP_812,,
Sercel,L15,TMP_821,,
Sercel,L15,TMP_822,,
Sercel,L15,TMP_823,,
Sercel,L15,TMP_824,,
Sercel,L15,TMP_825,,
Sercel,L15,WK1_TPN,,
Sercel,L15,WK3_TPN,,
Sercel,L15,WK4_TPN,,
Sercel,L15-3D,QHW_WLN,,
Sercel,L4C,1371,,
Sercel,L4C,2437,,
Sercel,L4C,2438,,
Sercel,L4C,2915,,
Sercel,L4C,3549,,
Sercel,L4C,372,,
Sercel,L4C,374,,
Sercel,L4C,4462,,
Sercel,L4C,4636,,
Sercel,L4C,4796,,
Sercel,L4C,514,,
Sercel,L4C,5142,,
Sercel,L4C,5143,,
Sercel,L4C,5320,,
Sercel,L4C,5476,,
Sercel,L4C,6453,,
Sercel,L4C,6893,,
Sercel,L4C,6894,,
Sercel,L4C,6895,,
Sercel,L4C,6897,,
Sercel,L4C,6898,,
Sercel,L4C,8391,,
Sercel,L4C,8394,,
Sercel,L4C,904,,
Sercel,L4C,9151,,
Sercel,L4C,9162,,
Sercel,L4C,9721,,
Sercel,L4C,9951,,
Sercel,L4C,9952,,
Sercel,L4C,AMW_WLN_10,,
Sercel,L4C,AMW_WLN_11,,
Sercel,L4C,AUC_1,,
Sercel,L4C,BBW_WLN_10,,
Sercel,L4C,BBW_WLN_11,,
Sercel,L4C,BHW_WLN_10,,
Sercel,L4C,BHW_WLN_12,,
Sercel,L4C,BHW_WLN_13,,
Sercel,L4C,BHW_WLN_14,,
Sercel,L4C,BLW_WLN_10,,
Sercel,L4C,BLW_WLN_11,,
Sercel,L4C,BSP_1,,
Sercel,L4C,CAW_WLN_10,,
Sercel,L4C,CAW_WLN_11,,
Sercel,L4C,CCW_WLN_10,,
Sercel,L4C,CCW_WLN_11,,
Sercel,L4C,CEY_1,,
Sercel,L4C,CFC_CYN,,
Sercel,L4C,CMCZ_CYN,,
Sercel,L4C,CMZ_1,,
Sercel,L4C,CNZ_CAN,,
Sercel,L4C,CNZ_CHN,,
Sercel,L4C,CNZ_CON,,
Sercel,L4C,CNZ_TPN,,
Sercel,L4C,CNZ_WKN,,
Sercel,L4C,CYZ_1,,
Sercel,L4C,DFE_TRN,,
Sercel,L4C,DIW_WLN_10,,
Sercel,L4C,DIW_WLN_11,,
Sercel,L4C,DMP_1,,
Sercel,L4C,DRZ_CAN,,
Sercel,L4C,DRZ_CHN,,
Sercel,L4C,DRZ_CON,,
Sercel,L4C,DRZ_TPN,,
Sercel,L4C,DRZ_WKN,,
Sercel,L4C,DSZ_019,,
Sercel,L4C,DUMMY_HATZ,,
Sercel,L4C,DUMMY_WHTZ,,
Sercel,L4C,ECNZ_255,,
Sercel,L4C,ECNZ_CAN,,
Sercel,L4C,ECNZ_TPN,,
Sercel,L4C,ECNZ_WKN,,
Sercel,L4C,EDRZ_CAN,,
Sercel,L4C,EDRZ_RTN,,
Sercel,L4C,EDRZ_WKN,,
Sercel,L4C,GBZ_1,,
Sercel,L4C,GFW_WLN_10,,
Sercel,L4C,GFW_WLN_11,,
Sercel,L4C,GSP_1,,
Sercel,L4C,GSZ_1,,
Sercel,L4C,HARZ_CAN,,
Sercel,L4C,HARZ_RTN,,
Sercel,L4C,HARZ_WKN,,
Sercel,L4C,HATZ_255,,
Sercel,L4C,HATZ_CAN,,
Sercel,L4C,HATZ_RTN,,
Sercel,L4C,HATZ_TPN,,
Sercel,L4C,HATZ_WKN,,
Sercel,L4C,HGP_1,,
Sercel,L4C,HHP_1,,
Sercel,L4C,HITZ_TPN,,
Sercel,L4C,KATZ_255,,
Sercel,L4C,KATZ_CAN,,
Sercel,L4C,KATZ_TPN,,
Sercel,L4C,KATZ_WKN,,
Sercel,L4C,KAVZ_CHN,,
Sercel,L4C,KAVZ_CXN,,
Sercel,L4C,KAVZ_TPN,,
Sercel,L4C,KAVZ_WKN,,
Sercel,L4C,KETZ_TPN,,
Sercel,L4C,KHZ_007,,
Sercel,L4C,KHZ_013,,
Sercel,L4C,KIW_WLN_10,,
Sercel,L4C,KIW_WLN_11,,
Sercel,L4C,LIRZ_CAN,,
Sercel,L4C,LIRZ_RTN,,
Sercel,L4C,LIRZ_WKN,,
Sercel,L4C,LMZ_012,,
Sercel,L4C,LRCZ_CYN,,
Sercel,L4C,LSCZ_CYN,,
Sercel,L4C,MAHZ_HBN,,
Sercel,L4C,MARZ_CAN,,
Sercel,L4C,MARZ_WKN,,
Sercel,L4C,MGZ_CHN,,
Sercel,L4C,MGZ_CON,,
Sercel,L4C,MGZ_TPN,,
Sercel,L4C,MGZ_WKN,,
Sercel,L4C,MHZ_CYN,,
Sercel,L4C,MJP_1,,
Sercel,L4C,MLZ_038,,
Sercel,L4C,MMCZ_CYN,,
Sercel,L4C,MMP_1,,
Sercel,L4C,MNT_099,,
Sercel,L4C,MOH_HBN,,
Sercel,L4C,MOW_WLN_10,,
Sercel,L4C,MOW_WLN_11,,
Sercel,L4C,MRW_WLN_10,,
Sercel,L4C,MRZ_115,,
Sercel,L4C,MSCZ_CYN,,
Sercel,L4C,MSZ_022,,
Sercel,L4C,MTAZ_AKN,,
Sercel,L4C,MTW_WLN_10,,
Sercel,L4C,MTW_WLN_11,,
Sercel,L4C,NEZ_TRN,,
Sercel,L4C,NGZ_CAN,,
Sercel,L4C,NGZ_CHN,,
Sercel,L4C,NGZ_CON,,
Sercel,L4C,NGZ_TPN,,
Sercel,L4C,NGZ_WKN,,
Sercel,L4C,NOZ_104,,
Sercel,L4C,NRZ_TRN,,
Sercel,L4C,OBZ_112,,
Sercel,L4C,OPY_1,,
Sercel,L4C,OTAZ_AKN,,
Sercel,L4C,OTW_WLN_10,,
Sercel,L4C,OTW_WLN_11,,
Sercel,L4C,PAHZ_HBN_10,,
Sercel,L4C,PAHZ_HBN_11,,
Sercel,L4C,PARZ_CAN,,
Sercel,L4C,PARZ_RTN,,
Sercel,L4C,PARZ_WKN,,
Sercel,L4C,PATZ_CAN,,
Sercel,L4C,PATZ_RTN,,
Sercel,L4C,PATZ_TPN,,
Sercel,L4C,PATZ_WKN,,
Sercel,L4C,PDD_101,,
Sercel,L4C,PGZ_003,,
Sercel,L4C,PGZ_003_U,,
Sercel,L4C,PKE_TRN,,
Sercel,L4C,RATZ_255,,
Sercel,L4C,RATZ_CAN,,
Sercel,L4C,RATZ_TPN,,
Sercel,L4C,RATZ_WKN,,
Sercel,L4C,RBY_1,,
Sercel,L4C,RGZ_1,,
Sercel,L4C,RHP_1,,
Sercel,L4C,RTY_1,,
Sercel,L4C,SBCZ_CYN,,
Sercel,L4C,TAZ_CAN,,
Sercel,L4C,TAZ_RTN,,
Sercel,L4C,TAZ_TPN,,
Sercel,L4C,TAZ_WKN,,
Sercel,L4C,TBC_CYN,,
Sercel,L4C,TCW_WLN_10,,
Sercel,L4C,TCW_WLN_11,,
Sercel,L4C,TDL_103,,
Sercel,L4C,TDL_104,,
Sercel,L4C,TEHZ_HBN,,
Sercel,L4C,THP_1,,
Sercel,L4C,THZ_016,,
Sercel,L4C,TKEZ_TRN,,
Sercel,L4C,TKF_103,,
Sercel,L4C,TLC_CYN,,
Sercel,L4C,TMP_1,,
Sercel,L4C,TMP_2,,
Sercel,L4C,TTH_HBN_10,,
Sercel,L4C,TTH_HBN_11,,
Sercel,L4C,TUTZ_TPN,,
Sercel,L4C,TUVZ_CHN,,
Sercel,L4C,TUVZ_CON,,
Sercel,L4C,TUVZ_TPN,,
Sercel,L4C,TUVZ_WKN,,
Sercel,L4C,TUZ_032,,
Sercel,L4C,UTU_CAN,,
Sercel,L4C,UTU_RTN,,
Sercel,L4C,UTU_TPN,,
Sercel,L4C,UTU_WKN,,
Sercel,L4C,WAHZ_HBN_10,,
Sercel,L4C,WAHZ_HBN_11,,
Sercel,L4C,WATZ_255,,
Sercel,L4C,WATZ_CAN,,
Sercel,L4C,WATZ_TPN,,
Sercel,L4C,WATZ_WKN,,
Sercel,L4C,WDW_WLN_10,,
Sercel,L4C,WDW_WLN_11,,
Sercel,L4C,WEL_1,,
Sercel,L4C,WHH_HBN,,
Sercel,L4C,WHH_TPN,,
Sercel,L4C,WHTZ_255,,
Sercel,L4C,WHTZ_CAN,,
Sercel,L4C,WHTZ_TPN,,
Sercel,L4C,WHTZ_WKN,,
Sercel,L4C,WHW_1,,
Sercel,L4C,WHZ_037,,
Sercel,L4C,WIZ_CAN,,
Sercel,L4C,WIZ_WKN,,
Sercel,L4C,WLF_1,,
Sercel,L4C,WSD_1,,
Sercel,L4C,WSF_1,,
Sercel,L4C,WSN_1,,
Sercel,L4C,WSS_1,,
Sercel,L4C,WTAZ_AKN,,
Sercel,L4C,YARM_122,,
Sercel,L4C-3D,1117,10949,
Sercel,L4C-3D,1118,,
Sercel,L4C-3D,1119,,
Sercel,L4C-3D,1120,10875,
Sercel,L4C-3D,1131,,
Sercel,L4C-3D,1132,,
Sercel,L4C-3D,1140,10873,
Sercel,L4C-3D,1141,,
Sercel,L4C-3D,1142,12903,
Sercel,L4C-3D,1143,,
Sercel,L4C-3D,1144,,
Sercel,L4C-3D,1488,,
Sercel,L4C-3D,2818,9611,
Sercel,L4C-3D,2819,9612,
Sercel,L4C-3D,2820,9607,
Sercel,L4C-3D,2821,9605,
Sercel,L4C-3D,2822,9613,
Sercel,L4C-3D,2823,9608,
Sercel,L4C-3D,2824,9609,
Sercel,L4C-3D,2825,9606,
Sercel,L4C-3D,2826,9604,
Sercel,L4C-3D,2827,9610,
Sercel,L4C-3D,2905,9861,
Sercel,L4C-3D,2906,9862,
Sercel,L4C-3D,2907,9860,
Sercel,L4C-3D,2908,9865,
Sercel,L4C-3D,2909,9850,
Sercel,L4C-3D,2910,9863,
Sercel,L4C-3D,2911,9864,
Sercel,L4C-3D,2912,9849,
Sercel,L4C-3D,2913,9848,
Sercel,L4C-3D,2914,9847,
Sercel,L4C-3D,2986,10429,
Sercel,L4C-3D,2987,10432,
Sercel,L4C-3D,2988,10423,
Sercel,L4C-3D,2989,10471,
Sercel,L4C-3D,2990,10469,
Sercel,L4C-3D,2991,10434,
Sercel,L4C-3D,2992,10466,
Sercel,L4C-3D,2993,10430,Broken
Sercel,L4C-3D,2994,10433,
Sercel,L4C-3D,2995,10468,
Sercel,L4C-3D,2996,10426,
Sercel,L4C-3D,2997,10472,
Sercel,L4C-3D,2998,10470,
Sercel,L4C-3D,2999,10465,
Sercel,L4C-3D,3000,10427,
Sercel,L4C-3D,3001,10424,Obsolete
Sercel,L4C-3D,3002,10425,
Sercel,L4C-3D,3003,10431,
Sercel,L4C-3D,3004,10428,
Sercel,L4C-3D,3005,10467,
Sercel,L4C-3D,584,,
Sercel,L4C-3D,585,12906,
Sercel,L4C-3D,586,,
Sercel,L4C-3D,642,12902,
Sercel,L4C-3D,643,,
Sercel,L4C-3D,644,,
Sercel,L4C-3D,645,,
Sercel,L4C-3D,646,,
Sercel,L4C-3D,647,10872,
Sercel,L4C-3D,648,,Obsolete
Sercel,L4C-3D,649,,
Sercel,L4C-3D,650,10871,
Sercel,L4C-3D,651,,
Sercel,L4C-3D,652,10874,Given to Robinson Seismic
Sercel,L4C-3D,653,12908,
Sercel,L4C-3D,654,,
Sercel,L4C-3D,655,12905,
Sercel,L4C-3D,656,,
Sercel,L4C-3D,657,,
Sercel,L4C-3D,658,,
Sercel,L4C-3D,659,,
Sercel,L4C-3D,660,,
Sercel,L4C-3D,661,12904,
Sercel,L4C-3D,791,,
Sercel,L4C-3D,792,,
Sercel,L4C-3D,793,12901,
Sercel,L4C-3D,794,12907,
Sercel,L4C-3D,795,,
Sercel,L4C-3D,796,,
Sercel,L4C-3D,797,,
Sercel,L4C-3D,798,,
Sercel,L4C-3D,799,,
Sercel,L4C-3D,861,,
Sercel,L4C-3D,969,,
Sercel,L4C-3D,A11_114,,
Sercel,L4C-3D,AGA_105,,
Sercel,L4C-3D,AGA_110,,
Sercel,L4C-3D,AGA_116,,
Sercel,L4C-3D,ALLC_153,,
Sercel,L4C-3D,ARKE_102,,
Sercel,L4C-3D,ARPC_155,,
Sercel,L4C-3D,ASHV_102,,
Sercel,L4C-3D,ASHV_118,,
Sercel,L4C-3D,ASHV_182,,
Sercel,L4C-3D,AVNE_114,,
Sercel,L4C-3D,AVOA_122,,
Sercel,L4C-3D,AWAC_108,,
Sercel,L4C-3D,AWAC_181,,
Sercel,L4C-3D,BBE_101,,
Sercel,L4C-3D,BBNN_114,,
Sercel,L4C-3D,BCE_101,,
Sercel,L4C-3D,BCE_102,,
Sercel,L4C-3D,BDAF_103,,
Sercel,L4C-3D,BDPF_108,,
Sercel,L4C-3D,BEAA_117,,
Sercel,L4C-3D,BEAA_121,,
Sercel,L4C-3D,BFZ_110,,
Sercel,L4C-3D,BGLC_151,,
Sercel,L4C-3D,BLAA_105,,
Sercel,L4C-3D,BLTA_125,,
Sercel,L4C-3D,BLUC_116,,
Sercel,L4C-3D,BNDC_156,,
Sercel,L4C-3D,BPGG_115,,
Sercel,L4C-3D,BRAH_103,,
Sercel,L4C-3D,CAPE_119,,
Sercel,L4C-3D,CASA_120,,
Sercel,L4C-3D,CASM_114,,
Sercel,L4C-3D,CDZ_012,,
Sercel,L4C-3D,CDZ_015,,
Sercel,L4C-3D,CG1F_115,,
Sercel,L4C-3D,CHE_102,,
Sercel,L4C-3D,CKCJ_110,,
Sercel,L4C-3D,CLAM_156,,
Sercel,L4C-3D,CMCZ_CYN,,
Sercel,L4C-3D,COHF_105,,
Sercel,L4C-3D,CONM_103,,
Sercel,L4C-3D,CONM_153,,
Sercel,L4C-3D,CPE_181,,
Sercel,L4C-3D,CREC_107,,
Sercel,L4C-3D,CRLZ_120,,
Sercel,L4C-3D,CS2F_105,,
Sercel,L4C-3D,CSCV_108,,
Sercel,L4C-3D,DCE_199,,
Sercel,L4C-3D,DCVF_107,,
Sercel,L4C-3D,DKRV_108,,
Sercel,L4C-3D,DOUA_101,,
Sercel,L4C-3D,DSZ_019,,
Sercel,L4C-3D,DUMMY_TCW,,
Sercel,L4C-3D,ELAC_119,,
Sercel,L4C-3D,EPAV_154,,
Sercel,L4C-3D,ERQV_101,,
Sercel,L4C-3D,ERRV_104,,
Sercel,L4C-3D,ERUV_115,,
Sercel,L4C-3D,ERUV_124,,
Sercel,L4C-3D,ERUV_182,,
Sercel,L4C-3D,ESKC_103,,
Sercel,L4C-3D,EXPV_115,,
Sercel,L4C-3D,EXPV_153,,
Sercel,L4C-3D,FABM_105,,
Sercel,L4C-3D,FBYF_124,,
Sercel,L4C-3D,FLAM_116,,
Sercel,L4C-3D,FMR_107,,
Sercel,L4C-3D,FOLT_152,,
Sercel,L4C-3D,FOW_107,,
Sercel,L4C-3D,FOXA_119,,
Sercel,L4C-3D,FRBF_122,,
Sercel,L4C-3D,FRDF_117,,
Sercel,L4C-3D,GIAV_181,,
Sercel,L4C-3D,GLAA_124,,
Sercel,L4C-3D,GLET_156,,
Sercel,L4C-3D,GOHM_102,,
Sercel,L4C-3D,GRAM_101,,
Sercel,L4C-3D,GULV_111,,
Sercel,L4C-3D,GULV_115,,
Sercel,L4C-3D,GULV_156,,
Sercel,L4C-3D,GULV_181,,
Sercel,L4C-3D,GUY_151,,
Sercel,L4C-3D,GV2V_152,,
Sercel,L4C-3D,GVRV_152,,
Sercel,L4C-3D,HALA_119,,
Sercel,L4C-3D,HAN_107,,
Sercel,L4C-3D,HAN_108,,
Sercel,L4C-3D,HARA_117,,
Sercel,L4C-3D,HCKF_102,,
Sercel,L4C-3D,HOBF_114,,
Sercel,L4C-3D,HRXV_107,,
Sercel,L4C-3D,HRXV_111,,
Sercel,L4C-3D,IRVM_117,,
Sercel,L4C-3D,ISIM_108,,
Sercel,L4C-3D,ISOM_107,,
Sercel,L4C-3D,JCWJ_119,,
Sercel,L4C-3D,JCWJ_124,,
Sercel,L4C-3D,JOPM_104,,
Sercel,L4C-3D,JOPM_123,,
Sercel,L4C-3D,KAOT_154,,
Sercel,L4C-3D,KARV_108,,
Sercel,L4C-3D,KBFF_108,,
Sercel,L4C-3D,KEKM_155,,
Sercel,L4C-3D,KENM_151,,
Sercel,L4C-3D,KIDC_110,,
Sercel,L4C-3D,KIDC_182,,
Sercel,L4C-3D,KIRG_115,,
Sercel,L4C-3D,KOKE_101,,
Sercel,L4C-3D,KOKM_118,,
Sercel,L4C-3D,KONC_108,,
Sercel,L4C-3D,KONC_125,,
Sercel,L4C-3D,KONC_182,,
Sercel,L4C-3D,KOTC_115,,
Sercel,L4C-3D,KOTC_182,,
Sercel,L4C-3D,KPSF_101,,
Sercel,L4C-3D,KPSV_107,,
Sercel,L4C-3D,KPSV_123,,
Sercel,L4C-3D,KRU_108,,
Sercel,L4C-3D,KRU_109,,
Sercel,L4C-3D,KRU_151,,
Sercel,L4C-3D,LAKA_114,,
Sercel,L4C-3D,LEAM_152,,
Sercel,L4C-3D,LEAM_154,,
Sercel,L4C-3D,LICJ_121,,
Sercel,L4C-3D,LINM_101,,
Sercel,L4C-3D,LKMJ_103,,
Sercel,L4C-3D,LLRC_152,,
Sercel,L4C-3D,LLRC_154,,
Sercel,L4C-3D,LMZ_012,,
Sercel,L4C-3D,LYLM_106,,
Sercel,L4C-3D,MAHC_122,,
Sercel,L4C-3D,MAL_108,,
Sercel,L4C-3D,MAPM_109,,
Sercel,L4C-3D,MARA_113,,
Sercel,L4C-3D,MARE_104,,
Sercel,L4C-3D,MAR_112,,
Sercel,L4C-3D,MASH_116,,
Sercel,L4C-3D,MATT_151,,
Sercel,L4C-3D,MDAF_104,,
Sercel,L4C-3D,MIDV_104,,
Sercel,L4C-3D,MIQ_121,,
Sercel,L4C-3D,MKO_154,,
Sercel,L4C-3D,MOAV_153,,
Sercel,L4C-3D,MOA_034,,
Sercel,L4C-3D,MOLM_102,,
Sercel,L4C-3D,MOLM_111,,
Sercel,L4C-3D,MOTE_122,,
Sercel,L4C-3D,MOZ_108,,
Sercel,L4C-3D,MPGJ_121,,
Sercel,L4C-3D,MPGJ_122,,
Sercel,L4C-3D,MQZ_009,,
Sercel,L4C-3D,MRW_WLN_10,,
Sercel,L4C-3D,MRW_WLN_11,,
Sercel,L4C-3D,MTCA_105,,
Sercel,L4C-3D,MTNF_125,,
Sercel,L4C-3D,MURE_109,,
Sercel,L4C-3D,MUSJ_105,,
Sercel,L4C-3D,NAAF_101,,
Sercel,L4C-3D,NADF_103,,
Sercel,L4C-3D,NGI_108,,
Sercel,L4C-3D,NMCM_110,,
Sercel,L4C-3D,NOZ_104,,
Sercel,L4C-3D,NSDF_116,,
Sercel,L4C-3D,OAKV_181,,
Sercel,L4C-3D,OHPV_153,,
Sercel,L4C-3D,OHUT_155,,
Sercel,L4C-3D,OKAV_155,,
Sercel,L4C-3D,OKTV_183,,
Sercel,L4C-3D,OMAH_182,,
Sercel,L4C-3D,ONEC_101,,
Sercel,L4C-3D,OPHC_114,,
Sercel,L4C-3D,ORE_106,,
Sercel,L4C-3D,PAKE_124,,
Sercel,L4C-3D,PARE_116,,
Sercel,L4C-3D,PARF_117,,
Sercel,L4C-3D,PEAA_112,,
Sercel,L4C-3D,PHPV_197,,
Sercel,L4C-3D,PKHE_183,,
Sercel,L4C-3D,PKRC_152,,
Sercel,L4C-3D,PKRC_156,,
Sercel,L4C-3D,PKUV_106,,
Sercel,L4C-3D,PLRC_154,,
Sercel,L4C-3D,PNH_109,,
Sercel,L4C-3D,POIZ_197,,
Sercel,L4C-3D,POLA_118,,
Sercel,L4C-3D,POTF_106,,
Sercel,L4C-3D,PRSH_122,,
Sercel,L4C-3D,PUHM_115,,
Sercel,L4C-3D,PUPM_116,,
Sercel,L4C-3D,PWZ_087,,
Sercel,L4C-3D,RAHC_105,,
Sercel,L4C-3D,RANC_125,,
Sercel,L4C-3D,RANC_183,,
Sercel,L4C-3D,RANE_119,,
Sercel,L4C-3D,RDMF_104,,
Sercel,L4C-3D,RDM_113,,
Sercel,L4C-3D,REPE_118,,
Sercel,L4C-3D,RERV_125,,
Sercel,L4C-3D,RESF_108,,
Sercel,L4C-3D,RIMM_119,,
Sercel,L4C-3D,RKIA_101,,
Sercel,L4C-3D,ROBM_120,,
Sercel,L4C-3D,ROTC_121,,
Sercel,L4C-3D,ROTR_183,,
Sercel,L4C-3D,RUAE_108,,
Sercel,L4C-3D,RUNE_123,,
Sercel,L4C-3D,SBYF_111,,
Sercel,L4C-3D,SBYF_112,,
Sercel,L4C-3D,SCLF_125,,
Sercel,L4C-3D,SECF_119,,
Sercel,L4C-3D,SIZ_027,,
Sercel,L4C-3D,SMCF_109,,
Sercel,L4C-3D,SPCM_113,,
Sercel,L4C-3D,SPNN_111,,
Sercel,L4C-3D,SRWM_103,,
Sercel,L4C-3D,SRWM_121,,
Sercel,L4C-3D,SRWM_153,,
Sercel,L4C-3D,SWRV_102,,
Sercel,L4C-3D,SWRV_115,,
Sercel,L4C-3D,SWRV_117,,
Sercel,L4C-3D,TACF_110,,
Sercel,L4C-3D,TACF_111,,
Sercel,L4C-3D,TAE_104,,
Sercel,L4C-3D,TAHR_181,,
Sercel,L4C-3D,TAHZ_HBN,,
Sercel,L4C-3D,TAIA_121,,
Sercel,L4C-3D,TAMF_121,,
Sercel,L4C-3D,TAOV_102,,
Sercel,L4C-3D,TARC_111,,
Sercel,L4C-3D,TAUG_113,,
Sercel,L4C-3D,TDE_103,,
Sercel,L4C-3D,TDL_102,,
Sercel,L4C-3D,TEAC_104,,
Sercel,L4C-3D,TEAV_118,,
Sercel,L4C-3D,TEAV_181,,
Sercel,L4C-3D,TEKE_106,,
Sercel,L4C-3D,TEKE_113,,
Sercel,L4C-3D,TEU_111,,
Sercel,L4C-3D,THZ_004,,
Sercel,L4C-3D,THZ_016,,
Sercel,L4C-3D,TITC_106,,
Sercel,L4C-3D,TITC_181,,
Sercel,L4C-3D,TKF_102,,
Sercel,L4C-3D,TKF_103,,
Sercel,L4C-3D,TKTH_181,,
Sercel,L4C-3D,TLBF_119,,
Sercel,L4C-3D,TOAE_112,,
Sercel,L4C-3D,TONV_102,,
Sercel,L4C-3D,TOPV_110,,
Sercel,L4C-3D,TOPV_115,,
Sercel,L4C-3D,TOPV_182,,
Sercel,L4C-3D,TOTM_120,,
Sercel,L4C-3D,TRLG_109,,
Sercel,L4C-3D,TRN_107,,
Sercel,L4C-3D,TTTV_104,,
Sercel,L4C-3D,TURV_182,,
Sercel,L4C-3D,TURV_183,,
Sercel,L4C-3D,TWKH_152,,
Sercel,L4C-3D,UNK_102,,
Sercel,L4C-3D,VEGH_124,,
Sercel,L4C-3D,VERM_117,,
Sercel,L4C-3D,WAIA_124,,
Sercel,L4C-3D,WAIM_112,,
Sercel,L4C-3D,WAU_153,,
Sercel,L4C-3D,WBR_151,,
Sercel,L4C-3D,WCZ_007,,
Sercel,L4C-3D,WEL_121,,
Sercel,L4C-3D,WHAT_153,,
Sercel,L4C-3D,WHW_1,,
Sercel,L4C-3D,WILA_125,,
Sercel,L4C-3D,WKA_111,,
Sercel,L4C-3D,WKB_108,,
Sercel,L4C-3D,WKC_105,,
Sercel,L4C-3D,WLZ_010,,
Sercel,L4C-3D,WLZ_108,,
Sercel,L4C-3D,WMAE_125,,
Sercel,L4C-3D,WMAE_154,,
Sercel,L4C-3D,WNUV_109,,
Sercel,L4C-3D,WOOE_115,,
Sercel,L4C-3D,WPOE_107,,
Sercel,L4C-3D,WRAV_115,,
Sercel,L4C-3D,WRAV_156,,
Sercel,L4C-3D,WRAV_182,,
Sercel,L4C-3D,WROM_104,,
Sercel,L4C-3D,WROM_121,,
Sercel,L4C-3D,WTAC_124,,
Sercel,L4C-3D,WTA_102,,
Sercel,L4C-3D,WTPV_114,,
Sercel,L4C-3D,WVRV_116,,
Sercel,L4C-3D,WVZ_012,,
Sercel,L4C-3D,WVZ_018,,
Sercel,L4C-3D,WWRF_113,,
Sercel,L4C-3D,ZIHA_116,,
Sercel,L4C-3D,ZIHA_124,,
Sercel,L4C-3D,ZIHA_125,,
Servotech,T16 Type K thermocouple probe,009,,
Servotech,T16 Type K thermocouple probe 100mm,001,,
Servotech,T16 Type K thermocouple probe 100mm,002,,
Servotech,T16 Type K thermocouple probe 100mm,003,,
Servotech,T16 Type K thermocouple probe 100mm,004,,
Servotech,T16 Type K thermocouple probe 100mm,005,,
Servotech,T16 Type K thermocouple probe 100mm,006,,
Servotech,T16 Type K thermocouple probe 100mm,007,,
Servotech,T16 Type K thermocouple probe 100mm,008,,
Servotech,T16 Type K thermocouple probe 100mm,J343357A,,
Servotech,T16 Type K thermocouple probe 100mm,J343696A,,
Servotech,T16 Type K thermocouple probe 100mm,J343696C,,
Servotech,T16 Type K thermocouple probe 100mm,J343696D,,
Servotech,T16 Type K thermocouple probe 100mm,J343696F,,
Servotech,T16 Type K thermocouple probe 100mm,J343788A,,
Servotech,T16 Type K thermocouple probe 100mm,J343788B,,
Servotech,T16 Type K thermocouple probe 100mm,J343788C,,
Servotech,T16 Type K thermocouple probe 100mm,J343696B,,
Servotech,T16 Type K thermocouple probe 100mm,J343696E,,
Servotech,T16 Type K thermocouple probe 100mm,J346594H,,
Servotech,T16 Type K thermocouple probe 300mm,J343696G,,
Servotech,T16 Type K thermocouple probe 300mm,J343696H,,
Servotech,T16 Type K thermocouple probe 300mm,J343696K,,
Servotech,T16 Type K thermocouple probe 300mm,J343696L,,
Servotech,T16-j-K-3x100-F-100M WK21-TAILS,J345006C,,
Servotech,T16-j-K-3x100-F-100M WK21-TAILS,J346594I,,
Servotech,T16-j-K-3x100-F-100M WK21-TAILS,J346594J,,
Servotech,T16-j-K-3x100-F-25M WK21-TAILS,J343357B,,
Servotech,T16-j-K-3x100-F-25M WK21-TAILS,J343696I,,
Servotech,T16-j-K-3x100-F-25M WK21-TAILS,J343696J,,
Servotech,T16-j-K-3x100-F-25M WK21-TAILS,J345398C,,
Servotech,T16-j-K-3x100-F-25M WK21-TAILS,J345398D,,
Servotech,T16-j-K-3X100-F-25M WK21-TAILS,J345398E,,
Servotech,T16-j-K-3X100-F-25M WK21-TAILS,J345723C,,
Servotech,T16-j-K-3X100-F-25M WK21-TAILS,J345723D,,
Servotech,T16-j-K-3X100-F-25M WK21-TAILS,J345723E,,
Servotech,T16-j-K-3x100-F-50M WK21-TAILS,J345398F,,
Servotech,T16-j-K-3x100-F-50M WK21-TAILS,J345398G,,
Servotech,T16-j-K-3x100-F-50M WK21-TAILS,J346594F,,
Servotech,T16-j-K-3X100-F-5M WK21-TAILS,J345723A,,
Servotech,T16-j-K-3X100-F-5M WK21-TAILS,J345723B,,
Servotech,T16-j-K-3X100-F-5M WK21-TAILS,J346594A,,
Servotech,T16-j-K-3x100-F-5M WK21-TAILS,J346594B,,
Servotech,T16-j-K-3X100-F-5M WK21-TAILS,J346594C,,
Setra,270-600/12V,1351372,,
Setra,270-600/12V,1456230,,
Setra,270-600/12V,3794081,13287,
Setra,270-600/12V,3794082,,
Setra,270-600/12V,3794083,,
Setra,270-600/12V,3794084,,
Setra,270-600/12V,3891532,13669,
Setra,270-600/12V,5447411,14937,
Setra,270-600/12V,5447412,14938,
Setra,270-600/12V,5447413,14939,
Setra,270-600/12V,5447414,14940,
Setra,270-600/12V,5447415,14941,
Setra,270-600/12V,5447416,14942,
Setra,270-600/12V,6493018,14994,
Setra,270-600/12V,6493019,14996,
Setra,270-600/12V,6493020,14995,
Setra,270-600/12V,7096687,16025,
Setra,270-600/12V,7096688,16024,
Setra,270-600/12V,7465541,16038,
Setra,270-600/12V,7465542,16037,
Setra,270-600/24V,2261015,,
Setra,270-600/24V,2625797,FA3920,
Setra,270-600/24V,2625798,FA3921,
Setra,270-600/24V,2625799,FA3922,
Setra,270-600/24V,2625800,FA3923,
Setra,270-800/12V,1285389,,
Setra,270-800/12V,COVZ_255,,
Setra,270-800/12V,MIC_CAN,,
Sisgeo,Wire Crackmeter D241,201412,,
Sisgeo,Wire Crackmeter D241,201414,,
Streckeisen,STS-2,110017,9453,
Streckeisen,STS-2,110018,9357,
Streckeisen,STS-2,110019,9455,
Streckeisen,STS-2,110038,9454,
Streckeisen,STS-2,120955,13975,
Streckeisen,STS-2,30201,9210,
Streckeisen,STS-2,30202,9208,
Streckeisen,STS-2,30203,9207,
Streckeisen,STS-2,30204,9209,
Streckeisen,STS-2,60732,12994,
Streckeisen,STS-2,TMP_384,,
Streckeisen,STS-6A VBB,SNZO_BB_202408,,IU: Global Seismograph Network asset (GSN - IRIS/USGS https://doi.org/10.7914/SN/IU)
Terra Technologies,SSA-320,1324,,
Texas Instruments,LM35,001,,
Thompson Sintra Pacific,Scout Hydrophone,H1,,
Thompson Sintra Pacific,Scout Hydrophone,H2,,
Thompson Sintra Pacific,Scout Hydrophone,H3,,
Unidata,Unidata 6541 Shaft Encoder - SDI,UENC 1008,14169,
Unknown-sensor-make,Bubbler,Unknown,,Waimangu Inferno Crater 2012-19
Unknown-sensor-make,Float Operated Shaft Encoder,Unknown,,Waimangu Inferno Crater 2012-19
Unknown-sensor-make,Platinum Resistance Thermometer,Unknown,,Ruapehu Crater Lake 1993-95
Unknown-sensor-make,Thermocouple,Unknown-1,,Waimangu Inferno Crater 2012-19
Unknown-sensor-make,Thermocouple,Unknown-2,,Waimangu Inferno Crater 2012-19
Vaisala,Weather Transmitter WXT536,001,,
Vaisala,Weather Transmitter WXT536,S5320166,,
Vaisala,Weather Transmitter WXT536,R2840106,,
Vaisala,Weather Transmitter WXT536,S5310242,,
Willmore,WILLMORE I,API_1,,
Willmore,WILLMORE I,AUC_1,,
Willmore,WILLMORE I,CAZ_1,,
Willmore,WILLMORE I,CHR_1,,
Willmore,WILLMORE I,CNZ_1,,
Willmore,WILLMORE I,DNS_1,,
Willmore,WILLMORE I,DNZ_1,,
Willmore,WILLMORE I,GNZ_1,,
Willmore,WILLMORE I,HLL_1,,
Willmore,WILLMORE I,HLL_2,,
Willmore,WILLMORE I,KRP_1,,
Willmore,WILLMORE I,MNG_002_E,,
Willmore,WILLMORE I,MNG_002_N,,
Willmore,WILLMORE I,MNG_014_E,,
Willmore,WILLMORE I,MNG_014_N,,
Willmore,WILLMORE I,MQZ_009_E,,
Willmore,WILLMORE I,MQZ_009_N,,
Willmore,WILLMORE I,RAO_1,,
Willmore,WILLMORE I,ROX_1,,
Willmore,WILLMORE I,THZ_016_E,,
Willmore,WILLMORE I,THZ_016_N,,
Willmore,WILLMORE I,TNZ_1,,
Willmore,WILLMORE I,TUA_1,,
Willmore,WILLMORE I,WEL_1,,
Willmore,WILLMORE I,WGZ_1,,
Willmore,WILLMORE I,WLZ_010_E,,
Willmore,WILLMORE I,WLZ_010_N,,
Willmore,WILLMORE I,WNZ_1,,
Willmore,WILLMORE I-3D,FLW_1,,
Willmore,WILLMORE II,BRZ_1,,
Willmore,WILLMORE II,CAZ_1,,
Willmore,WILLMORE II,COB_1,,
Willmore,WILLMORE II,ECZ_1,,
Willmore,WILLMORE II,GBZ_1,,
Willmore,WILLMORE II,KHZ_007,,
Willmore,WILLMORE II,KHZ_013,,
Willmore,WILLMORE II,KKY_1,,
Willmore,WILLMORE II,MNG_002,,
Willmore,WILLMORE II,MNG_014,,
Willmore,WILLMORE II,MNW_1,,
Willmore,WILLMORE II,MQZ_009,,
Willmore,WILLMORE II,MSZ_1,,
Willmore,WILLMORE II,NDF_1,,
Willmore,WILLMORE II,NOZ_017,,
Willmore,WILLMORE II,NUE_1,,
Willmore,WILLMORE II,OMZ_1,,
Willmore,WILLMORE II,PAHZ_HBN,,
Willmore,WILLMORE II,RAO_1,,
Willmore,WILLMORE II,SUV_1,,
Willmore,WILLMORE II,THZ_016,,
Willmore,WILLMORE II,TNZ_1,,
Willmore,WILLMORE II,TRZ_1,,
Willmore,WILLMORE II,TUA_1,,
Willmore,WILLMORE II,VND_1,,
Willmore,WILLMORE II,WEL_1,,
Willmore,WILLMORE II,WLZ_010,,
Willmore,WILLMORE II,WPZ_1,,
Willmore,WILLMORE II,WTZ_1,,
Willmore,WILLMORE II (3D),GNZ_1,,
Willmore,WILLMORE II (3D),MJZ_1,,
Willmore,WILLMORE II-3D,CBZ_1,,
Willmore,WILLMORE II-3D,CIZ_1,,
Willmore,WILLMORE II-3D,CRZ_1,,
Willmore,WILLMORE II-3D,TAHZ_HBN,,
Willmore,WILLMORE II-3D,TAHZ_HBN_10,,
Willmore,WILLMORE II-3D,WEL_001,,
Willmore,WILLMORE II-3D,WEL_202,,
Willmore,WILLMORE II-3D,WEL_WLN,,
Willmore,WILLMORE III-3D,DNZ_1,,
