Make,Model,Serial,Mark,Start Date,End Date
"Allen Osborne Associates, Inc.",ROGUE SNR-8000,132,AUCK,1995-05-31T00:00:00Z,1995-06-02T00:00:00Z
"Allen Osborne Associates, Inc.",ROGUE SNR-8000,132,AUCK,1995-09-18T00:00:00Z,2001-10-28T00:00:00Z
"Allen Osborne Associates, Inc.",ROGUE SNR-8000,133,CHAT,1995-10-04T00:00:00Z,2001-11-28T00:00:00Z
Leica Geosystems,LEICA CRS1000,23181,DUNT,1999-09-23T00:00:03Z,2000-08-01T00:00:00Z
Leica Geosystems,LEICA CRS1000,23181,DUNT,2000-08-14T00:00:01Z,2002-04-05T00:00:00Z
Leica Geosystems,LEICA CRS1000,23183,WGTT,2000-05-31T00:00:01Z,2006-08-24T01:20:00Z
Leica Geosystems,LEICA CRS1000,23199,LYTT,1999-11-15T00:00:03Z,2003-11-23T23:59:59Z
Leica Geosystems,LEICA CRS1000,23204,WGTT,1999-12-14T00:00:00Z,1999-12-20T00:00:00Z
Leica Geosystems,LEICA CRS1000,23242,WGTT,1999-12-20T00:00:01Z,2000-01-06T00:00:00Z
Leica Geosystems,LEICA CRS1000,23243,WGTT,2000-01-06T00:00:01Z,2000-05-31T00:00:00Z
Leica Geosystems,LEICA CRS1000,23243,DUNT,2000-08-01T00:00:01Z,2000-08-14T00:00:00Z
Leica Geosystems,LEICA CRS1000,23243,TAKL,2001-07-11T00:00:00Z,2007-07-05T03:44:00Z
Leica Geosystems,LEICA CRS1000,30188,DUNT,2002-04-05T00:00:02Z,2007-06-05T23:59:59Z
Leica Geosystems,LEICA GRX1200GGPRO,353205,LYTT,2007-09-26T00:00:01Z,9999-01-01T00:00:00Z
Leica Geosystems,LEICA GRX1200GGPRO,463475,DUNT,2007-06-06T00:00:00Z,2024-07-31T03:26:45Z
Leica Geosystems,LEICA RS500,82242,LYTT,2003-11-24T00:00:00Z,2007-09-26T00:00:00Z
Thales,ASHTECH MICROZ,ZR220021105,AUCK,2002-12-01T00:02:00Z,2003-01-09T00:00:00Z
Thales,ASHTECH Z-XII3,LP00155,WGTN,1996-05-23T00:00:00Z,2005-03-21T01:59:59Z
Thales,ASHTECH Z-XII3,LP00611,GRAC,1999-10-14T00:00:00Z,1999-11-11T00:00:00Z
Thales,ASHTECH Z-XII3,LP00611,FALE,2000-01-18T00:00:00Z,2010-10-21T22:13:00Z
Thales,ASHTECH Z-XII3,LP01192,GRAC,1998-07-10T00:00:00Z,1999-08-03T00:00:00Z
Thales,ASHTECH Z-XII3,LP01192,FALE,1999-08-10T00:00:00Z,1999-12-23T00:00:00Z
Thales,ASHTECH Z-XII3,LP01192,GRAC,2000-02-18T00:00:01Z,2001-01-05T00:00:00Z
Thales,ASHTECH Z-XII3,LP01192,GRAC,2001-01-25T00:00:00Z,2001-01-30T23:59:59Z
Thales,ASHTECH Z-XII3,LP01192,CHAT,2002-02-20T01:00:01Z,2002-03-28T00:00:00Z
Thales,ASHTECH Z-XII3,LP01199,FALE,1996-11-13T00:00:00Z,1997-04-10T23:59:59Z
Thales,ASHTECH Z-XII3,LP01211,NIUC,1996-11-13T00:00:00Z,1997-04-24T23:59:59Z
Thales,ASHTECH Z-XII3,LP020000305,GRAC,1999-11-23T00:00:00Z,1999-12-28T00:00:00Z
Thales,ASHTECH Z-XII3,LP020000805,PAEK,2000-04-11T00:00:00Z,2006-07-27T00:00:00Z
Thales,ASHTECH Z-XII3,LP02739,NIUC,1997-04-25T00:00:00Z,2003-11-01T00:00:01Z
Thales,ASHTECH Z-XII3,LP02741,FALE,1997-04-11T00:00:00Z,1999-08-09T23:59:59Z
Thales,ASHTECH Z-XII3,LP02741,VAVS,2000-09-21T00:00:00Z,2008-10-05T11:08:00Z
Thales,ASHTECH Z-XII3,LP03211,HOKI,1998-07-06T00:00:00Z,2003-09-05T22:56:00Z
Thales,ASHTECH Z-XII3,LP419994101,GRAC,2000-01-26T00:00:00Z,2000-02-18T00:00:00Z
Thales,ASHTECH Z-XII3,LP419994101,CHAT,2001-11-28T02:14:00Z,2002-02-20T01:00:00Z
Thales,ASHTECH Z-XII3,LP419994101,CHAT,2002-03-28T00:09:30Z,2012-05-23T20:00:00Z
Thales,ASHTECH Z-XII3,LP419994102,VAVS,2000-09-20T00:00:00Z,2000-09-20T23:59:59Z
Thales,ASHTECH Z-XII3,LP419994102,AUCK,2001-10-28T02:17:00Z,2002-12-01T00:01:00Z
Thales,ASHTECH Z-XII3,LP419994102,AUCK,2003-01-09T02:00:00Z,2005-11-03T03:59:00Z
Thales,ASHTECH Z-XII3,LP419994103,MQZG,2001-09-03T00:00:01Z,2005-02-28T03:00:00Z
Trimble Navigation Ltd.,TRIMBLE 4000SSE,7590,OUSD,1995-01-16T00:00:00Z,1999-08-08T23:59:59Z
Trimble Navigation Ltd.,TRIMBLE 4000SSE,7590,OUSD,1999-08-13T00:00:00Z,2005-11-16T23:59:59Z
Trimble Navigation Ltd.,TRIMBLE 4000SSI,18169,OUSD,2005-11-17T00:00:00Z,2006-01-30T23:59:59Z
Trimble Navigation Ltd.,TRIMBLE 4000SSI,3609A14696,MTJO,2000-08-15T00:00:00Z,2004-06-05T02:00:00Z
Trimble Navigation Ltd.,TRIMBLE 4000SSI,3616A15401,NETT,2000-02-07T00:00:00Z,2008-03-18T04:00:00Z
Trimble Navigation Ltd.,TRIMBLE 4000SSI,3616A15413,CNCL,2000-02-05T00:00:00Z,2007-02-01T20:00:00Z
Trimble Navigation Ltd.,TRIMBLE 4000SSI,3626A16313,KARA,2000-02-05T00:00:00Z,2007-02-01T19:29:59Z
Trimble Navigation Ltd.,TRIMBLE 4000SSI,3626A16319,QUAR,2000-02-05T00:00:00Z,2004-10-13T17:59:59Z
Trimble Navigation Ltd.,TRIMBLE 4000SSI,3626A16319,BNET,2005-02-15T00:00:00Z,2012-09-01T00:00:01Z
Trimble Navigation Ltd.,TRIMBLE 4000SSI,3626A16335,WAKA,2000-11-02T00:00:00Z,2001-12-13T00:00:00Z
Trimble Navigation Ltd.,TRIMBLE 4000SSI,3832A23786,GRAC,1999-09-16T00:00:00Z,1999-09-22T00:00:00Z
Trimble Navigation Ltd.,TRIMBLE 4000SSI,3832A23786,MQZG,1999-09-27T00:00:00Z,2001-09-03T00:00:00Z
Trimble Navigation Ltd.,TRIMBLE 4000SSI,3834A23793,GRAC,2001-01-31T00:00:00Z,2006-08-28T02:05:00Z
Trimble Navigation Ltd.,TRIMBLE 4000SSI,3866,OUSD,1999-08-09T00:00:00Z,1999-08-12T23:59:59Z
Trimble Navigation Ltd.,TRIMBLE 4000SSI,4016A28152,WAKA,2002-05-31T02:44:30Z,2007-02-01T20:59:58Z
Trimble Navigation Ltd.,TRIMBLE 5700,0220266487,GISB,2002-06-28T00:00:00Z,2002-09-10T21:59:59Z
Trimble Navigation Ltd.,TRIMBLE 5700,0220266487,TRNG,2003-02-17T23:59:00Z,2004-02-23T23:00:00Z
Trimble Navigation Ltd.,TRIMBLE 5700,0220267068,NPLY,2003-03-20T23:59:00Z,2004-01-30T00:02:00Z
Trimble Navigation Ltd.,TRIMBLE 5700,0220267068,TRNG,2004-02-23T23:01:00Z,2004-05-26T19:00:00Z
Trimble Navigation Ltd.,TRIMBLE 5700,0220267073,MAST,2003-01-01T00:00:00Z,2004-05-24T23:00:00Z
Trimble Navigation Ltd.,TRIMBLE 5700,0220267074,TAUP,2002-03-22T00:00:00Z,2002-09-09T23:00:00Z
Trimble Navigation Ltd.,TRIMBLE 5700,0220267074,WHNG,2003-04-02T23:59:00Z,2004-10-14T23:59:00Z
Trimble Navigation Ltd.,TRIMBLE 5700,0220267074,HAST,2005-01-06T22:00:00Z,2006-08-01T21:00:00Z
Trimble Navigation Ltd.,TRIMBLE 5700,0220267074,GISB,2006-11-13T23:32:30Z,2007-02-15T02:20:00Z
Trimble Navigation Ltd.,TRIMBLE 5700,0220283944,WANG,2003-04-17T23:59:00Z,2007-01-18T03:00:00Z
Trimble Navigation Ltd.,TRIMBLE 5700,0220284004,HIKB,2003-05-16T23:59:00Z,2004-03-29T01:00:00Z
Trimble Navigation Ltd.,TRIMBLE 5700,0220284004,GISB,2004-04-08T02:30:00Z,2006-11-10T00:00:00Z
Trimble Navigation Ltd.,TRIMBLE 5700,0220284692,DNVK,2002-10-01T00:00:00Z,2006-01-26T23:39:18Z
Trimble Navigation Ltd.,TRIMBLE 5700,0220287017,TAUP,2002-09-09T23:00:01Z,2004-01-29T00:00:01Z
Trimble Navigation Ltd.,TRIMBLE 5700,0220287018,HAST,2002-09-10T22:00:00Z,2005-01-06T20:00:00Z
Trimble Navigation Ltd.,TRIMBLE 5700,0220287079,GISB,2002-09-10T22:00:00Z,2004-04-08T02:29:00Z
Trimble Navigation Ltd.,TRIMBLE 5700,0220308726,SUTT,2017-03-09T00:00:03Z,2017-06-27T01:10:05Z
Trimble Navigation Ltd.,TRIMBLE 5700,0220825490,VGOT,2004-05-16T00:00:00Z,2004-05-20T00:00:00Z
Trimble Navigation Ltd.,TRIMBLE 5700,0440100689,HOKI,2003-09-05T22:57:00Z,2004-07-11T23:59:00Z
Trimble Navigation Ltd.,TRIMBLE 5700,0440100689,HOKI,2004-12-25T22:00:00Z,2007-05-14T23:00:00Z
Trimble Navigation Ltd.,TRIMBLE 5700,0440101187,HAMT,2003-05-01T23:59:00Z,2005-12-05T03:59:59Z
Trimble Navigation Ltd.,TRIMBLE 5700,0440101196,VGWT,2005-03-01T00:00:00Z,2005-03-08T00:00:00Z
Trimble Navigation Ltd.,TRIMBLE 5700,0440101356,HOKI,2004-07-12T00:00:00Z,2004-12-25T21:59:59Z
Trimble Navigation Ltd.,TRIMBLE 5700,0440101789,VGDR,2004-05-16T00:00:00Z,2004-05-20T00:00:00Z
Trimble Navigation Ltd.,TRIMBLE 5700,0440105385,CORM,2003-05-09T23:59:00Z,2006-11-08T05:00:00Z
Trimble Navigation Ltd.,TRIMBLE 5700,220280300,HORN,2002-11-20T00:00:00Z,2012-08-30T21:30:00Z
Trimble Navigation Ltd.,TRIMBLE ALLOY,5920R40012,TGHO,2022-06-22T22:27:08Z,2023-05-24T21:06:00Z
Trimble Navigation Ltd.,TRIMBLE ALLOY,5920R40012,ARTA,2023-07-10T22:54:38Z,9999-01-01T00:00:00Z
Trimble Navigation Ltd.,TRIMBLE ALLOY,5920R40015,LKTA,2020-03-11T00:38:46Z,9999-01-01T00:00:00Z
Trimble Navigation Ltd.,TRIMBLE ALLOY,5920R40019,MCNL,2019-10-03T01:08:00Z,9999-01-01T00:00:00Z
Trimble Navigation Ltd.,TRIMBLE ALLOY,5920R40020,TAUP,2020-01-14T23:03:04Z,9999-01-01T00:00:00Z
Trimble Navigation Ltd.,TRIMBLE ALLOY,5920R40042,KAIK,2020-03-11T22:33:02Z,2021-01-13T22:24:49Z
Trimble Navigation Ltd.,TRIMBLE ALLOY,5920R40042,KAIK,2021-01-18T20:24:46Z,9999-01-01T00:00:00Z
Trimble Navigation Ltd.,TRIMBLE ALLOY,5920R40051,DNVK,2019-10-14T03:04:44Z,9999-01-01T00:00:00Z
Trimble Navigation Ltd.,TRIMBLE ALLOY,5920R40083,VGMT,2020-02-25T23:13:02Z,9999-01-01T00:00:00Z
Trimble Navigation Ltd.,TRIMBLE ALLOY,5920R40086,CLIM,2019-07-07T22:54:08Z,2019-09-11T01:43:07Z
Trimble Navigation Ltd.,TRIMBLE ALLOY,5920R40086,DUND,2019-10-01T00:07:14Z,9999-01-01T00:00:00Z
Trimble Navigation Ltd.,TRIMBLE ALLOY,5920R40088,NPLY,2019-10-16T22:05:32Z,9999-01-01T00:00:00Z
Trimble Navigation Ltd.,TRIMBLE ALLOY,5920R40091,MAHO,2019-10-16T03:13:44Z,9999-01-01T00:00:00Z
Trimble Navigation Ltd.,TRIMBLE ALLOY,5920R40094,WHKT,2019-10-21T23:16:56Z,9999-01-01T00:00:00Z
Trimble Navigation Ltd.,TRIMBLE ALLOY,5920R40096,WAIM,2020-01-28T03:10:46Z,9999-01-01T00:00:00Z
Trimble Navigation Ltd.,TRIMBLE ALLOY,5920R40097,NLSN,2020-02-03T23:45:08Z,9999-01-01T00:00:00Z
Trimble Navigation Ltd.,TRIMBLE ALLOY,5920R40099,LEXA,2019-10-10T03:44:02Z,9999-01-01T00:00:00Z
Trimble Navigation Ltd.,TRIMBLE ALLOY,5920R40101,HAAS,2019-12-12T00:25:46Z,9999-01-01T00:00:00Z
Trimble Navigation Ltd.,TRIMBLE ALLOY,5920R40105,GISB,2019-11-18T23:46:02Z,9999-01-01T00:00:00Z
Trimble Navigation Ltd.,TRIMBLE ALLOY,5920R40106,HOKI,2019-12-08T23:19:38Z,9999-01-01T00:00:00Z
Trimble Navigation Ltd.,TRIMBLE ALLOY,5920R40110,PARW,2019-10-24T23:08:50Z,2025-07-28T23:03:01Z
Trimble Navigation Ltd.,TRIMBLE ALLOY,5920R40112,WRPA,2019-09-03T03:50:30Z,9999-01-01T00:00:00Z
Trimble Navigation Ltd.,TRIMBLE ALLOY,5921R40118,RCHD,2019-08-27T00:03:38Z,9999-01-01T00:00:00Z
Trimble Navigation Ltd.,TRIMBLE ALLOY,5921R40119,FRTN,2019-10-02T02:06:00Z,9999-01-01T00:00:00Z
Trimble Navigation Ltd.,TRIMBLE ALLOY,5921R40120,PYGR,2019-10-03T01:22:08Z,9999-01-01T00:00:00Z
Trimble Navigation Ltd.,TRIMBLE ALLOY,5921R40121,KTIA,2019-09-25T00:43:38Z,9999-01-01T00:00:00Z
Trimble Navigation Ltd.,TRIMBLE ALLOY,5921R40122,BLUF,2019-12-16T02:14:08Z,9999-01-01T00:00:00Z
Trimble Navigation Ltd.,TRIMBLE ALLOY,5921R40124,MAKO,2019-11-05T20:47:59Z,9999-01-01T00:00:00Z
Trimble Navigation Ltd.,TRIMBLE ALLOY,5921R40132,WGTN,2020-02-14T01:16:38Z,9999-01-01T00:00:00Z
Trimble Navigation Ltd.,TRIMBLE ALLOY,5921R40133,CHTI,2019-10-31T00:35:08Z,9999-01-01T00:00:00Z
Trimble Navigation Ltd.,TRIMBLE ALLOY,5921R40134,SCTB,2019-11-01T23:52:29Z,9999-01-01T00:00:00Z
Trimble Navigation Ltd.,TRIMBLE ALLOY,5921R40136,HAST,2019-11-14T01:14:08Z,9999-01-01T00:00:00Z
Trimble Navigation Ltd.,TRIMBLE ALLOY,5921R40137,CORM,2019-10-22T23:00:32Z,9999-01-01T00:00:00Z
Trimble Navigation Ltd.,TRIMBLE ALLOY,5921R40138,HIKB,2019-11-20T01:43:44Z,9999-01-01T00:00:00Z
Trimble Navigation Ltd.,TRIMBLE ALLOY,5921R40141,HAMT,2019-09-26T23:12:16Z,9999-01-01T00:00:00Z
Trimble Navigation Ltd.,TRIMBLE ALLOY,5921R40144,MTJO,2020-01-28T22:52:16Z,9999-01-01T00:00:00Z
Trimble Navigation Ltd.,TRIMBLE ALLOY,5921R40145,MAVL,2019-10-03T21:36:38Z,9999-01-01T00:00:00Z
Trimble Navigation Ltd.,TRIMBLE ALLOY,5921R40146,AUCK,2019-10-23T23:34:46Z,9999-01-01T00:00:00Z
Trimble Navigation Ltd.,TRIMBLE ALLOY,5921R40150,WARK,2019-09-26T01:03:16Z,9999-01-01T00:00:00Z
Trimble Navigation Ltd.,TRIMBLE ALLOY,5921R40154,MQZG,2020-01-29T22:19:46Z,9999-01-01T00:00:00Z
Trimble Navigation Ltd.,TRIMBLE ALLOY,5921R40158,WHNG,2019-09-23T05:15:16Z,9999-01-01T00:00:00Z
Trimble Navigation Ltd.,TRIMBLE ALLOY,5921R40159,TRNG,2019-10-21T00:48:16Z,9999-01-01T00:00:00Z
Trimble Navigation Ltd.,TRIMBLE ALLOY,5921R40160,WEST,2019-12-10T02:10:47Z,9999-01-01T00:00:00Z
Trimble Navigation Ltd.,TRIMBLE ALLOY,5921R40168,HANM,2019-10-22T03:00:26Z,9999-01-01T00:00:00Z
Trimble Navigation Ltd.,TRIMBLE ALLOY,5921R40171,HORN,2019-09-18T01:42:59Z,9999-01-01T00:00:00Z
Trimble Navigation Ltd.,TRIMBLE ALLOY,5921R40174,RAKW,2019-09-09T23:22:59Z,9999-01-01T00:00:00Z
Trimble Navigation Ltd.,TRIMBLE ALLOY,5921R40175,AVLN,2020-07-08T02:12:16Z,9999-01-01T00:00:00Z
Trimble Navigation Ltd.,TRIMBLE ALLOY,5921R40176,HANA,2019-11-05T01:07:38Z,9999-01-01T00:00:00Z
Trimble Navigation Ltd.,TRIMBLE ALLOY,5921R40183,METH,2019-09-19T01:15:32Z,9999-01-01T00:00:00Z
Trimble Navigation Ltd.,TRIMBLE ALLOY,5921R40189,VGTM,2019-10-29T22:31:00Z,9999-01-01T00:00:00Z
Trimble Navigation Ltd.,TRIMBLE ALLOY,5921R40190,WANG,2019-10-15T00:08:16Z,9999-01-01T00:00:00Z
Trimble Navigation Ltd.,TRIMBLE ALLOY,5921R40198,KAIK,2021-01-13T22:24:50Z,2021-01-18T20:24:45Z
Trimble Navigation Ltd.,TRIMBLE ALLOY,5921R40198,PAKI,2021-03-09T19:13:02Z,9999-01-01T00:00:00Z
Trimble Navigation Ltd.,TRIMBLE ALLOY,5921R40205,GLDB,2020-02-03T01:28:56Z,2025-03-25T23:41:45Z
Trimble Navigation Ltd.,TRIMBLE ALLOY,5940R40036,TGRI,2020-01-13T20:40:08Z,9999-01-01T00:00:00Z
Trimble Navigation Ltd.,TRIMBLE ALLOY,5940R40042,MNMW,2023-09-21T00:00:00Z,9999-01-01T00:00:00Z
Trimble Navigation Ltd.,TRIMBLE ALLOY,5940R40044,TRAV,2019-12-05T02:45:50Z,9999-01-01T00:00:00Z
Trimble Navigation Ltd.,TRIMBLE ALLOY,5940R40053,WHVR,2019-12-03T21:20:38Z,9999-01-01T00:00:00Z
Trimble Navigation Ltd.,TRIMBLE ALLOY,5944R40020,MNHR,2019-12-04T20:27:14Z,9999-01-01T00:00:00Z
Trimble Navigation Ltd.,TRIMBLE ALLOY,5944R40021,RGHD,2019-12-17T02:53:59Z,9999-01-01T00:00:00Z
Trimble Navigation Ltd.,TRIMBLE ALLOY,5944R40026,VEXA,2020-01-15T23:10:02Z,9999-01-01T00:00:00Z
Trimble Navigation Ltd.,TRIMBLE ALLOY,5944R40027,RGRR,2019-12-17T01:14:59Z,9999-01-01T00:00:00Z
Trimble Navigation Ltd.,TRIMBLE ALLOY,5944R40034,RGMT,2019-12-17T20:59:02Z,9999-01-01T00:00:00Z
Trimble Navigation Ltd.,TRIMBLE ALLOY,5944R40038,PAWA,2019-12-04T02:44:08Z,9999-01-01T00:00:00Z
Trimble Navigation Ltd.,TRIMBLE ALLOY,5945R40085,TURI,2020-12-21T00:11:08Z,9999-01-01T00:00:00Z
Trimble Navigation Ltd.,TRIMBLE ALLOY,5946R40014,VGWT,2021-01-14T23:55:02Z,9999-01-01T00:00:00Z
Trimble Navigation Ltd.,TRIMBLE ALLOY,5946R40016,RGUT,2019-12-16T22:11:26Z,9999-01-01T00:00:00Z
Trimble Navigation Ltd.,TRIMBLE ALLOY,5946R40017,RAUL,2020-03-26T08:38:32Z,9999-01-01T00:00:00Z
Trimble Navigation Ltd.,TRIMBLE ALLOY,5946R40026,RGHL,2021-06-01T21:46:08Z,9999-01-01T00:00:00Z
Trimble Navigation Ltd.,TRIMBLE ALLOY,5946R40027,WAHU,2020-03-11T02:03:08Z,9999-01-01T00:00:00Z
Trimble Navigation Ltd.,TRIMBLE ALLOY,5946R40031,RLTN,2020-06-22T22:11:38Z,2020-11-03T00:27:07Z
Trimble Navigation Ltd.,TRIMBLE ALLOY,5946R40033,KAPT,2020-02-11T20:15:38Z,9999-01-01T00:00:00Z
Trimble Navigation Ltd.,TRIMBLE ALLOY,5946R40034,TGTK,2020-01-29T21:48:38Z,9999-01-01T00:00:00Z
Trimble Navigation Ltd.,TRIMBLE ALLOY,5946R40069,SCTY,2020-06-23T01:06:32Z,2020-10-27T23:29:07Z
Trimble Navigation Ltd.,TRIMBLE ALLOY,5946R40072,MKNO,2020-02-12T03:08:38Z,9999-01-01T00:00:00Z
Trimble Navigation Ltd.,TRIMBLE ALLOY,5949R40011,KAWK,2022-01-18T02:21:14Z,9999-01-01T00:00:00Z
Trimble Navigation Ltd.,TRIMBLE ALLOY,5949R40013,SEDD,2022-02-23T04:52:02Z,9999-01-01T00:00:00Z
Trimble Navigation Ltd.,TRIMBLE ALLOY,5949R40019,OKOH,2022-08-24T04:34:38Z,9999-01-01T00:00:00Z
Trimble Navigation Ltd.,TRIMBLE ALLOY,5951R40056,TENN,2022-11-15T22:09:02Z,9999-01-01T00:00:00Z
Trimble Navigation Ltd.,TRIMBLE ALLOY,5953R40012,NRSW,2020-12-20T20:43:38Z,9999-01-01T00:00:00Z
Trimble Navigation Ltd.,TRIMBLE ALLOY,6013R40089,OROA,2020-12-20T22:13:59Z,9999-01-01T00:00:00Z
Trimble Navigation Ltd.,TRIMBLE ALLOY,6013R40113,PNUI,2021-01-27T21:45:08Z,9999-01-01T00:00:00Z
Trimble Navigation Ltd.,TRIMBLE ALLOY,6015R40027,WAKA,2021-03-31T00:47:08Z,9999-01-01T00:00:00Z
Trimble Navigation Ltd.,TRIMBLE ALLOY,6015R40029,RAHI,2021-02-02T02:30:38Z,9999-01-01T00:00:00Z
Trimble Navigation Ltd.,TRIMBLE ALLOY,6015R40031,TKHL,2021-01-05T21:41:02Z,9999-01-01T00:00:00Z
Trimble Navigation Ltd.,TRIMBLE ALLOY,6016R40025,2406,2021-06-01T03:02:08Z,9999-01-01T00:00:00Z
Trimble Navigation Ltd.,TRIMBLE ALLOY,6016R40301,RAUM,2021-03-09T18:46:02Z,9999-01-01T00:00:00Z
Trimble Navigation Ltd.,TRIMBLE ALLOY,6017R40018,TKAR,2020-08-31T02:52:20Z,9999-01-01T00:00:00Z
Trimble Navigation Ltd.,TRIMBLE ALLOY,6050R40026,PTOI,2022-10-11T21:46:32Z,9999-01-01T00:00:00Z
Trimble Navigation Ltd.,TRIMBLE ALLOY,6103R40200,CNCL,2022-10-18T19:18:32Z,9999-01-01T00:00:00Z
Trimble Navigation Ltd.,TRIMBLE ALLOY,6105R40069,NLS3,2022-08-24T04:31:08Z,9999-01-01T00:00:00Z
Trimble Navigation Ltd.,TRIMBLE ALLOY,6107R40025,CMBL,2022-02-23T03:39:08Z,9999-01-01T00:00:00Z
Trimble Navigation Ltd.,TRIMBLE ALLOY,6107R40079,TGK1,2022-12-19T21:53:26Z,9999-01-01T00:00:00Z
Trimble Navigation Ltd.,TRIMBLE ALLOY,6131R40073,QUAR,2022-08-09T23:26:08Z,2024-10-16T23:00:43Z
Trimble Navigation Ltd.,TRIMBLE ALLOY,6136R40009,NLS4,2022-08-24T01:22:38Z,9999-01-01T00:00:00Z
Trimble Navigation Ltd.,TRIMBLE ALLOY,6136R40064,CLIM,2022-08-30T23:01:38Z,9999-01-01T00:00:00Z
Trimble Navigation Ltd.,TRIMBLE ALLOY,6139R40184,WMAT,2022-08-09T23:40:08Z,9999-01-01T00:00:00Z
Trimble Navigation Ltd.,TRIMBLE ALLOY,6139R40213,VGET,2023-01-16T01:46:20Z,2023-09-01T01:04:01Z
Trimble Navigation Ltd.,TRIMBLE ALLOY,6141R40102,ANAU,2022-08-10T03:58:02Z,9999-01-01T00:00:00Z
Trimble Navigation Ltd.,TRIMBLE ALLOY,6148R40041,RGRE,2023-06-15T23:36:08Z,9999-01-01T00:00:00Z
Trimble Navigation Ltd.,TRIMBLE ALLOY,6204R40087,MTPR,2022-10-18T22:22:20Z,9999-01-01T00:00:00Z
Trimble Navigation Ltd.,TRIMBLE ALLOY,6205R40047,VGNG,2022-11-01T23:44:08Z,9999-01-01T00:00:00Z
Trimble Navigation Ltd.,TRIMBLE ALLOY,6205R40175,PGNE,2023-07-12T02:35:09Z,9999-01-01T00:00:00Z
Trimble Navigation Ltd.,TRIMBLE ALLOY,6221R40012,VGET,2023-09-01T01:04:02Z,9999-01-01T00:00:00Z
Trimble Navigation Ltd.,TRIMBLE ALLOY,6221R40037,MRBL,2024-01-24T22:11:38Z,9999-01-01T00:00:00Z
Trimble Navigation Ltd.,TRIMBLE ALLOY,6221R40081,AUKT,2022-09-05T22:15:32Z,2023-03-30T00:01:01Z
Trimble Navigation Ltd.,TRIMBLE ALLOY,6221R40081,VGPK,2025-07-16T00:31:38Z,9999-01-01T00:00:00Z
Trimble Navigation Ltd.,TRIMBLE ALLOY,6221R40143,IFMA,2025-03-12T01:58:50Z,9999-01-01T00:00:00Z
Trimble Navigation Ltd.,TRIMBLE ALLOY,6222R40031,KAHU,2023-07-19T01:03:44Z,9999-01-01T00:00:00Z
Trimble Navigation Ltd.,TRIMBLE ALLOY,6222R40034,WGTT,2024-07-15T01:21:20Z,9999-01-01T00:00:00Z
Trimble Navigation Ltd.,TRIMBLE ALLOY,6222R40124,RGMK,2023-09-25T23:14:38Z,9999-01-01T00:00:00Z
Trimble Navigation Ltd.,TRIMBLE ALLOY,6222R40136,YALD,2023-11-14T22:47:26Z,9999-01-01T00:00:00Z
Trimble Navigation Ltd.,TRIMBLE ALLOY,6222R40151,RDLV,2024-07-31T01:18:02Z,9999-01-01T00:00:00Z
Trimble Navigation Ltd.,TRIMBLE ALLOY,6223R40055,AUKT,2023-03-30T00:01:02Z,9999-01-01T00:00:00Z
Trimble Navigation Ltd.,TRIMBLE ALLOY,6223R40059,RGAR,2025-07-07T03:23:56Z,9999-01-01T00:00:00Z
Trimble Navigation Ltd.,TRIMBLE ALLOY,6223R40085,PGKH,2025-05-05T21:15:32Z,9999-01-01T00:00:00Z
Trimble Navigation Ltd.,TRIMBLE ALLOY,6225R40007,2004,2022-12-06T01:37:08Z,2024-07-04T01:41:19Z
Trimble Navigation Ltd.,TRIMBLE ALLOY,6225R40007,PKTP,2024-07-04T01:41:20Z,9999-01-01T00:00:00Z
Trimble Navigation Ltd.,TRIMBLE ALLOY,6225R40025,TGHM,2023-05-25T04:19:02Z,9999-01-01T00:00:00Z
Trimble Navigation Ltd.,TRIMBLE ALLOY,6225R40069,MWOR,2024-12-04T02:45:38Z,9999-01-01T00:00:00Z
Trimble Navigation Ltd.,TRIMBLE ALLOY,6225R40076,TGWH,2025-07-09T22:27:14Z,9999-01-01T00:00:00Z
Trimble Navigation Ltd.,TRIMBLE ALLOY,6322R40173,TBWT,2025-02-25T02:24:38Z,9999-01-01T00:00:00Z
Trimble Navigation Ltd.,TRIMBLE ALLOY,6327R40121,GRNG,2024-07-29T23:57:44Z,9999-01-01T00:00:00Z
Trimble Navigation Ltd.,TRIMBLE ALLOY,6402R40008,LY2T,2024-08-22T03:00:08Z,9999-01-01T00:00:00Z
Trimble Navigation Ltd.,TRIMBLE ALLOY,6402R40041,BIRF,2024-03-13T00:09:38Z,9999-01-01T00:00:00Z
Trimble Navigation Ltd.,TRIMBLE ALLOY,6402R40065,OPTK,2024-11-05T00:36:38Z,9999-01-01T00:00:00Z
Trimble Navigation Ltd.,TRIMBLE ALLOY,6402R40070,RGLI,2024-10-29T00:47:20Z,9999-01-01T00:00:00Z
Trimble Navigation Ltd.,TRIMBLE ALLOY,6403R40008,VGTR,2024-11-26T21:45:38Z,9999-01-01T00:00:00Z
Trimble Navigation Ltd.,TRIMBLE ALLOY,6403R40013,MTBL,2024-07-25T02:20:38Z,9999-01-01T00:00:00Z
Trimble Navigation Ltd.,TRIMBLE ALLOY,6403R40023,OTAK,2024-07-25T00:19:32Z,9999-01-01T00:00:00Z
Trimble Navigation Ltd.,TRIMBLE ALLOY,6403R40034,BHST,2024-10-23T23:24:02Z,9999-01-01T00:00:00Z
Trimble Navigation Ltd.,TRIMBLE ALLOY,6403R40040,RGAW,2024-08-14T05:33:19Z,9999-01-01T00:00:00Z
Trimble Navigation Ltd.,TRIMBLE ALLOY,6403R40045,TAKP,2024-07-25T04:42:08Z,9999-01-01T00:00:00Z
Trimble Navigation Ltd.,TRIMBLE ALLOY,6403R40054,JTGT,2025-02-20T19:22:26Z,9999-01-01T00:00:00Z
Trimble Navigation Ltd.,TRIMBLE ALLOY,6403R40055,PKNO,2024-07-30T03:12:08Z,9999-01-01T00:00:00Z
Trimble Navigation Ltd.,TRIMBLE ALLOY,6403R40058,LEVN,2024-07-25T02:08:38Z,9999-01-01T00:00:00Z
Trimble Navigation Ltd.,TRIMBLE ALLOY,6405R40005,NTGT,2025-01-15T20:46:46Z,9999-01-01T00:00:00Z
Trimble Navigation Ltd.,TRIMBLE ALLOY,6405R40010,PAEK,2024-07-24T22:49:32Z,9999-01-01T00:00:00Z
Trimble Navigation Ltd.,TRIMBLE ALLOY,6405R40017,TGRA,2024-07-25T22:27:32Z,9999-01-01T00:00:00Z
Trimble Navigation Ltd.,TRIMBLE ALLOY,6405R40023,MANG,2024-08-01T03:31:02Z,9999-01-01T00:00:00Z
Trimble Navigation Ltd.,TRIMBLE ALLOY,6407R40314,GNBK,2024-07-25T01:09:08Z,9999-01-01T00:00:00Z
Trimble Navigation Ltd.,TRIMBLE ALLOY,6409R40019,RGHR,2025-09-10T23:09:26Z,9999-01-01T00:00:00Z
Trimble Navigation Ltd.,TRIMBLE ALLOY,6409R40021,RIPA,2024-09-09T03:20:44Z,9999-01-01T00:00:00Z
Trimble Navigation Ltd.,TRIMBLE ALLOY,6409R40028,NSFT,2024-09-23T04:47:46Z,9999-01-01T00:00:00Z
Trimble Navigation Ltd.,TRIMBLE ALLOY,6409R40033,RGKA,2024-08-14T01:36:38Z,9999-01-01T00:00:00Z
Trimble Navigation Ltd.,TRIMBLE ALLOY,6409R40056,PALI,2024-11-07T23:06:02Z,9999-01-01T00:00:00Z
Trimble Navigation Ltd.,TRIMBLE ALLOY,6411R40058,DUNT,2024-07-31T03:26:46Z,9999-01-01T00:00:00Z
Trimble Navigation Ltd.,TRIMBLE ALLOY,6411R40082,SSFT,2024-10-16T19:58:38Z,9999-01-01T00:00:00Z
Trimble Navigation Ltd.,TRIMBLE ALLOY,6411R40085,KORO,2024-07-25T03:32:32Z,9999-01-01T00:00:00Z
Trimble Navigation Ltd.,TRIMBLE ALLOY,6417R40032,DURV,2025-07-24T21:24:38Z,9999-01-01T00:00:00Z
Trimble Navigation Ltd.,TRIMBLE ALLOY,6427R40032,VGNT,2025-02-27T00:11:46Z,9999-01-01T00:00:00Z
Trimble Navigation Ltd.,TRIMBLE ALLOY,6427R40034,RGWV,2025-07-23T00:41:38Z,9999-01-01T00:00:00Z
Trimble Navigation Ltd.,TRIMBLE ALLOY,6427R40036,VGOB,2024-11-07T00:08:20Z,9999-01-01T00:00:00Z
Trimble Navigation Ltd.,TRIMBLE ALLOY,6427R40038,ERWO,2025-06-17T02:15:02Z,9999-01-01T00:00:00Z
Trimble Navigation Ltd.,TRIMBLE ALLOY,6427R40043,PRTU,2024-10-22T21:38:14Z,9999-01-01T00:00:00Z
Trimble Navigation Ltd.,TRIMBLE ALLOY,6427R40044,ORRG,2024-12-05T00:05:38Z,9999-01-01T00:00:00Z
Trimble Navigation Ltd.,TRIMBLE ALLOY,6427R40046,KOKO,2024-12-08T23:37:02Z,9999-01-01T00:00:00Z
Trimble Navigation Ltd.,TRIMBLE ALLOY,6427R40047,VGMO,2025-08-21T00:55:14Z,9999-01-01T00:00:00Z
Trimble Navigation Ltd.,TRIMBLE ALLOY,6427R40048,WIAH,2024-10-09T21:41:50Z,9999-01-01T00:00:00Z
Trimble Navigation Ltd.,TRIMBLE ALLOY,6427R40053,OHIN,2024-12-11T23:02:32Z,9999-01-01T00:00:00Z
Trimble Navigation Ltd.,TRIMBLE ALLOY,6427R40054,PILK,2025-01-20T21:21:08Z,9999-01-01T00:00:00Z
Trimble Navigation Ltd.,TRIMBLE ALLOY,6427R40055,PUKE,2024-12-11T22:03:02Z,9999-01-01T00:00:00Z
Trimble Navigation Ltd.,TRIMBLE ALLOY,6428R40003,AKTO,2024-10-23T22:56:26Z,9999-01-01T00:00:00Z
Trimble Navigation Ltd.,TRIMBLE ALLOY,6428R40004,RAWI,2024-10-29T22:05:59Z,9999-01-01T00:00:00Z
Trimble Navigation Ltd.,TRIMBLE ALLOY,6428R40005,QUAR,2024-10-16T23:00:44Z,9999-01-01T00:00:00Z
Trimble Navigation Ltd.,TRIMBLE ALLOY,6428R40006,MATW,2024-10-24T01:19:08Z,9999-01-01T00:00:00Z
Trimble Navigation Ltd.,TRIMBLE ALLOY,6428R40007,VGOT,2025-03-14T03:17:46Z,9999-01-01T00:00:00Z
Trimble Navigation Ltd.,TRIMBLE ALLOY,6428R40008,CAST,2025-02-12T01:49:56Z,9999-01-01T00:00:00Z
Trimble Navigation Ltd.,TRIMBLE ALLOY,6428R40009,MING,2024-11-07T22:21:46Z,9999-01-01T00:00:00Z
Trimble Navigation Ltd.,TRIMBLE ALLOY,6428R40012,MKTR,2025-03-04T01:46:29Z,9999-01-01T00:00:00Z
Trimble Navigation Ltd.,TRIMBLE ALLOY,6428R40013,TORY,2025-07-24T23:49:08Z,9999-01-01T00:00:00Z
Trimble Navigation Ltd.,TRIMBLE ALLOY,6428R40014,GLDB,2025-03-25T23:41:46Z,9999-01-01T00:00:00Z
Trimble Navigation Ltd.,TRIMBLE ALLOY,6428R40015,RGOP,2025-09-25T02:00:08Z,9999-01-01T00:00:00Z
Trimble Navigation Ltd.,TRIMBLE ALLOY,6428R40018,CNST,2024-10-30T19:26:08Z,9999-01-01T00:00:00Z
Trimble Navigation Ltd.,TRIMBLE ALLOY,6428R40022,PORA,2024-10-23T20:36:02Z,9999-01-01T00:00:00Z
Trimble Navigation Ltd.,TRIMBLE ALLOY,6428R40026,VGFW,2025-02-02T21:43:02Z,9999-01-01T00:00:00Z
Trimble Navigation Ltd.,TRIMBLE ALLOY,6428R40029,DBHI,2024-11-06T02:01:02Z,9999-01-01T00:00:00Z
Trimble Navigation Ltd.,TRIMBLE ALLOY,6428R40034,TAUW,2024-12-10T03:02:26Z,9999-01-01T00:00:00Z
Trimble Navigation Ltd.,TRIMBLE ALLOY,6428R40036,SCTY,2025-06-22T22:05:46Z,9999-01-01T00:00:00Z
Trimble Navigation Ltd.,TRIMBLE ALLOY,6502R40010,WPAW,2025-07-31T02:27:08Z,9999-01-01T00:00:00Z
Trimble Navigation Ltd.,TRIMBLE ALLOY,6502R40060,WITH,2025-08-26T01:52:46Z,9999-01-01T00:00:00Z
Trimble Navigation Ltd.,TRIMBLE ALLOY,6502R40061,NRRD,2025-09-18T22:45:56Z,9999-01-01T00:00:00Z
Trimble Navigation Ltd.,TRIMBLE ALLOY,6502R40082,PARW,2025-07-28T23:03:02Z,9999-01-01T00:00:00Z
Trimble Navigation Ltd.,TRIMBLE ALLOY,6502R40083,WRAU,2025-08-28T01:18:38Z,9999-01-01T00:00:00Z
Trimble Navigation Ltd.,TRIMBLE ALLOY,6502R40084,GLOK,2025-08-27T04:12:14Z,9999-01-01T00:00:00Z
Trimble Navigation Ltd.,TRIMBLE ALLOY,6502R40092,CLRR,2025-08-27T03:39:38Z,9999-01-01T00:00:00Z
Trimble Navigation Ltd.,TRIMBLE NETR5,4737K07041,OUSD,2008-02-29T00:00:00Z,2008-10-15T23:59:59Z
Trimble Navigation Ltd.,TRIMBLE NETR5,4737K07041,OUSD,2017-06-14T00:00:00Z,9999-01-01T00:00:00Z
Trimble Navigation Ltd.,TRIMBLE NETR9,5014K66721,METH,2010-10-12T00:00:00Z,2014-07-27T21:49:59Z
Trimble Navigation Ltd.,TRIMBLE NETR9,5014K66721,PAWA,2015-02-10T21:28:58Z,2018-07-10T00:09:19Z
Trimble Navigation Ltd.,TRIMBLE NETR9,5014K66721,RGRR,2018-08-01T01:50:32Z,2019-12-17T01:14:58Z
Trimble Navigation Ltd.,TRIMBLE NETR9,5014K66722,NRSW,2011-01-18T00:06:57Z,2017-06-21T01:15:55Z
Trimble Navigation Ltd.,TRIMBLE NETR9,5014K66722,HANM,2018-05-17T21:15:38Z,2019-10-22T03:00:25Z
Trimble Navigation Ltd.,TRIMBLE NETR9,5015K66760,HAST,2010-12-15T22:08:30Z,2019-11-14T01:14:07Z
Trimble Navigation Ltd.,TRIMBLE NETR9,5015K66761,FRTN,2011-01-18T23:30:57Z,2018-10-10T20:10:55Z
Trimble Navigation Ltd.,TRIMBLE NETR9,5015K66761,GLDB,2018-12-12T02:49:26Z,2020-02-03T01:28:55Z
Trimble Navigation Ltd.,TRIMBLE NETR9,5016K66890,WANG,2010-11-04T00:01:01Z,2019-10-15T00:08:15Z
Trimble Navigation Ltd.,TRIMBLE NETR9,5016K66900,GISB,2011-01-19T03:34:51Z,2019-11-18T23:46:01Z
Trimble Navigation Ltd.,TRIMBLE NETR9,5016K67013,KTIA,2010-11-23T00:35:00Z,2018-03-22T00:19:59Z
Trimble Navigation Ltd.,TRIMBLE NETR9,5016K67013,RAUL,2018-09-06T02:54:44Z,2020-03-26T08:38:31Z
Trimble Navigation Ltd.,TRIMBLE NETR9,5016K67014,KAIK,2011-01-28T00:55:00Z,2020-03-11T22:33:01Z
Trimble Navigation Ltd.,TRIMBLE NETR9,5016K67062,MNHR,2011-02-16T02:05:01Z,2018-07-11T02:17:07Z
Trimble Navigation Ltd.,TRIMBLE NETR9,5016K67062,VGTM,2018-08-10T03:10:44Z,2019-10-29T22:30:59Z
Trimble Navigation Ltd.,TRIMBLE NETR9,5018K67247,BLUF,2010-11-25T05:05:01Z,2019-12-16T02:14:07Z
Trimble Navigation Ltd.,TRIMBLE NETR9,5033K69573,PKNO,2011-02-04T00:00:01Z,2018-07-18T03:05:19Z
Trimble Navigation Ltd.,TRIMBLE NETR9,5033K69573,TGRI,2018-08-13T23:22:06Z,2020-01-13T20:40:07Z
Trimble Navigation Ltd.,TRIMBLE NETR9,5033K69574,TAUP,2010-12-01T22:28:21Z,2020-01-14T23:03:03Z
Trimble Navigation Ltd.,TRIMBLE NETR9,5034K69668,WARK,2011-01-11T00:23:15Z,2016-04-19T22:49:21Z
Trimble Navigation Ltd.,TRIMBLE NETR9,5034K69668,MAKO,2018-09-24T03:32:32Z,2019-11-05T20:47:58Z
Trimble Navigation Ltd.,TRIMBLE NETR9,5034K69669,WAIM,2010-11-22T05:59:00Z,2019-02-11T00:24:22Z
Trimble Navigation Ltd.,TRIMBLE NETR9,5034K69671,MAST,2010-11-05T01:15:01Z,2016-04-06T23:59:00Z
Trimble Navigation Ltd.,TRIMBLE NETR9,5034K69671,WRA1,2016-11-15T23:43:29Z,2017-05-27T23:59:00Z
Trimble Navigation Ltd.,TRIMBLE NETR9,5034K69671,WHKT,2018-10-05T00:29:27Z,2019-10-21T23:16:55Z
Trimble Navigation Ltd.,TRIMBLE NETR9,5034K69673,SCTB,2010-10-26T00:00:01Z,2016-12-13T04:41:54Z
Trimble Navigation Ltd.,TRIMBLE NETR9,5034K69673,PARW,2018-07-24T23:41:24Z,2019-10-24T23:08:49Z
Trimble Navigation Ltd.,TRIMBLE NETR9,5034K69674,LKTA,2011-02-08T01:23:01Z,2018-05-17T02:16:49Z
Trimble Navigation Ltd.,TRIMBLE NETR9,5034K69674,TGTK,2018-06-26T23:56:38Z,2020-01-29T21:48:37Z
Trimble Navigation Ltd.,TRIMBLE NETR9,5034K69675,HOKI,2011-02-08T20:13:01Z,2017-07-17T23:48:20Z
Trimble Navigation Ltd.,TRIMBLE NETR9,5034K69675,WAHU,2018-05-22T00:40:30Z,2020-03-11T02:03:07Z
Trimble Navigation Ltd.,TRIMBLE NETR9,5034K69675,RLTN,2020-11-03T00:27:08Z,2022-07-10T23:59:07Z
Trimble Navigation Ltd.,TRIMBLE NETR9,5034K69678,HIKB,2011-01-13T06:00:00Z,2018-10-09T20:53:31Z
Trimble Navigation Ltd.,TRIMBLE NETR9,5034K69679,MAVL,2010-12-20T21:48:15Z,2011-07-21T05:08:08Z
Trimble Navigation Ltd.,TRIMBLE NETR9,5034K69679,RGUT,2018-04-16T23:45:02Z,2019-12-16T22:11:25Z
Trimble Navigation Ltd.,TRIMBLE NETR9,5034K69680,DUND,2010-11-24T23:35:01Z,2015-05-26T01:48:12Z
Trimble Navigation Ltd.,TRIMBLE NETR9,5034K69680,NRRD,2015-07-07T00:23:22Z,2018-05-21T01:04:37Z
Trimble Navigation Ltd.,TRIMBLE NETR9,5034K69680,RGWI,2018-07-18T00:06:02Z,2023-12-01T00:00:00Z
Trimble Navigation Ltd.,TRIMBLE NETR9,5034K69682,LEXA,2010-12-20T04:56:46Z,2019-10-10T03:44:01Z
Trimble Navigation Ltd.,TRIMBLE NETR9,5034K69683,MAHO,2011-01-11T02:45:40Z,2011-05-17T01:45:00Z
Trimble Navigation Ltd.,TRIMBLE NETR9,5034K69683,RAHI,2011-07-18T04:20:51Z,2018-09-26T00:44:19Z
Trimble Navigation Ltd.,TRIMBLE NETR9,5034K69683,FOX1,2019-02-05T23:45:50Z,9999-01-01T00:00:00Z
Trimble Navigation Ltd.,TRIMBLE NETR9,5034K69684,RAKW,2011-02-16T04:05:01Z,2018-06-12T21:19:01Z
Trimble Navigation Ltd.,TRIMBLE NETR9,5034K69684,VGMT,2018-07-06T00:06:25Z,2020-02-25T23:13:01Z
Trimble Navigation Ltd.,TRIMBLE NETR9,5034K69688,TRWH,2010-12-02T02:33:27Z,2018-02-04T22:37:08Z
Trimble Navigation Ltd.,TRIMBLE NETR9,5034K69688,TRAV,2018-06-22T00:52:38Z,2019-12-05T02:45:49Z
Trimble Navigation Ltd.,TRIMBLE NETR9,5034K69694,MAKO,2010-11-09T21:35:01Z,2018-09-24T03:32:31Z
Trimble Navigation Ltd.,TRIMBLE NETR9,5034K69694,TRNG,2018-10-23T06:08:03Z,2019-10-21T00:48:15Z
Trimble Navigation Ltd.,TRIMBLE NETR9,5034K69695,NPLY,2010-11-24T02:13:00Z,2018-08-28T01:00:55Z
Trimble Navigation Ltd.,TRIMBLE NETR9,5034K69695,TKAR,2018-11-15T03:41:22Z,2020-08-31T02:52:19Z
Trimble Navigation Ltd.,TRIMBLE NETR9,5034K69696,GLDB,2011-01-25T07:11:01Z,2018-12-12T02:49:25Z
Trimble Navigation Ltd.,TRIMBLE NETR9,5034K69696,VEXA,2019-02-14T21:00:25Z,2020-01-15T23:10:01Z
Trimble Navigation Ltd.,TRIMBLE NETR9,5034K69697,WEST,2011-01-26T03:03:01Z,2019-12-10T02:10:46Z
Trimble Navigation Ltd.,TRIMBLE NETR9,5034K69700,OROA,2010-11-08T00:10:01Z,2018-07-10T02:59:07Z
Trimble Navigation Ltd.,TRIMBLE NETR9,5034K69700,METH,2018-10-16T00:31:29Z,2019-09-19T01:15:31Z
Trimble Navigation Ltd.,TRIMBLE NETR9,5034K69703,DNVK,2010-12-08T00:34:45Z,2019-10-14T03:04:43Z
Trimble Navigation Ltd.,TRIMBLE NETR9,5034K69705,WHNG,2010-11-22T21:07:00Z,2017-12-17T22:06:27Z
Trimble Navigation Ltd.,TRIMBLE NETR9,5034K69705,MCNL,2018-05-22T05:33:38Z,2019-10-03T01:07:59Z
Trimble Navigation Ltd.,TRIMBLE NETR9,5034K69708,V47B,2011-04-08T22:24:21Z,2017-06-27T05:59:30Z
Trimble Navigation Ltd.,TRIMBLE NETR9,5034K69708,LOK1,2017-09-20T03:25:00Z,2017-11-01T21:07:01Z
Trimble Navigation Ltd.,TRIMBLE NETR9,5034K69708,RAKW,2018-06-12T21:19:02Z,2019-09-09T23:22:58Z
Trimble Navigation Ltd.,TRIMBLE NETR9,5034K69708,CLIM,2019-09-11T01:43:08Z,2019-09-27T02:16:07Z
Trimble Navigation Ltd.,TRIMBLE NETR9,5034K69711,TRNG,2010-12-07T01:34:00Z,2010-12-08T01:15:00Z
Trimble Navigation Ltd.,TRIMBLE NETR9,5034K69713,ANAU,2010-10-18T23:35:01Z,2018-09-24T03:11:49Z
Trimble Navigation Ltd.,TRIMBLE NETR9,5034K69714,WGTN,2010-11-14T22:35:01Z,2018-08-02T22:28:55Z
Trimble Navigation Ltd.,TRIMBLE NETR9,5034K69719,VGMT,2011-01-17T03:37:51Z,2018-07-06T00:06:24Z
Trimble Navigation Ltd.,TRIMBLE NETR9,5034K69719,2406,2018-08-07T22:05:33Z,2021-06-01T03:02:07Z
Trimble Navigation Ltd.,TRIMBLE NETR9,5034K69720,TRNG,2010-12-08T02:36:00Z,2018-10-23T06:08:02Z
Trimble Navigation Ltd.,TRIMBLE NETR9,5034K69722,HAMT,2011-01-24T01:45:00Z,2018-10-26T02:11:37Z
Trimble Navigation Ltd.,TRIMBLE NETR9,5034K69722,HAMT,2019-01-27T22:54:56Z,2019-09-26T23:12:15Z
Trimble Navigation Ltd.,TRIMBLE NETR9,5034K69724,NLSN,2011-01-25T13:00:02Z,2020-02-03T23:45:07Z
Trimble Navigation Ltd.,TRIMBLE NETR9,5035K69859,AUCK,2011-02-28T23:59:59Z,2019-10-23T23:34:45Z
Trimble Navigation Ltd.,TRIMBLE NETR9,5035K69868,HAAS,2011-02-08T20:56:01Z,2018-05-08T22:48:36Z
Trimble Navigation Ltd.,TRIMBLE NETR9,5035K69868,MKNO,2018-06-06T00:44:05Z,2020-02-12T03:08:37Z
Trimble Navigation Ltd.,TRIMBLE NETR9,5035K69875,TAUW,2011-03-27T21:28:45Z,2011-04-21T00:00:00Z
Trimble Navigation Ltd.,TRIMBLE NETR9,5035K69875,CLS5,2011-06-21T23:52:45Z,2016-03-13T00:00:00Z
Trimble Navigation Ltd.,TRIMBLE NETR9,5035K69877,CLS4,2011-06-21T22:13:45Z,2011-10-30T20:30:00Z
Trimble Navigation Ltd.,TRIMBLE NETR9,5035K69877,PAKI,2012-03-08T00:47:00Z,2018-01-30T23:16:26Z
Trimble Navigation Ltd.,TRIMBLE NETR9,5035K69877,WHKT,2018-02-21T00:18:16Z,2018-10-05T00:29:26Z
Trimble Navigation Ltd.,TRIMBLE NETR9,5035K69877,AUKT,2019-03-26T22:48:36Z,2022-09-05T22:15:31Z
Trimble Navigation Ltd.,TRIMBLE NETR9,5035K69998,RGKW,2011-05-03T00:45:00Z,2017-01-12T02:06:38Z
Trimble Navigation Ltd.,TRIMBLE NETR9,5035K69998,KAHU,2017-05-03T01:20:17Z,2018-06-12T23:28:07Z
Trimble Navigation Ltd.,TRIMBLE NETR9,5035K69998,WHVR,2018-07-17T23:12:43Z,2019-12-03T21:20:37Z
Trimble Navigation Ltd.,TRIMBLE NETR9,5035K70008,CORM,2011-02-11T17:30:01Z,2016-11-15T20:47:30Z
Trimble Navigation Ltd.,TRIMBLE NETR9,5035K70008,KUTA,2017-05-03T00:35:32Z,2018-06-07T03:21:19Z
Trimble Navigation Ltd.,TRIMBLE NETR9,5035K70008,VGWT,2018-07-04T23:07:26Z,2018-11-13T21:26:33Z
Trimble Navigation Ltd.,TRIMBLE NETR9,5048K72002,MAVL,2011-07-21T05:08:09Z,2019-10-03T21:36:37Z
Trimble Navigation Ltd.,TRIMBLE NETR9,5048K72026,WITH,2011-04-28T22:24:56Z,2017-04-07T01:55:01Z
Trimble Navigation Ltd.,TRIMBLE NETR9,5048K72026,NRSW,2017-06-21T01:15:56Z,2018-07-10T23:29:25Z
Trimble Navigation Ltd.,TRIMBLE NETR9,5048K72026,WGTN,2018-08-02T22:28:56Z,2020-02-14T01:16:37Z
Trimble Navigation Ltd.,TRIMBLE NETR9,5048K72044,RAUM,2011-05-19T03:01:00Z,2018-11-14T21:30:08Z
Trimble Navigation Ltd.,TRIMBLE NETR9,5048K72044,WGTT,2019-03-11T01:44:12Z,2020-03-04T23:17:25Z
Trimble Navigation Ltd.,TRIMBLE NETR9,5049K72143,MTJO,2011-02-08T00:00:01Z,2018-08-21T22:34:31Z
Trimble Navigation Ltd.,TRIMBLE NETR9,5049K72143,FRTN,2018-10-10T20:10:56Z,2019-10-02T02:05:59Z
Trimble Navigation Ltd.,TRIMBLE NETR9,5049K72152,TAUW,2011-04-21T00:12:08Z,2014-01-08T23:58:00Z
Trimble Navigation Ltd.,TRIMBLE NETR9,5049K72152,YALD,2014-09-16T21:00:01Z,2014-12-16T00:00:00Z
Trimble Navigation Ltd.,TRIMBLE NETR9,5049K72152,HANM,2015-04-13T23:07:38Z,2018-05-17T21:15:37Z
Trimble Navigation Ltd.,TRIMBLE NETR9,5049K72152,PAWA,2018-07-10T00:09:20Z,2019-12-04T02:44:07Z
Trimble Navigation Ltd.,TRIMBLE NETR9,5049K72153,MQZG,2011-02-09T23:48:01Z,2018-02-28T21:23:12Z
Trimble Navigation Ltd.,TRIMBLE NETR9,5049K72153,KAPT,2018-05-08T23:14:08Z,2020-02-11T20:15:37Z
Trimble Navigation Ltd.,TRIMBLE NETR9,5049K72167,CLS3,2011-06-21T04:58:51Z,2015-09-22T00:05:00Z
Trimble Navigation Ltd.,TRIMBLE NETR9,5049K72167,MQZG,2018-02-28T21:23:13Z,2018-10-18T21:29:25Z
Trimble Navigation Ltd.,TRIMBLE NETR9,5049K72187,TGRI,2011-04-04T02:20:00Z,2018-08-13T23:22:05Z
Trimble Navigation Ltd.,TRIMBLE NETR9,5049K72187,HANA,2018-09-24T21:11:26Z,2019-11-05T01:07:37Z
Trimble Navigation Ltd.,TRIMBLE NETR9,5049K72203,MAHO,2011-05-17T02:07:27Z,2019-10-16T03:13:43Z
Trimble Navigation Ltd.,TRIMBLE NETR9,5049K72209,WHKT,2011-01-27T02:14:00Z,2018-02-21T00:18:15Z
Trimble Navigation Ltd.,TRIMBLE NETR9,5049K72209,RGHD,2018-04-17T23:15:32Z,2019-12-17T02:53:58Z
Trimble Navigation Ltd.,TRIMBLE NETR9,5049K72215,RGWI,2011-09-27T22:35:00Z,2018-07-18T00:06:01Z
Trimble Navigation Ltd.,TRIMBLE NETR9,5049K72215,HIKB,2018-10-09T20:53:32Z,2019-11-20T01:43:43Z
Trimble Navigation Ltd.,TRIMBLE NETR9,5049K72217,MKNO,2011-05-11T00:09:46Z,2018-06-06T00:44:04Z
Trimble Navigation Ltd.,TRIMBLE NETR9,5049K72217,MNHR,2018-07-11T02:17:08Z,2019-12-04T20:27:13Z
Trimble Navigation Ltd.,TRIMBLE NETR9,5049K72221,RGMT,2011-05-13T02:15:00Z,2018-08-01T20:53:18Z
Trimble Navigation Ltd.,TRIMBLE NETR9,5049K72221,MTJO,2018-08-21T22:34:32Z,2020-01-28T22:52:15Z
Trimble Navigation Ltd.,TRIMBLE NETR9,5049K72269,CHTI,2011-04-05T01:23:51Z,2019-10-31T00:35:07Z
Trimble Navigation Ltd.,TRIMBLE NETR9,5049K72301,UTKU,2011-04-20T03:40:40Z,2016-08-30T21:00:00Z
Trimble Navigation Ltd.,TRIMBLE NETR9,5049K72301,PKNO,2018-07-18T03:05:20Z,2019-08-13T22:50:16Z
Trimble Navigation Ltd.,TRIMBLE NETR9,5116K75213,RGHL,2011-11-22T01:22:26Z,2018-08-01T05:41:54Z
Trimble Navigation Ltd.,TRIMBLE NETR9,5116K75213,OKOH,2018-09-17T21:30:31Z,2019-05-21T23:00:29Z
Trimble Navigation Ltd.,TRIMBLE NETR9,5117K75239,VGWT,2011-11-10T23:07:26Z,2013-05-08T00:00:00Z
Trimble Navigation Ltd.,TRIMBLE NETR9,5117K75239,TKAR,2014-07-23T23:47:38Z,2018-11-15T03:41:21Z
Trimble Navigation Ltd.,TRIMBLE NETR9,5117K75239,RAHI,2019-03-13T03:09:22Z,2021-02-02T02:30:37Z
Trimble Navigation Ltd.,TRIMBLE NETR9,5117K75357,2406,2012-02-13T00:38:01Z,2018-08-07T22:05:32Z
Trimble Navigation Ltd.,TRIMBLE NETR9,5118K75474,CLS6,2011-10-13T22:21:05Z,2016-08-28T20:00:00Z
Trimble Navigation Ltd.,TRIMBLE NETR9,5118K75474,GDS1,2017-09-20T02:42:00Z,2018-01-15T00:28:30Z
Trimble Navigation Ltd.,TRIMBLE NETR9,5118K75474,KTIA,2018-03-22T00:20:00Z,2019-09-25T00:43:37Z
Trimble Navigation Ltd.,TRIMBLE NETR9,5118K75475,PARW,2014-05-08T02:45:44Z,2018-07-24T23:41:23Z
Trimble Navigation Ltd.,TRIMBLE NETR9,5118K75475,NPLY,2018-08-28T01:00:56Z,2019-10-16T22:05:31Z
Trimble Navigation Ltd.,TRIMBLE NETR9,5118K75487,WHVR,2011-09-30T00:15:57Z,2018-07-17T23:12:42Z
Trimble Navigation Ltd.,TRIMBLE NETR9,5118K75487,RGMT,2018-08-01T20:53:19Z,2019-12-17T20:59:01Z
Trimble Navigation Ltd.,TRIMBLE NETR9,5119K75698,LEYL,2011-09-05T22:34:23Z,2018-06-07T01:27:19Z
Trimble Navigation Ltd.,TRIMBLE NETR9,5119K75698,NRSW,2018-07-10T23:29:26Z,2020-12-20T20:43:37Z
Trimble Navigation Ltd.,TRIMBLE NETR9,5121K76074,NLS1,2011-12-19T21:42:26Z,2013-11-14T20:15:00Z
Trimble Navigation Ltd.,TRIMBLE NETR9,5121K76074,TAUW,2014-01-09T00:28:34Z,2018-09-24T01:59:37Z
Trimble Navigation Ltd.,TRIMBLE NETR9,5121K76074,RAUM,2018-11-14T21:30:09Z,2021-03-09T18:46:01Z
Trimble Navigation Ltd.,TRIMBLE NETR9,5121K76077,NLS2,2011-12-20T03:25:57Z,2013-11-14T21:15:00Z
Trimble Navigation Ltd.,TRIMBLE NETR9,5121K76077,PAEK,2013-12-10T00:17:45Z,2018-05-13T23:36:31Z
Trimble Navigation Ltd.,TRIMBLE NETR9,5121K76077,OROA,2018-07-10T02:59:08Z,2020-12-20T22:13:58Z
Trimble Navigation Ltd.,TRIMBLE NETR9,5122K76160,TURI,2011-08-31T23:28:06Z,2018-07-10T22:15:30Z
Trimble Navigation Ltd.,TRIMBLE NETR9,5122K76160,RGHL,2018-08-01T05:41:55Z,2021-06-01T21:46:07Z
Trimble Navigation Ltd.,TRIMBLE NETR9,5152K81077,LDRZ,2012-06-01T00:00:01Z,9999-01-01T00:00:00Z
Trimble Navigation Ltd.,TRIMBLE NETR9,5206K82071,VGT2,2012-07-27T01:00:00Z,2012-08-06T11:50:00Z
Trimble Navigation Ltd.,TRIMBLE NETR9,5207K82212,RGLI,2013-05-09T03:35:01Z,2017-11-30T22:12:53Z
Trimble Navigation Ltd.,TRIMBLE NETR9,5207K82240,HANA,2012-06-01T00:00:01Z,2018-09-24T21:11:25Z
Trimble Navigation Ltd.,TRIMBLE NETR9,5207K82240,VGWT,2018-11-13T21:26:34Z,2021-01-14T23:55:01Z
Trimble Navigation Ltd.,TRIMBLE NETR9,5207K82248,PYGR,2012-04-03T23:00:00Z,2018-05-29T04:00:09Z
Trimble Navigation Ltd.,TRIMBLE NETR9,5207K82248,TURI,2018-07-10T22:15:31Z,2020-12-21T00:11:07Z
Trimble Navigation Ltd.,TRIMBLE NETR9,5207K82280,RAUL,2012-11-12T00:00:02Z,2018-09-06T02:54:43Z
Trimble Navigation Ltd.,TRIMBLE NETR9,5213K83563,OKOH,2012-08-23T23:11:14Z,2018-09-17T21:30:30Z
Trimble Navigation Ltd.,TRIMBLE NETR9,5213K83563,WAIM,2019-02-11T00:24:23Z,2020-01-28T03:10:45Z
Trimble Navigation Ltd.,TRIMBLE NETR9,5213K83601,RAUL,2012-08-26T21:20:00Z,2012-11-12T00:00:00Z
Trimble Navigation Ltd.,TRIMBLE NETR9,5213K83601,METH,2014-07-27T21:50:44Z,2018-10-16T00:31:28Z
Trimble Navigation Ltd.,TRIMBLE NETR9,5213K83601,OKOH,2019-05-21T23:00:30Z,2022-08-24T04:34:37Z
Trimble Navigation Ltd.,TRIMBLE NETR9,5213K83649,VGWT,2013-05-08T00:10:51Z,2018-07-04T23:07:25Z
Trimble Navigation Ltd.,TRIMBLE NETR9,5213K83649,SEDD,2018-08-14T01:07:24Z,2022-02-23T04:52:01Z
Trimble Navigation Ltd.,TRIMBLE NETR9,5213K83650,BTHL,2012-09-24T00:32:52Z,2016-12-14T22:34:21Z
Trimble Navigation Ltd.,TRIMBLE NETR9,5213K83650,CKID,2017-05-15T21:51:20Z,2017-07-05T23:34:37Z
Trimble Navigation Ltd.,TRIMBLE NETR9,5213K83650,NRRD,2018-05-21T01:04:38Z,2019-07-01T23:52:20Z
Trimble Navigation Ltd.,TRIMBLE NETR9,5213K83650,CLIM,2019-09-27T02:16:08Z,2020-01-23T22:43:38Z
Trimble Navigation Ltd.,TRIMBLE NETR9,5213K83652,GUNR,2015-05-28T23:00:01Z,2018-05-08T23:59:59Z
Trimble Navigation Ltd.,TRIMBLE NETR9,5213K83652,PYGR,2018-05-29T04:00:10Z,2019-10-03T01:22:07Z
Trimble Navigation Ltd.,TRIMBLE NETR9,5213K83653,QUAR,2013-07-03T16:32:00Z,2014-08-26T22:00:00Z
Trimble Navigation Ltd.,TRIMBLE NETR9,5213K83653,BM8A,2015-04-07T23:40:38Z,2016-05-06T00:00:00Z
Trimble Navigation Ltd.,TRIMBLE NETR9,5213K83653,SEDD,2016-11-14T06:04:09Z,2018-08-14T01:07:23Z
Trimble Navigation Ltd.,TRIMBLE NETR9,5213K83653,WMAT,2018-09-23T23:10:50Z,2022-08-09T23:40:07Z
Trimble Navigation Ltd.,TRIMBLE NETR9,5213K83722,VGTM,2013-05-14T23:00:00Z,2018-08-10T03:10:43Z
Trimble Navigation Ltd.,TRIMBLE NETR9,5213K83722,RAHI,2018-09-26T00:44:20Z,2019-03-13T03:09:21Z
Trimble Navigation Ltd.,TRIMBLE NETR9,5215K84097,RGRR,2013-04-19T02:30:00Z,2018-08-01T01:50:31Z
Trimble Navigation Ltd.,TRIMBLE NETR9,5215K84097,ANAU,2018-09-24T03:11:50Z,2022-08-10T03:58:01Z
Trimble Navigation Ltd.,TRIMBLE NETR9,5215K84098,WMAT,2013-12-16T04:20:00Z,2018-09-23T23:10:49Z
Trimble Navigation Ltd.,TRIMBLE NETR9,5215K84098,MQZG,2018-10-18T21:29:26Z,2020-01-29T22:19:45Z
Trimble Navigation Ltd.,TRIMBLE NETR9,5215K84153,WAKA,2013-09-16T22:56:00Z,2018-05-09T00:50:31Z
Trimble Navigation Ltd.,TRIMBLE NETR9,5215K84153,KAHU,2018-06-12T23:28:08Z,2023-07-19T01:03:43Z
Trimble Navigation Ltd.,TRIMBLE NETR9,5246K53593,KAWK,2015-04-07T23:07:44Z,2022-01-18T02:21:13Z
Trimble Navigation Ltd.,TRIMBLE NETR9,5246K53603,HANM,2014-06-03T04:06:00Z,2015-04-13T23:07:37Z
Trimble Navigation Ltd.,TRIMBLE NETR9,5246K53603,MTPR,2015-05-27T23:44:00Z,2022-10-18T22:22:19Z
Trimble Navigation Ltd.,TRIMBLE NETR9,5246K53603,ALS1,2023-02-24T01:08:38Z,2024-02-25T13:59:30Z
Trimble Navigation Ltd.,TRIMBLE NETR9,5248K54179,CNCL,2014-02-04T19:00:02Z,2022-10-18T19:18:31Z
Trimble Navigation Ltd.,TRIMBLE NETR9,5248K54179,ALS2,2023-02-23T01:17:02Z,2024-03-13T20:59:30Z
Trimble Navigation Ltd.,TRIMBLE NETR9,5249K40315,QUAR,2014-09-04T00:07:38Z,2016-03-01T19:57:01Z
Trimble Navigation Ltd.,TRIMBLE NETR9,5249K40315,TGRA,2018-05-23T23:12:58Z,2024-07-25T22:27:31Z
Trimble Navigation Ltd.,TRIMBLE NETR9,5249K40325,CMBL,2013-07-24T00:40:00Z,2022-02-23T03:39:07Z
Trimble Navigation Ltd.,TRIMBLE NETR9,5249K54373,MRBL,2014-07-02T02:05:38Z,2024-01-24T22:11:37Z
Trimble Navigation Ltd.,TRIMBLE NETR9,5301K56131,VGET,2014-03-12T03:12:38Z,2023-01-16T01:46:19Z
Trimble Navigation Ltd.,TRIMBLE NETR9,5302K41648,PGKH,2014-10-14T21:10:00Z,2025-05-05T21:15:31Z
Trimble Navigation Ltd.,TRIMBLE NETR9,5304K50023,MING,2014-12-03T00:55:02Z,2024-11-07T22:21:45Z
Trimble Navigation Ltd.,TRIMBLE NETR9,5306K41807,RGWC,2014-01-29T01:57:08Z,2023-12-01T00:00:00Z
Trimble Navigation Ltd.,TRIMBLE NETR9,5306K41857,PGNE,2014-09-29T04:00:00Z,2023-07-12T02:35:08Z
Trimble Navigation Ltd.,TRIMBLE NETR9,5306K41861,CAST,2013-12-03T00:00:02Z,2016-08-23T01:30:17Z
Trimble Navigation Ltd.,TRIMBLE NETR9,5306K41861,AVLN,2016-09-19T02:31:29Z,2020-07-08T02:12:15Z
Trimble Navigation Ltd.,TRIMBLE NETR9,5306K41887,RGRE,2013-12-17T00:51:01Z,2023-06-15T23:36:07Z
Trimble Navigation Ltd.,TRIMBLE NETR9,5306K50881,MAHA,2016-07-18T02:55:02Z,2017-09-21T00:05:22Z
Trimble Navigation Ltd.,TRIMBLE NETR9,5306K50881,VGMO,2018-04-04T00:10:00Z,2025-08-21T00:55:13Z
Trimble Navigation Ltd.,TRIMBLE NETR9,5307K50971,QUAR,2014-08-26T23:24:18Z,2014-09-03T23:59:00Z
Trimble Navigation Ltd.,TRIMBLE NETR9,5307K50971,YALD,2014-12-17T01:46:34Z,2023-11-14T22:47:25Z
Trimble Navigation Ltd.,TRIMBLE NETR9,5307K50976,TKHL,2014-06-18T00:00:20Z,2021-01-05T21:41:01Z
Trimble Navigation Ltd.,TRIMBLE NETR9,5308K41925,VGT8,2013-06-10T03:05:34Z,2016-05-09T23:59:59Z
Trimble Navigation Ltd.,TRIMBLE NETR9,5308K41925,HAMT,2018-10-26T02:11:38Z,2019-01-27T22:54:55Z
Trimble Navigation Ltd.,TRIMBLE NETR9,5308K42011,PTOI,2014-01-22T01:16:08Z,2022-10-11T21:46:31Z
Trimble Navigation Ltd.,TRIMBLE NETR9,5308K42013,VGNG,2014-02-25T21:52:38Z,2022-11-01T23:44:07Z
Trimble Navigation Ltd.,TRIMBLE NETR9,5444R50018,GRNG,2015-07-23T23:31:37Z,2024-07-29T23:57:43Z
Trimble Navigation Ltd.,TRIMBLE NETR9,5444R50036,MTBL,2015-07-24T01:05:59Z,2024-07-25T02:20:37Z
Trimble Navigation Ltd.,TRIMBLE NETR9,5444R50040,DUND,2015-05-26T01:48:13Z,2019-10-01T00:07:13Z
Trimble Navigation Ltd.,TRIMBLE NETR9,5444R50040,KORO,2020-01-23T01:19:01Z,2024-07-25T03:32:31Z
Trimble Navigation Ltd.,TRIMBLE NETR9,5444R50049,RGMK,2015-07-29T01:00:02Z,2023-09-25T23:14:37Z
Trimble Navigation Ltd.,TRIMBLE NETR9,5503R50008,CKID,2017-07-05T23:34:38Z,9999-01-01T00:00:00Z
Trimble Navigation Ltd.,TRIMBLE NETR9,5503R50011,TGHR,2018-05-15T00:04:31Z,9999-01-01T00:00:00Z
Trimble Navigation Ltd.,TRIMBLE NETR9,5504R50165,AKTO,2015-10-01T21:39:00Z,2024-10-23T22:56:25Z
Trimble Navigation Ltd.,TRIMBLE NETR9,5504R50167,LOOK,2017-06-15T03:16:40Z,9999-01-01T00:00:00Z
Trimble Navigation Ltd.,TRIMBLE NETR9,5504R50170,LEVN,2015-09-24T00:00:00Z,2015-09-30T21:59:59Z
Trimble Navigation Ltd.,TRIMBLE NETR9,5504R50170,LOK1,2016-11-15T21:44:30Z,2017-09-20T03:24:31Z
Trimble Navigation Ltd.,TRIMBLE NETR9,5504R50170,RGLI,2017-11-30T22:12:54Z,2024-10-29T00:47:19Z
Trimble Navigation Ltd.,TRIMBLE NETR9,5505R50001,KERE,2016-08-18T00:55:32Z,9999-01-01T00:00:00Z
Trimble Navigation Ltd.,TRIMBLE NETR9,5505R50003,BTHL,2016-12-14T22:34:22Z,9999-01-01T00:00:00Z
Trimble Navigation Ltd.,TRIMBLE NETR9,5505R50016,LRR1,2016-11-15T04:46:08Z,2017-05-22T00:14:00Z
Trimble Navigation Ltd.,TRIMBLE NETR9,5505R50016,GLOK,2017-06-12T04:25:09Z,2025-08-27T04:12:13Z
Trimble Navigation Ltd.,TRIMBLE NETR9,5505R50019,WPAW,2016-08-15T02:08:08Z,2025-07-31T02:27:07Z
Trimble Navigation Ltd.,TRIMBLE NETR9,5505R50021,PAKI,2018-01-30T23:16:27Z,2021-03-09T19:13:01Z
Trimble Navigation Ltd.,TRIMBLE NETR9,5505R50023,WRPA,2016-01-10T20:15:06Z,2019-09-03T03:50:29Z
Trimble Navigation Ltd.,TRIMBLE NETR9,5505R50025,VEXA,2016-02-29T23:30:08Z,2019-02-14T21:00:24Z
Trimble Navigation Ltd.,TRIMBLE NETR9,5505R50025,NRRD,2019-07-01T23:52:21Z,2025-09-18T22:45:55Z
Trimble Navigation Ltd.,TRIMBLE NETR9,5505R50026,MANG,2015-09-30T01:24:38Z,2024-08-01T03:31:01Z
Trimble Navigation Ltd.,TRIMBLE NETR9,5505R50028,PUKE,2015-12-09T21:48:39Z,2024-12-11T22:03:01Z
Trimble Navigation Ltd.,TRIMBLE NETR9,5505R50032,OPTK,2016-01-14T00:53:08Z,2024-11-05T00:36:37Z
Trimble Navigation Ltd.,TRIMBLE NETR9,5505R50033,ARTA,2016-03-21T22:29:02Z,2023-07-10T22:54:37Z
Trimble Navigation Ltd.,TRIMBLE NETR9,5505R50034,VGTS,2018-01-24T01:51:00Z,9999-01-01T00:00:00Z
Trimble Navigation Ltd.,TRIMBLE NETR9,5505R50036,VGNT,2016-02-04T21:40:00Z,2025-02-27T00:11:45Z
Trimble Navigation Ltd.,TRIMBLE NETR9,5505R50037,TORY,2017-07-17T23:51:59Z,2025-07-24T23:49:07Z
Trimble Navigation Ltd.,TRIMBLE NETR9,5505R50038,RGOP,2017-03-24T02:28:30Z,2025-09-25T02:00:07Z
Trimble Navigation Ltd.,TRIMBLE NETR9,5505R50142,SNST,2015-12-06T22:50:08Z,2018-01-31T01:17:31Z
Trimble Navigation Ltd.,TRIMBLE NETR9,5505R50142,RGKA,2018-04-16T04:37:00Z,2024-08-14T01:36:37Z
Trimble Navigation Ltd.,TRIMBLE NETR9,5505R50143,TINT,2016-09-01T01:48:28Z,9999-01-01T00:00:00Z
Trimble Navigation Ltd.,TRIMBLE NETR9,5505R50152,BHST,2015-07-21T00:24:29Z,2024-10-23T23:24:01Z
Trimble Navigation Ltd.,TRIMBLE NETR9,5505R50155,SUTT,2017-06-27T01:10:07Z,9999-01-01T00:00:00Z
Trimble Navigation Ltd.,TRIMBLE NETR9,5505R50156,RGHR,2016-08-15T23:43:28Z,2025-09-10T23:09:25Z
Trimble Navigation Ltd.,TRIMBLE NETR9,5505R50157,PILK,2016-02-29T21:51:38Z,2025-01-20T21:21:07Z
Trimble Navigation Ltd.,TRIMBLE NETR9,5505R50158,OHIN,2015-09-09T00:00:02Z,2024-12-11T23:02:31Z
Trimble Navigation Ltd.,TRIMBLE NETR9,5505R50159,VGKR,2017-04-24T22:48:32Z,9999-01-01T00:00:00Z
Trimble Navigation Ltd.,TRIMBLE NETR9,5505R50160,RGON,2018-04-19T05:23:02Z,9999-01-01T00:00:00Z
Trimble Navigation Ltd.,TRIMBLE NETR9,5505R50161,TEN2,2016-11-17T23:45:56Z,2017-11-14T22:08:21Z
Trimble Navigation Ltd.,TRIMBLE NETR9,5505R50161,TENN,2017-11-14T22:08:22Z,2022-11-15T22:09:01Z
Trimble Navigation Ltd.,TRIMBLE NETR9,5505R50162,PORA,2015-09-30T22:55:00Z,2024-10-23T20:36:01Z
Trimble Navigation Ltd.,TRIMBLE NETR9,5505R50168,CORM,2016-11-15T20:47:32Z,2019-10-22T23:00:31Z
Trimble Navigation Ltd.,TRIMBLE NETR9,5505R50170,KOKO,2015-12-08T04:24:00Z,2024-12-08T23:37:01Z
Trimble Navigation Ltd.,TRIMBLE NETR9,5505R50175,RGTA,2018-05-27T23:35:02Z,9999-01-01T00:00:00Z
Trimble Navigation Ltd.,TRIMBLE NETR9,5506R50082,WITH,2017-04-07T01:55:02Z,2025-08-26T01:52:45Z
Trimble Navigation Ltd.,TRIMBLE NETR9,5508R50018,VGWH,2018-05-04T01:35:02Z,9999-01-01T00:00:00Z
Trimble Navigation Ltd.,TRIMBLE NETR9,5508R50020,TEMA,2017-09-28T00:27:32Z,9999-01-01T00:00:00Z
Trimble Navigation Ltd.,TRIMBLE NETR9,5508R50064,VGOB,2016-05-12T01:01:58Z,2024-11-07T00:08:19Z
Trimble Navigation Ltd.,TRIMBLE NETR9,5508R50064,MKP2,2025-03-18T03:09:32Z,9999-01-01T00:00:00Z
Trimble Navigation Ltd.,TRIMBLE NETR9,5508R50108,HOLD,2016-10-31T01:59:14Z,9999-01-01T00:00:00Z
Trimble Navigation Ltd.,TRIMBLE NETR9,5508R50111,MAHA,2017-09-21T00:05:23Z,9999-01-01T00:00:00Z
Trimble Navigation Ltd.,TRIMBLE NETR9,5522R50001,PKTP,2024-05-03T03:43:59Z,2024-07-04T01:41:19Z
Trimble Navigation Ltd.,TRIMBLE NETR9,5522R50003,VGWN,2017-05-01T23:24:38Z,9999-01-01T00:00:00Z
Trimble Navigation Ltd.,TRIMBLE NETR9,5522R50004,RGAR,2016-09-21T02:25:08Z,2025-07-07T03:23:55Z
Trimble Navigation Ltd.,TRIMBLE NETR9,5522R50005,OTAK,2015-12-15T00:53:28Z,2024-07-25T00:19:31Z
Trimble Navigation Ltd.,TRIMBLE NETR9,5522R50006,PNUI,2016-08-16T01:39:58Z,2021-01-27T21:45:07Z
Trimble Navigation Ltd.,TRIMBLE NETR9,5522R50006,RLTN,2022-07-10T23:59:08Z,9999-01-01T00:00:00Z
Trimble Navigation Ltd.,TRIMBLE NETR9,5522R50007,CLRR,2017-04-19T02:56:38Z,2025-08-27T03:39:37Z
Trimble Navigation Ltd.,TRIMBLE NETR9,5522R50008,GDS1,2016-11-16T00:21:00Z,2017-02-22T02:37:30Z
Trimble Navigation Ltd.,TRIMBLE NETR9,5522R50008,PARI,2017-08-28T23:09:44Z,9999-01-01T00:00:00Z
Trimble Navigation Ltd.,TRIMBLE NETR9,5522R50009,WPUK,2016-12-15T04:20:58Z,9999-01-01T00:00:00Z
Trimble Navigation Ltd.,TRIMBLE NETR9,5522R50010,MAHI,2017-10-26T00:57:14Z,9999-01-01T00:00:00Z
Trimble Navigation Ltd.,TRIMBLE NETR9,5522R50012,VGTR,2016-04-05T23:45:37Z,2024-11-26T21:45:37Z
Trimble Navigation Ltd.,TRIMBLE NETR9,5522R50012,MKP1,2025-03-17T20:32:38Z,9999-01-01T00:00:00Z
Trimble Navigation Ltd.,TRIMBLE NETR9,5522R50013,QUAR,2016-03-01T19:57:02Z,2022-08-09T23:26:07Z
Trimble Navigation Ltd.,TRIMBLE NETR9,5522R50014,SNST,2018-01-31T01:17:32Z,9999-01-01T00:00:00Z
Trimble Navigation Ltd.,TRIMBLE NETR9,5522R50015,TRWH,2018-02-04T22:37:09Z,9999-01-01T00:00:00Z
Trimble Navigation Ltd.,TRIMBLE NETR9,5522R50016,RGWV,2017-01-10T00:19:02Z,2025-07-23T00:41:37Z
Trimble Navigation Ltd.,TRIMBLE NETR9,5522R50017,RAWI,2015-12-06T23:35:35Z,2024-10-29T22:05:58Z
Trimble Navigation Ltd.,TRIMBLE NETR9,5522R50018,TEN2,2017-11-14T22:08:22Z,2018-05-21T03:00:00Z
Trimble Navigation Ltd.,TRIMBLE NETR9,5522R50018,LEYL,2018-06-07T01:27:20Z,9999-01-01T00:00:00Z
Trimble Navigation Ltd.,TRIMBLE NETR9,5522R50020,TGWH,2016-10-12T03:04:20Z,2025-07-09T22:27:13Z
Trimble Navigation Ltd.,TRIMBLE NETR9,5522R50021,RGAW,2015-09-16T02:52:38Z,2024-08-14T05:33:18Z
Trimble Navigation Ltd.,TRIMBLE NETR9,5522R50022,GDS1,2017-02-22T02:40:00Z,2017-09-20T02:40:31Z
Trimble Navigation Ltd.,TRIMBLE NETR9,5522R50022,WHNG,2017-12-17T22:06:28Z,2019-09-23T05:15:15Z
Trimble Navigation Ltd.,TRIMBLE NETR9,5522R50037,SCTB,2016-12-13T04:41:56Z,2019-11-01T23:52:28Z
Trimble Navigation Ltd.,TRIMBLE NETR9,5522R50037,CLIM,2020-01-23T22:43:39Z,2022-08-30T23:01:37Z
Trimble Navigation Ltd.,TRIMBLE NETR9,5522R50041,GNBK,2015-10-01T00:35:02Z,2024-07-25T01:09:07Z
Trimble Navigation Ltd.,TRIMBLE NETR9,5522R50043,VGPK,2016-08-23T01:10:33Z,2025-07-16T00:31:37Z
Trimble Navigation Ltd.,TRIMBLE NETR9,5522R50044,TGHO,2016-08-17T00:22:38Z,2022-06-22T22:27:07Z
Trimble Navigation Ltd.,TRIMBLE NETR9,5522R50045,CLIM,2015-08-20T22:57:39Z,2019-07-07T22:54:07Z
Trimble Navigation Ltd.,TRIMBLE NETR9,5522R50045,PKNO,2019-08-13T22:50:17Z,2024-07-30T03:12:07Z
Trimble Navigation Ltd.,TRIMBLE NETR9,5522R50046,AHTI,2015-12-07T02:04:38Z,9999-01-01T00:00:00Z
Trimble Navigation Ltd.,TRIMBLE NETR9,5522R50047,BIRF,2015-10-08T01:25:08Z,2024-03-13T00:09:37Z
Trimble Navigation Ltd.,TRIMBLE NETR9,5522R50048,VGOT,2017-02-21T21:22:32Z,2025-03-14T03:17:45Z
Trimble Navigation Ltd.,TRIMBLE NETR9,5522R50049,NMAI,2017-05-02T23:43:08Z,9999-01-01T00:00:00Z
Trimble Navigation Ltd.,TRIMBLE NETR9,5522R50050,MATW,2015-12-10T22:44:38Z,2024-10-24T01:19:07Z
Trimble Navigation Ltd.,TRIMBLE NETR9,5522R50052,WARK,2016-04-19T22:49:22Z,2019-09-26T01:03:15Z
Trimble Navigation Ltd.,TRIMBLE NETR9,5522R50052,WGTT,2020-03-04T23:17:26Z,2024-07-15T01:21:19Z
Trimble Navigation Ltd.,TRIMBLE NETR9,5522R50053,PALI,2016-02-01T00:41:39Z,2024-11-07T23:06:01Z
Trimble Navigation Ltd.,TRIMBLE NETR9,5522R50054,KORO,2015-09-10T00:00:01Z,2020-01-23T01:19:00Z
Trimble Navigation Ltd.,TRIMBLE NETR9,5522R50057,RIPA,2016-01-26T21:51:33Z,2024-09-09T03:20:43Z
Trimble Navigation Ltd.,TRIMBLE NETR9,5522R50059,TGOH,2016-10-19T00:49:38Z,9999-01-01T00:00:00Z
Trimble Navigation Ltd.,TRIMBLE NETR9,5522R50060,LEVN,2015-09-30T22:00:01Z,2024-07-25T02:08:37Z
Trimble Navigation Ltd.,TRIMBLE NETR9,5522R50061,MTQN,2016-06-07T00:30:02Z,9999-01-01T00:00:00Z
Trimble Navigation Ltd.,TRIMBLE NETR9,5522R50062,TAKP,2015-11-11T01:09:03Z,2024-07-25T04:42:07Z
Trimble Navigation Ltd.,TRIMBLE NETR9,5522R50066,HOKI,2017-07-17T23:48:21Z,2019-12-08T23:19:37Z
Trimble Navigation Ltd.,TRIMBLE NETR9,5522R50068,PRTU,2015-12-06T22:11:08Z,2024-10-22T21:38:13Z
Trimble Navigation Ltd.,TRIMBLE NETR9,5522R50071,NETT,2016-02-29T02:22:38Z,2018-08-20T23:59:00Z
Trimble Navigation Ltd.,TRIMBLE NETR9,5522R50071,TAUW,2018-09-24T01:59:38Z,2024-12-10T03:02:25Z
Trimble Navigation Ltd.,TRIMBLE NETR9,5522R50086,WRAU,2017-04-18T03:06:59Z,2025-08-28T01:18:37Z
Trimble Navigation Ltd.,TRIMBLE NETR9,5522R50089,CNST,2016-01-14T21:36:29Z,2024-10-30T19:26:07Z
Trimble Navigation Ltd.,TRIMBLE NETR9,5522R50094,RDLV,2016-02-02T21:32:07Z,2024-07-31T01:18:01Z
Trimble Navigation Ltd.,TRIMBLE NETR9,5522R50095,RGKW,2017-01-12T02:06:39Z,9999-01-01T00:00:00Z
Trimble Navigation Ltd.,TRIMBLE NETR9,5522R50096,CAST,2016-08-23T01:30:18Z,2025-02-12T01:49:55Z
Trimble Navigation Ltd.,TRIMBLE NETR9,5522R50097,VGFW,2016-06-16T02:33:34Z,2025-02-02T21:43:01Z
Trimble Navigation Ltd.,TRIMBLE NETR9,5522R50098,MUL1,2016-11-16T04:35:30Z,2018-01-14T22:26:30Z
Trimble Navigation Ltd.,TRIMBLE NETR9,5522R50098,DURV,2018-02-22T23:09:02Z,2025-07-24T21:24:37Z
Trimble Navigation Ltd.,TRIMBLE NETR9,5522R50130,THAP,2017-10-02T01:51:08Z,9999-01-01T00:00:00Z
Trimble Navigation Ltd.,TRIMBLE NETR9,5522R50131,KARA,2016-03-01T03:15:38Z,2018-05-09T00:23:26Z
Trimble Navigation Ltd.,TRIMBLE NETR9,5522R50131,PAEK,2018-05-13T23:36:32Z,2024-07-24T22:49:31Z
Trimble Navigation Ltd.,TRIMBLE NETR9,5750R51867,WAKA,2018-05-09T00:50:32Z,2021-03-31T00:47:07Z
Trimble Navigation Ltd.,TRIMBLE NETR9,5750R51869,KUTA,2018-06-07T03:21:20Z,9999-01-01T00:00:00Z
Trimble Navigation Ltd.,TRIMBLE NETR9,5750R51878,LKTA,2018-05-17T02:16:50Z,2020-03-11T00:38:45Z
Trimble Navigation Ltd.,TRIMBLE NETR9,5750R51878,SCTY,2020-10-27T23:29:08Z,2025-06-22T22:05:45Z
Trimble Navigation Ltd.,TRIMBLE NETR9,5750R51894,KARA,2018-05-09T00:23:27Z,9999-01-01T00:00:00Z
Trimble Navigation Ltd.,TRIMBLE NETR9,5751R51992,HAAS,2018-05-08T22:48:37Z,2019-12-12T00:25:45Z
Trimble Navigation Ltd.,TRIMBLE NETRS,4350230187,VGWN,2004-05-18T00:00:00Z,2017-05-01T23:24:37Z
Trimble Navigation Ltd.,TRIMBLE NETRS,4350230198,LEXA,2004-03-16T00:00:00Z,2010-12-20T01:43:00Z
Trimble Navigation Ltd.,TRIMBLE NETRS,4351230275,MAHO,2004-02-03T00:00:00Z,2006-05-17T23:59:00Z
Trimble Navigation Ltd.,TRIMBLE NETRS,4351230275,WHNG,2006-10-05T01:00:30Z,2010-11-22T21:00:00Z
Trimble Navigation Ltd.,TRIMBLE NETRS,4351230275,BNET,2015-07-30T01:00:00Z,9999-01-01T00:00:00Z
Trimble Navigation Ltd.,TRIMBLE NETRS,4351230281,NPLY,2004-01-30T00:02:01Z,2006-04-02T20:00:00Z
Trimble Navigation Ltd.,TRIMBLE NETRS,4351230281,BLUF,2006-10-18T23:00:00Z,2008-01-01T04:00:00Z
Trimble Navigation Ltd.,TRIMBLE NETRS,4351230281,AUCK,2010-08-17T21:20:00Z,2011-02-28T22:49:00Z
Trimble Navigation Ltd.,TRIMBLE NETRS,4351230285,RIPA,2004-02-20T00:00:00Z,2016-01-26T21:51:30Z
Trimble Navigation Ltd.,TRIMBLE NETRS,4351230292,LKTA,2004-02-01T00:00:00Z,2011-02-08T00:44:00Z
Trimble Navigation Ltd.,TRIMBLE NETRS,4351230295,NLSN,2004-02-09T00:00:00Z,2011-01-25T03:15:00Z
Trimble Navigation Ltd.,TRIMBLE NETRS,4351230299,HIKB,2004-03-29T02:00:00Z,2011-01-13T04:12:00Z
Trimble Navigation Ltd.,TRIMBLE NETRS,4351230300,TAKP,2004-01-30T02:00:00Z,2015-11-11T01:09:00Z
Trimble Navigation Ltd.,TRIMBLE NETRS,4351230301,CMBL,2004-01-27T00:00:01Z,2013-07-24T00:30:00Z
Trimble Navigation Ltd.,TRIMBLE NETRS,4351230303,TAUP,2004-01-29T00:01:00Z,2007-11-12T21:24:59Z
Trimble Navigation Ltd.,TRIMBLE NETRS,4351230303,TAUP,2007-12-11T23:00:00Z,2010-12-01T22:27:00Z
Trimble Navigation Ltd.,TRIMBLE NETRS,4351230304,GLDB,2004-02-02T00:00:00Z,2011-01-25T06:20:00Z
Trimble Navigation Ltd.,TRIMBLE NETRS,4351230306,TRNG,2004-05-27T00:00:00Z,2010-12-06T23:24:59Z
Trimble Navigation Ltd.,TRIMBLE NETRS,4351230307,KAIK,2004-02-01T00:00:00Z,2004-08-23T03:00:00Z
Trimble Navigation Ltd.,TRIMBLE NETRS,4351230307,KOKO,2004-11-03T00:00:00Z,2015-12-08T04:23:58Z
Trimble Navigation Ltd.,TRIMBLE NETRS,4351230312,BLUF,2004-11-01T02:29:07Z,2005-11-06T00:00:00Z
Trimble Navigation Ltd.,TRIMBLE NETRS,4351230312,DNVK,2006-01-31T01:00:31Z,2007-11-12T20:00:00Z
Trimble Navigation Ltd.,TRIMBLE NETRS,4351230312,RGRR,2010-02-25T22:50:00Z,2011-01-25T01:35:00Z
Trimble Navigation Ltd.,TRIMBLE NETRS,4351230315,MATW,2004-04-08T20:00:00Z,2015-12-10T22:44:37Z
Trimble Navigation Ltd.,TRIMBLE NETRS,4351230316,PUKE,2004-02-16T00:00:00Z,2015-12-09T21:48:37Z
Trimble Navigation Ltd.,TRIMBLE NETRS,4351230318,VGOB,2004-02-10T23:00:00Z,2009-03-01T23:46:00Z
Trimble Navigation Ltd.,TRIMBLE NETRS,4351230318,PAKI,2010-06-22T00:00:01Z,2012-03-08T00:45:00Z
Trimble Navigation Ltd.,TRIMBLE NETRS,4351230319,VGFW,2004-03-19T03:00:00Z,2006-07-30T23:00:00Z
Trimble Navigation Ltd.,TRIMBLE NETRS,4351230319,RGHR,2007-02-07T21:45:00Z,2016-08-15T23:43:26Z
Trimble Navigation Ltd.,TRIMBLE NETRS,4352230457,MAVL,2004-05-17T00:00:00Z,2010-12-20T20:58:00Z
Trimble Navigation Ltd.,TRIMBLE NETRS,4356263016,BLUF,2004-03-11T00:00:00Z,2004-11-01T02:28:00Z
Trimble Navigation Ltd.,TRIMBLE NETRS,4415233388,KAPT,2004-06-10T00:00:00Z,2018-05-08T23:14:07Z
Trimble Navigation Ltd.,TRIMBLE NETRS,4415233391,MAST,2004-06-21T21:01:00Z,2010-11-05T01:00:00Z
Trimble Navigation Ltd.,TRIMBLE NETRS,4415233391,MTPR,2011-01-27T00:00:02Z,2015-05-27T23:43:58Z
Trimble Navigation Ltd.,TRIMBLE NETRS,4415233392,PARW,2004-07-15T00:00:00Z,2004-09-05T22:00:00Z
Trimble Navigation Ltd.,TRIMBLE NETRS,4415233392,BIRF,2005-03-31T00:00:01Z,2015-10-08T01:00:00Z
Trimble Navigation Ltd.,TRIMBLE NETRS,4415233396,HAAS,2004-06-23T00:36:19Z,2011-02-08T19:42:00Z
Trimble Navigation Ltd.,TRIMBLE NETRS,4415233401,MAST,2004-05-25T00:00:00Z,2004-06-21T21:00:00Z
Trimble Navigation Ltd.,TRIMBLE NETRS,4415233401,KAIK,2004-08-23T03:30:00Z,2011-01-28T00:03:30Z
Trimble Navigation Ltd.,TRIMBLE NETRS,4415233402,MTJO,2004-06-05T03:00:00Z,2011-02-07T22:33:00Z
Trimble Navigation Ltd.,TRIMBLE NETRS,4426235478,VGWH,2005-02-25T00:00:00Z,2005-10-18T23:59:59Z
Trimble Navigation Ltd.,TRIMBLE NETRS,4426235478,VGKR,2005-11-30T23:00:00Z,2010-04-22T02:00:00Z
Trimble Navigation Ltd.,TRIMBLE NETRS,4426235479,PARW,2004-09-05T23:00:00Z,2007-01-18T01:00:00Z
Trimble Navigation Ltd.,TRIMBLE NETRS,4426235479,WPUK,2007-06-19T20:43:00Z,2008-09-03T22:45:00Z
Trimble Navigation Ltd.,TRIMBLE NETRS,4426235479,MING,2010-04-28T00:00:11Z,2014-12-02T23:00:00Z
Trimble Navigation Ltd.,TRIMBLE NETRS,4426235511,VGFW,2006-11-21T00:50:00Z,2007-03-23T00:00:00Z
Trimble Navigation Ltd.,TRIMBLE NETRS,4426235511,HAMT,2009-09-01T02:09:30Z,2011-01-24T00:33:00Z
Trimble Navigation Ltd.,TRIMBLE NETRS,4429236308,SCTB,2004-10-29T00:00:00Z,2010-10-25T23:00:00Z
Trimble Navigation Ltd.,TRIMBLE NETRS,4429236313,DURV,2005-03-09T22:00:00Z,2018-02-22T23:09:01Z
Trimble Navigation Ltd.,TRIMBLE NETRS,4429236315,RGMK,2004-10-06T02:00:00Z,2015-07-29T01:00:00Z
Trimble Navigation Ltd.,TRIMBLE NETRS,4429236321,VGPK,2005-01-21T00:00:00Z,2016-08-23T01:10:31Z
Trimble Navigation Ltd.,TRIMBLE NETRS,4429236323,PTOI,2006-03-21T12:00:00Z,2014-01-22T01:16:00Z
Trimble Navigation Ltd.,TRIMBLE NETRS,4429236325,PAWA,2005-03-23T00:00:00Z,2015-02-10T21:00:00Z
Trimble Navigation Ltd.,TRIMBLE NETRS,4429236327,WEST,2004-09-23T05:00:00Z,2011-01-26T01:55:00Z
Trimble Navigation Ltd.,TRIMBLE NETRS,4429236327,CLSK,2011-03-02T00:00:03Z,2017-06-28T01:59:30Z
Trimble Navigation Ltd.,TRIMBLE NETRS,4429236328,VGMO,2005-03-31T00:00:00Z,2006-01-29T00:00:00Z
Trimble Navigation Ltd.,TRIMBLE NETRS,4429236328,RGRE,2007-02-08T00:14:00Z,2013-12-16T23:58:00Z
Trimble Navigation Ltd.,TRIMBLE NETRS,4429236329,CNST,2007-08-21T01:00:00Z,2008-01-14T02:00:00Z
Trimble Navigation Ltd.,TRIMBLE NETRS,4429236329,CAST,2009-01-29T00:38:02Z,2013-12-02T23:00:00Z
Trimble Navigation Ltd.,TRIMBLE NETRS,4429236334,VGTR,2005-02-11T00:00:00Z,2016-04-05T23:45:35Z
Trimble Navigation Ltd.,TRIMBLE NETRS,4429236335,WHNG,2004-10-15T00:00:00Z,2006-02-13T00:00:00Z
Trimble Navigation Ltd.,TRIMBLE NETRS,4429236335,NPLY,2006-04-02T20:17:36Z,2010-11-24T00:45:00Z
Trimble Navigation Ltd.,TRIMBLE NETRS,4429236335,HORN,2012-08-31T10:00:00Z,2019-09-18T01:42:58Z
Trimble Navigation Ltd.,TRIMBLE NETRS,4429236336,MANG,2005-02-11T00:55:13Z,2008-02-04T04:00:00Z
Trimble Navigation Ltd.,TRIMBLE NETRS,4429236339,BLUF,2005-11-06T00:00:01Z,2006-10-18T22:25:00Z
Trimble Navigation Ltd.,TRIMBLE NETRS,4429236339,LEYL,2007-03-27T05:55:00Z,2010-08-03T00:00:00Z
Trimble Navigation Ltd.,TRIMBLE NETRS,4429236341,VGMT,2005-02-01T00:00:00Z,2011-01-17T01:26:00Z
Trimble Navigation Ltd.,TRIMBLE NETRS,4429236341,BNET,2012-09-01T00:01:00Z,2015-07-30T00:59:59Z
Trimble Navigation Ltd.,TRIMBLE NETRS,4429236343,WAIM,2004-12-17T00:00:00Z,2010-11-22T05:50:00Z
Trimble Navigation Ltd.,TRIMBLE NETRS,4429236345,QUAR,2004-10-13T19:00:00Z,2013-07-03T15:00:00Z
Trimble Navigation Ltd.,TRIMBLE NETRS,4429236346,VGTS,2005-03-17T00:00:00Z,2018-01-24T01:50:59Z
Trimble Navigation Ltd.,TRIMBLE NETRS,4431236756,VAVS,2009-06-08T23:00:00Z,2018-02-10T23:00:00Z
Trimble Navigation Ltd.,TRIMBLE NETRS,4431236764,NIUM,2005-09-15T00:00:00Z,2007-02-15T00:00:00Z
Trimble Navigation Ltd.,TRIMBLE NETRS,4431236764,FALE,2010-10-22T02:31:01Z,2014-03-04T23:00:00Z
Trimble Navigation Ltd.,TRIMBLE NETRS,4435237644,VGWH,2005-10-19T00:00:00Z,2006-10-31T22:00:00Z
Trimble Navigation Ltd.,TRIMBLE NETRS,4435237644,RGAR,2007-11-07T02:08:30Z,2016-09-21T02:25:06Z
Trimble Navigation Ltd.,TRIMBLE NETRS,4435237646,TGTK,2006-04-27T01:00:00Z,2007-06-19T03:09:59Z
Trimble Navigation Ltd.,TRIMBLE NETRS,4435237646,MANG,2008-02-04T04:59:59Z,2015-09-30T01:24:36Z
Trimble Navigation Ltd.,TRIMBLE NETRS,4435237647,TGHR,2006-05-08T21:26:26Z,2007-06-18T23:59:59Z
Trimble Navigation Ltd.,TRIMBLE NETRS,4435237647,NMAI,2008-02-13T03:05:00Z,2010-05-05T00:00:00Z
Trimble Navigation Ltd.,TRIMBLE NETRS,4435237648,TINT,2007-04-19T02:10:00Z,2016-09-01T01:48:27Z
Trimble Navigation Ltd.,TRIMBLE NETRS,4435237651,BIRF,2005-01-22T00:00:00Z,2005-03-31T00:00:00Z
Trimble Navigation Ltd.,TRIMBLE NETRS,4435237652,TGOH,2006-12-06T21:00:01Z,2007-08-15T19:55:00Z
Trimble Navigation Ltd.,TRIMBLE NETRS,4435237653,AUCK,2006-01-12T23:00:37Z,2007-07-19T01:18:00Z
Trimble Navigation Ltd.,TRIMBLE NETRS,4435237656,RGUT,2005-12-15T01:59:00Z,2007-05-30T00:30:00Z
Trimble Navigation Ltd.,TRIMBLE NETRS,4435237657,CLIM,2007-04-16T02:10:00Z,2007-07-06T00:00:00Z
Trimble Navigation Ltd.,TRIMBLE NETRS,4435237657,TAUP,2007-11-12T21:25:00Z,2007-12-11T22:59:59Z
Trimble Navigation Ltd.,TRIMBLE NETRS,4435237657,VGDR,2008-01-17T00:00:00Z,2008-04-09T23:00:00Z
Trimble Navigation Ltd.,TRIMBLE NETRS,4435237657,VGDR,2008-12-22T23:45:00Z,2009-03-24T20:00:00Z
Trimble Navigation Ltd.,TRIMBLE NETRS,4435237657,VGDR,2010-01-28T22:30:00Z,2010-04-09T03:00:00Z
Trimble Navigation Ltd.,TRIMBLE NETRS,4435237658,RGKA,2006-05-08T21:25:33Z,2007-05-30T02:15:00Z
Trimble Navigation Ltd.,TRIMBLE NETRS,4435237659,VGWH,2006-10-31T22:01:00Z,2007-04-19T23:00:00Z
Trimble Navigation Ltd.,TRIMBLE NETRS,4435237659,KTIA,2007-10-24T01:00:00Z,2010-11-23T00:00:00Z
Trimble Navigation Ltd.,TRIMBLE NETRS,4435237660,RGLI,2006-02-19T19:41:44Z,2007-05-30T03:20:00Z
Trimble Navigation Ltd.,TRIMBLE NETRS,4435237660,WAHU,2009-06-07T22:01:00Z,2018-05-22T00:40:29Z
Trimble Navigation Ltd.,TRIMBLE NETRS,4435237661,VGMO,2006-02-01T00:00:00Z,2007-05-07T22:00:00Z
Trimble Navigation Ltd.,TRIMBLE NETRS,4435237662,CAST,2006-02-09T03:00:00Z,2007-05-31T03:00:00Z
Trimble Navigation Ltd.,TRIMBLE NETRS,4435237662,OTAK,2007-10-06T07:59:00Z,2015-12-15T00:53:27Z
Trimble Navigation Ltd.,TRIMBLE NETRS,4435237663,MQZG,2005-02-28T04:00:00Z,2007-05-09T00:00:00Z
Trimble Navigation Ltd.,TRIMBLE NETRS,4435237663,UTK3,2008-07-17T23:19:00Z,2016-04-04T08:00:00Z
Trimble Navigation Ltd.,TRIMBLE NETRS,4435237664,PAEK,2006-07-27T00:01:00Z,2007-04-25T21:00:00Z
Trimble Navigation Ltd.,TRIMBLE NETRS,4435237664,RGRR,2007-12-11T01:30:00Z,2010-02-25T22:40:00Z
Trimble Navigation Ltd.,TRIMBLE NETRS,4435237664,NMAI,2010-05-05T22:51:00Z,2017-05-02T23:43:07Z
Trimble Navigation Ltd.,TRIMBLE NETRS,4435237665,PORA,2006-03-25T00:00:00Z,2007-06-27T02:05:00Z
Trimble Navigation Ltd.,TRIMBLE NETRS,4435237666,HAST,2006-08-02T02:00:00Z,2007-04-02T21:20:00Z
Trimble Navigation Ltd.,TRIMBLE NETRS,4435237666,RGKW,2008-11-28T01:00:00Z,2011-05-02T23:55:00Z
Trimble Navigation Ltd.,TRIMBLE NETRS,4435237667,WGTT,2006-08-24T01:20:30Z,2007-05-06T22:25:00Z
Trimble Navigation Ltd.,TRIMBLE NETRS,4435237667,PNUI,2008-01-22T22:59:59Z,2016-08-16T01:39:56Z
Trimble Navigation Ltd.,TRIMBLE NETRS,4435237669,DUND,2005-08-24T00:00:00Z,2007-02-19T01:00:00Z
Trimble Navigation Ltd.,TRIMBLE NETRS,4435237669,RGKA,2007-05-30T02:25:00Z,2018-04-16T04:36:59Z
Trimble Navigation Ltd.,TRIMBLE NETRS,4435237672,TGRA,2006-04-11T00:00:00Z,2007-06-19T23:32:29Z
Trimble Navigation Ltd.,TRIMBLE NETRS,4435237672,BLUF,2008-01-01T04:30:00Z,2010-11-25T04:42:00Z
Trimble Navigation Ltd.,TRIMBLE NETRS,4435237673,RGMT,2007-10-30T02:00:00Z,2009-10-22T23:15:00Z
Trimble Navigation Ltd.,TRIMBLE NETRS,4435237673,KUTA,2010-04-07T00:01:01Z,2017-05-03T00:35:31Z
Trimble Navigation Ltd.,TRIMBLE NETRS,4435237674,KERE,2007-06-19T23:09:00Z,2016-08-18T00:55:30Z
Trimble Navigation Ltd.,TRIMBLE NETRS,4435237675,VGDR,2006-01-09T21:00:00Z,2006-04-20T23:59:59Z
Trimble Navigation Ltd.,TRIMBLE NETRS,4435237675,ATIA,2006-10-10T23:00:30Z,2006-11-06T19:30:00Z
Trimble Navigation Ltd.,TRIMBLE NETRS,4435237675,VGDR,2007-01-26T22:00:00Z,2007-04-19T21:00:00Z
Trimble Navigation Ltd.,TRIMBLE NETRS,4435237675,CNST,2008-01-21T00:59:59Z,2016-01-14T21:36:27Z
Trimble Navigation Ltd.,TRIMBLE NETRS,4435237678,TRAV,2005-06-23T00:00:00Z,2007-01-16T06:00:00Z
Trimble Navigation Ltd.,TRIMBLE NETRS,4435237678,PARW,2007-01-18T03:00:00Z,2007-06-27T23:45:00Z
Trimble Navigation Ltd.,TRIMBLE NETRS,4435237680,PYGR,2007-04-30T23:00:00Z,2012-04-03T00:00:00Z
Trimble Navigation Ltd.,TRIMBLE NETRS,4435237680,UTK4,2013-05-23T04:30:00Z,2016-08-30T20:00:00Z
Trimble Navigation Ltd.,TRIMBLE NETRS,4435237682,RGTA,2007-11-22T00:40:00Z,2018-05-27T23:35:01Z
Trimble Navigation Ltd.,TRIMBLE NETRS,4435237684,WANG,2007-01-18T21:00:00Z,2007-07-17T23:20:00Z
Trimble Navigation Ltd.,TRIMBLE NETRS,4435237686,DNVK,2006-01-26T23:39:19Z,2006-01-31T01:00:25Z
Trimble Navigation Ltd.,TRIMBLE NETRS,4435237686,TINT,2006-04-05T05:00:00Z,2007-04-19T02:00:00Z
Trimble Navigation Ltd.,TRIMBLE NETRS,4435237686,MAHI,2008-01-20T04:59:59Z,2017-10-26T00:57:12Z
Trimble Navigation Ltd.,TRIMBLE NETRS,4435237687,TGOH,2006-05-22T03:35:49Z,2006-12-06T21:00:00Z
Trimble Navigation Ltd.,TRIMBLE NETRS,4435237687,MAHO,2007-01-13T02:00:00Z,2007-01-14T02:00:00Z
Trimble Navigation Ltd.,TRIMBLE NETRS,4435237687,RGLI,2007-05-30T03:25:00Z,2013-05-08T00:00:01Z
Trimble Navigation Ltd.,TRIMBLE NETRS,4435237688,TGWH,2007-02-06T22:30:00Z,2007-06-20T01:50:00Z
Trimble Navigation Ltd.,TRIMBLE NETRS,4435237688,UTK4,2008-07-17T00:10:00Z,2013-05-23T04:29:00Z
Trimble Navigation Ltd.,TRIMBLE NETRS,4435237689,VGOT,2006-06-08T02:00:00Z,2007-03-19T23:00:00Z
Trimble Navigation Ltd.,TRIMBLE NETRS,4435237689,KORO,2007-06-14T23:55:00Z,2015-09-10T00:00:00Z
Trimble Navigation Ltd.,TRIMBLE NETRS,4435237690,RGLI,2005-11-15T20:00:00Z,2006-02-19T00:00:00Z
Trimble Navigation Ltd.,TRIMBLE NETRS,4435237690,CORM,2006-11-09T04:45:00Z,2009-07-08T22:08:00Z
Trimble Navigation Ltd.,TRIMBLE NETRS,4435237690,TKAR,2010-06-03T04:59:30Z,2014-07-23T23:39:00Z
Trimble Navigation Ltd.,TRIMBLE NETRS,4435237691,WPUK,2006-04-19T21:00:00Z,2007-06-19T20:40:00Z
Trimble Navigation Ltd.,TRIMBLE NETRS,4435237691,BTHL,2009-01-12T01:00:00Z,2012-09-13T23:59:59Z
Trimble Navigation Ltd.,TRIMBLE NETRS,4438238764,PYGR,2007-01-01T01:00:00Z,2007-04-30T01:00:00Z
Trimble Navigation Ltd.,TRIMBLE NETRS,4438238764,UTKU,2008-11-12T03:00:03Z,2011-04-20T02:00:00Z
Trimble Navigation Ltd.,TRIMBLE NETRS,4438238765,CLIM,2005-10-18T01:00:00Z,2007-04-16T02:00:00Z
Trimble Navigation Ltd.,TRIMBLE NETRS,4438238765,TGHO,2008-12-22T02:30:00Z,2016-08-17T00:22:37Z
Trimble Navigation Ltd.,TRIMBLE NETRS,4438238766,AVLN,2006-02-23T03:35:02Z,2007-04-17T02:00:00Z
Trimble Navigation Ltd.,TRIMBLE NETRS,4438238766,RGHL,2008-12-03T03:00:00Z,2011-11-21T23:00:00Z
Trimble Navigation Ltd.,TRIMBLE NETRS,4438238766,VGWH,2011-12-08T22:30:00Z,2018-05-04T01:35:01Z
Trimble Navigation Ltd.,TRIMBLE NETRS,4438238767,WPAW,2006-04-20T02:00:00Z,2007-01-04T02:00:00Z
Trimble Navigation Ltd.,TRIMBLE NETRS,4438238767,RGOP,2007-06-14T00:40:00Z,2017-03-24T02:28:28Z
Trimble Navigation Ltd.,TRIMBLE NETRS,4439239110,KERE,2006-05-17T03:00:00Z,2007-06-19T23:05:00Z
Trimble Navigation Ltd.,TRIMBLE NETRS,4445240299,AUCK,2007-07-19T01:27:00Z,2010-08-17T21:00:00Z
Trimble Navigation Ltd.,TRIMBLE NETRS,4445240300,TGHR,2007-06-19T00:00:00Z,2018-05-15T00:04:30Z
Trimble Navigation Ltd.,TRIMBLE NETRS,4445240302,RGOP,2007-02-21T21:00:00Z,2007-06-14T00:30:00Z
Trimble Navigation Ltd.,TRIMBLE NETRS,4445240302,UTK1,2008-07-21T23:00:00Z,2016-08-18T13:00:00Z
Trimble Navigation Ltd.,TRIMBLE NETRS,4445240307,RGCR,2007-05-30T04:26:00Z,2011-08-29T23:42:00Z
Trimble Navigation Ltd.,TRIMBLE NETRS,4445240307,RGHD,2012-02-01T03:07:00Z,2018-04-17T23:15:31Z
Trimble Navigation Ltd.,TRIMBLE NETRS,4445240309,TGRA,2007-06-19T23:32:30Z,2018-05-23T23:12:57Z
Trimble Navigation Ltd.,TRIMBLE NETRS,4445240405,RGCR,2007-02-13T00:30:00Z,2007-05-30T04:25:00Z
Trimble Navigation Ltd.,TRIMBLE NETRS,4445240405,OHIN,2008-09-03T01:30:00Z,2015-09-09T00:00:01Z
Trimble Navigation Ltd.,TRIMBLE NETRS,4445240406,TGOH,2007-08-15T20:10:00Z,2016-10-19T00:49:36Z
Trimble Navigation Ltd.,TRIMBLE NETRS,4445240407,CKID,2006-05-23T02:00:00Z,2007-01-21T23:00:00Z
Trimble Navigation Ltd.,TRIMBLE NETRS,4445240407,TGWH,2007-06-20T01:51:00Z,2016-10-12T03:04:18Z
Trimble Navigation Ltd.,TRIMBLE NETRS,4445240408,MAHO,2007-01-15T01:16:30Z,2007-02-20T05:00:00Z
Trimble Navigation Ltd.,TRIMBLE NETRS,4445240408,CAST,2007-05-31T03:05:00Z,2009-01-28T20:26:43Z
Trimble Navigation Ltd.,TRIMBLE NETRS,4445240409,TGTK,2007-06-19T03:10:00Z,2018-06-26T23:56:37Z
Trimble Navigation Ltd.,TRIMBLE NETRS,4445240410,AKTO,2006-04-27T00:00:00Z,2007-06-27T00:10:00Z
Trimble Navigation Ltd.,TRIMBLE NETRS,4445240412,HAMT,2007-06-11T03:45:02Z,2009-08-17T13:00:00Z
Trimble Navigation Ltd.,TRIMBLE NETRS,4445240412,RGRR,2011-01-25T01:40:00Z,2013-04-19T00:00:00Z
Trimble Navigation Ltd.,TRIMBLE NETRS,4445240414,WGTN,2005-03-21T02:00:00Z,2007-04-17T22:40:00Z
Trimble Navigation Ltd.,TRIMBLE NETRS,4445240414,CHTI,2007-12-10T22:59:59Z,2011-04-01T22:00:00Z
Trimble Navigation Ltd.,TRIMBLE NETRS,4445240415,AUCK,2005-11-03T04:00:00Z,2006-01-12T23:00:00Z
Trimble Navigation Ltd.,TRIMBLE NETRS,4445240415,MAHO,2006-05-18T00:00:00Z,2007-01-12T05:00:00Z
Trimble Navigation Ltd.,TRIMBLE NETRS,4445240415,HOKI,2007-05-22T00:00:00Z,2011-02-08T19:43:00Z
Trimble Navigation Ltd.,TRIMBLE NETRS,4445240416,MQZG,2007-05-09T00:00:02Z,2011-02-09T23:21:00Z
Trimble Navigation Ltd.,TRIMBLE NETRS,4445240416,CLSG,2011-03-02T00:00:03Z,2011-06-21T00:00:00Z
Trimble Navigation Ltd.,TRIMBLE NETRS,4445240422,HAMT,2005-12-05T04:00:00Z,2007-06-11T03:40:00Z
Trimble Navigation Ltd.,TRIMBLE NETRS,4503243972,TORY,2005-04-20T05:00:00Z,2006-12-30T00:00:00Z
Trimble Navigation Ltd.,TRIMBLE NETRS,4503243972,AVLN,2007-04-17T02:00:30Z,2016-09-19T02:31:27Z
Trimble Navigation Ltd.,TRIMBLE NETRS,4503243980,PNUI,2006-06-29T03:00:00Z,2007-12-12T15:00:00Z
Trimble Navigation Ltd.,TRIMBLE NETRS,4503243980,SNST,2009-06-08T02:31:00Z,2015-12-06T22:50:07Z
Trimble Navigation Ltd.,TRIMBLE NETRS,4503243993,KAHU,2006-04-19T04:00:00Z,2017-05-03T01:20:16Z
Trimble Navigation Ltd.,TRIMBLE NETRS,4503244058,WHNG,2006-02-13T01:00:00Z,2006-10-05T00:59:30Z
Trimble Navigation Ltd.,TRIMBLE NETRS,4503244058,GISB,2007-02-15T02:20:01Z,2011-01-19T03:00:00Z
Trimble Navigation Ltd.,TRIMBLE NETRS,4520250855,NIUM,2007-03-16T01:00:00Z,2014-03-13T01:30:00Z
Trimble Navigation Ltd.,TRIMBLE NETRS,4551261470,OUSD,2006-01-31T00:00:00Z,2008-02-28T19:00:00Z
Trimble Navigation Ltd.,TRIMBLE NETRS,4551261470,OUSD,2008-10-16T00:00:00Z,2017-06-13T23:59:59Z
Trimble Navigation Ltd.,TRIMBLE NETRS,4632120742,TORY,2007-01-03T21:00:00Z,2017-07-17T23:51:58Z
Trimble Navigation Ltd.,TRIMBLE NETRS,4632120745,WPAW,2007-01-11T00:00:30Z,2016-08-15T02:08:06Z
Trimble Navigation Ltd.,TRIMBLE NETRS,4632120756,TRAV,2007-01-17T20:49:00Z,2018-06-22T00:52:37Z
Trimble Navigation Ltd.,TRIMBLE NETRS,4635120781,CNCL,2007-02-01T20:00:01Z,2014-02-04T19:00:00Z
Trimble Navigation Ltd.,TRIMBLE NETRS,4635120785,KARA,2007-02-01T19:30:00Z,2016-03-01T03:15:36Z
Trimble Navigation Ltd.,TRIMBLE NETRS,4635120794,WAKA,2007-02-01T21:00:00Z,2013-09-16T22:55:59Z
Trimble Navigation Ltd.,TRIMBLE NETRS,4635120795,NETT,2008-03-18T05:00:11Z,2010-04-07T21:00:00Z
Trimble Navigation Ltd.,TRIMBLE NETRS,4635120795,KAWK,2010-06-02T02:29:30Z,2015-04-07T23:07:43Z
Trimble Navigation Ltd.,TRIMBLE NETRS,4635120796,DUND,2007-02-22T01:00:00Z,2010-11-24T02:30:00Z
Trimble Navigation Ltd.,TRIMBLE NETRS,4635120797,TEMA,2007-03-17T21:00:00Z,2017-09-28T00:27:30Z
Trimble Navigation Ltd.,TRIMBLE NETRS,4635120801,CKID,2007-01-23T20:00:00Z,2017-05-15T21:51:19Z
Trimble Navigation Ltd.,TRIMBLE NETRS,4636121868,PALI,2007-03-21T19:30:00Z,2016-02-01T00:41:37Z
Trimble Navigation Ltd.,TRIMBLE NETRS,4636121871,HOLD,2007-03-16T13:00:00Z,2016-10-31T01:59:12Z
Trimble Navigation Ltd.,TRIMBLE NETRS,4636121872,WANG,2008-07-29T21:31:00Z,2010-11-04T00:00:00Z
Trimble Navigation Ltd.,TRIMBLE NETRS,4636121874,HANA,2007-08-05T05:59:00Z,2012-05-30T00:00:01Z
Trimble Navigation Ltd.,TRIMBLE NETRS,4636121877,MAHO,2007-02-20T23:00:00Z,2011-01-11T01:25:00Z
Trimble Navigation Ltd.,TRIMBLE NETRS,4636121878,MAHI,2007-08-04T21:00:00Z,2008-01-08T04:00:00Z
Trimble Navigation Ltd.,TRIMBLE NETRS,4636121878,RAWI,2009-06-10T03:22:00Z,2015-12-06T23:35:34Z
Trimble Navigation Ltd.,TRIMBLE NETRS,4636121883,PARI,2007-08-02T06:00:00Z,2016-09-28T18:00:00Z
Trimble Navigation Ltd.,TRIMBLE NETRS,4644124589,AKTO,2007-06-27T00:10:01Z,2015-10-01T20:10:00Z
Trimble Navigation Ltd.,TRIMBLE NETRS,4702126990,RDLV,2009-01-13T01:00:00Z,2016-02-02T21:32:05Z
Trimble Navigation Ltd.,TRIMBLE NETRS,4702126997,MCNL,2008-05-26T13:00:00Z,2018-05-22T05:33:37Z
Trimble Navigation Ltd.,TRIMBLE NETRS,4702127046,MTQN,2010-02-09T00:00:11Z,2016-06-07T00:30:00Z
Trimble Navigation Ltd.,TRIMBLE NETRS,4702127056,THAP,2008-06-13T00:28:30Z,2017-10-02T01:51:06Z
Trimble Navigation Ltd.,TRIMBLE NETRS,4705127700,MTBL,2008-03-11T07:01:00Z,2015-07-24T01:05:57Z
Trimble Navigation Ltd.,TRIMBLE NETRS,4705127715,PILK,2009-03-12T00:01:30Z,2016-02-29T21:51:37Z
Trimble Navigation Ltd.,TRIMBLE NETRS,4705127717,HAST,2007-04-02T21:20:01Z,2010-12-15T19:46:00Z
Trimble Navigation Ltd.,TRIMBLE NETRS,4705127719,PARW,2007-06-27T23:50:00Z,2014-05-08T02:45:43Z
Trimble Navigation Ltd.,TRIMBLE NETRS,4705127721,GNBK,2008-03-12T05:01:00Z,2015-10-01T00:35:00Z
Trimble Navigation Ltd.,TRIMBLE NETRS,4705127728,DNVK,2007-11-14T22:59:00Z,2010-12-07T22:07:00Z
Trimble Navigation Ltd.,TRIMBLE NETRS,4705127728,CHTI,2011-04-01T22:00:01Z,2011-04-05T01:00:00Z
Trimble Navigation Ltd.,TRIMBLE NETRS,4705127738,RGUT,2007-05-30T00:50:00Z,2018-04-16T23:45:01Z
Trimble Navigation Ltd.,TRIMBLE NETRS,4705127739,AHTI,2009-06-10T23:31:00Z,2015-12-07T02:04:37Z
Trimble Navigation Ltd.,TRIMBLE NETRS,4705127740,WANG,2007-07-17T23:23:00Z,2008-07-29T21:30:00Z
Trimble Navigation Ltd.,TRIMBLE NETRS,4705127740,VGKR,2010-05-02T23:00:00Z,2017-04-24T22:48:31Z
Trimble Navigation Ltd.,TRIMBLE NETRS,4705127742,GRNG,2007-06-14T01:55:00Z,2015-07-23T23:31:35Z
Trimble Navigation Ltd.,TRIMBLE NETRS,4705127753,UTK2,2008-07-21T14:00:00Z,2016-08-29T01:00:00Z
Trimble Navigation Ltd.,TRIMBLE NETRS,4705127754,NRRD,2008-02-08T03:31:00Z,2015-07-07T00:23:21Z
Trimble Navigation Ltd.,TRIMBLE NETRS,4705127758,LEVN,2008-06-30T02:35:00Z,2015-09-23T23:59:59Z
Trimble Navigation Ltd.,TRIMBLE NETRS,4705127759,BHST,2008-06-12T00:05:00Z,2015-07-21T00:24:27Z
Trimble Navigation Ltd.,TRIMBLE NETRS,4705127761,WGTT,2007-05-06T22:30:01Z,2019-03-11T01:44:11Z
Trimble Navigation Ltd.,TRIMBLE NETRS,4706128309,VGMO,2007-05-07T22:00:02Z,2018-04-04T00:09:59Z
Trimble Navigation Ltd.,TRIMBLE NETRS,4706128310,VGOT,2007-04-20T01:10:00Z,2017-02-21T21:22:30Z
Trimble Navigation Ltd.,TRIMBLE NETRS,4706128311,WPUK,2008-09-03T22:50:00Z,2016-12-15T04:20:56Z
Trimble Navigation Ltd.,TRIMBLE NETRS,4706128313,WGTN,2007-04-17T22:45:00Z,2010-11-14T22:26:00Z
Trimble Navigation Ltd.,TRIMBLE NETRS,4706128315,VGFW,2007-03-23T01:00:00Z,2016-06-16T02:33:33Z
Trimble Navigation Ltd.,TRIMBLE NETRS,4706128317,RAHI,2008-05-14T05:20:30Z,2011-07-18T03:00:00Z
Trimble Navigation Ltd.,TRIMBLE NETRS,4706128320,PAEK,2007-04-25T21:00:01Z,2013-12-09T21:00:00Z
Trimble Navigation Ltd.,TRIMBLE NETRS,4706128320,FALE,2014-03-04T23:55:00Z,9999-01-01T00:00:00Z
Trimble Navigation Ltd.,TRIMBLE NETRS,4706128321,WARK,2009-01-23T13:15:01Z,2009-09-10T01:59:59Z
Trimble Navigation Ltd.,TRIMBLE NETRS,4706128321,GUNR,2010-01-27T06:35:01Z,2015-05-28T22:59:58Z
Trimble Navigation Ltd.,TRIMBLE NETRS,4706128326,CLIM,2007-07-06T00:05:00Z,2015-08-20T22:57:38Z
Trimble Navigation Ltd.,TRIMBLE NETRS,4706128328,AUKT,2009-09-21T22:00:00Z,2019-03-26T22:48:35Z
Trimble Navigation Ltd.,TRIMBLE NETRS,4706128332,VGWH,2007-04-19T23:30:00Z,2011-12-08T22:00:00Z
Trimble Navigation Ltd.,TRIMBLE NETRS,4706128334,VEXA,2009-03-12T23:20:00Z,2016-02-29T23:30:07Z
Trimble Navigation Ltd.,TRIMBLE NETRS,4706128341,V27B,2011-04-09T00:00:01Z,2012-12-01T00:00:00Z
Trimble Navigation Ltd.,TRIMBLE NETRS,4706128341,BM8A,2013-01-29T00:00:02Z,2015-04-07T23:40:37Z
Trimble Navigation Ltd.,TRIMBLE NETRS,4706128344,PORA,2007-06-27T02:05:02Z,2015-09-30T22:54:59Z
Trimble Navigation Ltd.,TRIMBLE NETRS,4731136286,RGAW,2009-03-24T02:00:00Z,2015-09-16T02:52:36Z
Trimble Navigation Ltd.,TRIMBLE NETRS,4751143354,MAHA,2009-11-16T07:05:30Z,2016-07-18T02:55:01Z
Trimble Navigation Ltd.,TRIMBLE NETRS,4751143358,TAUW,2009-08-19T03:40:30Z,2011-03-27T21:25:00Z
Trimble Navigation Ltd.,TRIMBLE NETRS,4751143360,OPTK,2009-08-20T02:51:00Z,2016-01-14T00:53:07Z
Trimble Navigation Ltd.,TRIMBLE NETRS,4751143362,WMAT,2010-03-15T03:19:30Z,2013-12-16T03:00:00Z
Trimble Navigation Ltd.,TRIMBLE NETRS,4751143366,PRTU,2009-08-18T04:26:00Z,2015-12-06T22:11:07Z
Trimble Navigation Ltd.,TRIMBLE NETRS,4751143370,WHKT,2009-03-23T00:30:00Z,2011-01-27T00:15:00Z
Trimble Navigation Ltd.,TRIMBLE NETRS,4751143371,OKOH,2009-11-16T02:00:00Z,2012-07-16T00:00:01Z
Trimble Navigation Ltd.,TRIMBLE NETRS,4751143372,LEYL,2010-08-03T05:52:00Z,2011-09-05T21:45:00Z
Trimble Navigation Ltd.,TRIMBLE NETRS,4751143373,NETT,2010-04-07T21:30:00Z,2016-02-29T02:22:37Z
Trimble Navigation Ltd.,TRIMBLE NETRS,4751143375,RGON,2009-08-25T02:08:00Z,2018-04-19T05:23:01Z
Trimble Navigation Ltd.,TRIMBLE NETRS,4752143421,VGOB,2009-03-01T23:47:00Z,2016-05-12T01:01:56Z
Trimble Navigation Ltd.,TRIMBLE NETRS,4752143422,RGMT,2009-10-22T23:45:00Z,2011-05-13T01:59:00Z
Trimble Navigation Ltd.,TRIMBLE NETRS,4752143424,MTPR,2010-01-27T01:21:01Z,2011-01-26T23:00:00Z
Trimble Navigation Ltd.,TRIMBLE NETRS,4752143426,CORM,2009-07-08T22:10:00Z,2011-02-10T23:59:59Z
Trimble Navigation Ltd.,TRIMBLE NETRS,4752143427,WITH,2009-11-10T00:05:01Z,2011-04-28T22:09:00Z
Trimble Navigation Ltd.,TRIMBLE NETRS,4752143428,WARK,2009-09-10T02:00:02Z,2011-01-11T00:00:00Z
Trimble Navigation Ltd.,TRIMBLE NETRS,4752143452,RGWV,2009-09-04T01:38:00Z,2017-01-10T00:19:01Z
Trimble Navigation Ltd.,TRIMBLE NETRS,4805144941,RAUL,2009-05-16T00:00:01Z,2012-08-11T00:00:01Z
Trimble Navigation Ltd.,TRIMBLE NETRS,4808145640,ARTA,2008-11-05T00:00:00Z,2016-03-21T22:28:59Z
