Mark,Operator,Agency,Model,Satellite System,Interval,Elevation Mask,Header Comment,Format,Start Date,End Date
2004,GeoNet,GNS,TRIMBLE ALLOY,GPS+GLO,30s,0,geonet,trimble_netr9 x4,2022-12-06T01:37:08Z,2024-07-04T01:41:19Z
2406,GeoNet,GNS,TRIMBLE ALLOY,GPS+GLO,30s,0,geonet,trimble_netr9 x4,2021-06-01T03:02:08Z,2025-02-26T00:51:10Z
2406,GeoNet,GNS,TRIMBLE ALLOY,GPS+GLO+GAL+BDS+QZSS,30s,0,geonet,trimble_netr9 x4,2025-02-26T00:51:11Z,9999-01-01T00:00:00Z
2406,GeoNet,GNS,TRIMBLE NETR9,GPS+GLO,30s,3,geonet,trimble_netr9 x4,2012-02-13T00:38:01Z,2015-03-09T00:50:00Z
2406,GeoNet,GNS,TRIMBLE NETR9,GPS+GLO,30s,0,geonet,trimble_netr9 x4,2015-03-09T00:50:01Z,2021-06-01T03:02:07Z
AHTI,GeoNet,GNS,TRIMBLE NETR9,GPS+GLO,30s,0,geonet,trimble_netr9 x4,2015-12-07T02:04:38Z,9999-01-01T00:00:00Z
AHTI,GeoNet,GNS,TRIMBLE NETRS,GPS,30s,4,geonet,trimble_5700 x4,2009-06-10T23:31:00Z,2015-12-07T02:04:37Z
AKTO,GeoNet,GNS,TRIMBLE ALLOY,GPS+GLO,30s,0,geonet,trimble_netr9 x4,2024-10-23T22:56:26Z,2025-02-20T01:30:34Z
AKTO,GeoNet,GNS,TRIMBLE ALLOY,GPS+GLO+GAL+BDS+QZSS,30s,0,geonet,trimble_netr9 x4,2025-02-20T01:30:35Z,9999-01-01T00:00:00Z
AKTO,GeoNet,GNS,TRIMBLE NETR9,GPS+GLO,30s,0,geonet,trimble_netr9 x4,2015-10-01T21:39:00Z,2024-10-23T22:56:25Z
AKTO,GeoNet,GNS,TRIMBLE NETRS,GPS,30s,4,geonet,trimble_5700 x4,2006-04-27T00:00:00Z,2015-10-01T20:10:00Z
ALS1,GeoNet,GNS,TRIMBLE NETR9,GPS+GLO,30s,0,geonet,trimble_netr9 x4,2023-02-24T01:08:38Z,2024-02-25T13:59:30Z
ALS2,GeoNet,GNS,TRIMBLE NETR9,GPS+GLO,30s,0,geonet,trimble_netr9 x4,2023-02-23T01:17:02Z,2024-03-13T20:59:30Z
ANAU,GeoNet,GNS,TRIMBLE ALLOY,GPS+GLO,30s,0,geonet,trimble_netr9 x4,2022-08-10T03:58:02Z,2025-03-05T03:38:13Z
ANAU,GeoNet,GNS,TRIMBLE ALLOY,GPS+GLO+GAL+BDS+QZSS,30s,0,geonet,trimble_netr9 x4,2025-03-05T03:38:14Z,9999-01-01T00:00:00Z
ANAU,GeoNet,GNS,TRIMBLE NETR9,GPS+GLO,30s,4,geonet,trimble_netr9 x4,2010-10-18T23:35:01Z,2010-12-21T01:40:00Z
ANAU,GeoNet,GNS,TRIMBLE NETR9,GPS+GLO,30s,3,geonet,trimble_netr9 x4,2010-12-21T01:40:01Z,2015-09-03T04:13:00Z
ANAU,GeoNet,GNS,TRIMBLE NETR9,GPS+GLO,30s,0,geonet,trimble_netr9 x4,2015-09-03T04:13:01Z,2022-08-10T03:58:01Z
ARTA,GeoNet,GNS,TRIMBLE ALLOY,GPS+GLO,30s,0,geonet,trimble_netr9 x4,2023-07-10T22:54:38Z,2025-02-26T00:31:56Z
ARTA,GeoNet,GNS,TRIMBLE ALLOY,GPS+GLO+GAL+BDS+QZSS,30s,0,geonet,trimble_netr9 x4,2025-02-26T00:31:57Z,9999-01-01T00:00:00Z
ARTA,GeoNet,GNS,TRIMBLE NETR9,GPS+GLO,30s,0,geonet,trimble_netr9 x4,2016-03-21T22:29:02Z,2023-07-10T22:54:37Z
ARTA,GeoNet,GNS,TRIMBLE NETRS,GPS,30s,4,geonet,trimble_5700 x4,2008-11-05T00:00:00Z,2016-03-21T22:28:59Z
ATIA,GeoNet,GNS,TRIMBLE NETRS,GPS,30s,4,geonet,trimble_r x4,2006-10-10T23:00:30Z,2006-11-06T19:30:00Z
AUCK,GeoNet,GNS,ASHTECH MICROZ,GPS,30s,4,linz,ashtech_u x4,2002-12-01T00:02:00Z,2003-01-09T00:00:00Z
AUCK,GeoNet,GNS,ASHTECH Z-XII3,GPS,30s,4,linz,ashtech_r x6,2001-10-28T02:17:00Z,2002-12-01T00:01:00Z
AUCK,GeoNet,GNS,ASHTECH Z-XII3,GPS,30s,4,linz,ashtech_r x6,2003-01-09T02:00:00Z,2005-11-03T03:59:00Z
AUCK,GeoNet,GNS,ROGUE SNR-8000,GPS,30s,4,linz,other x6,1995-05-31T00:00:00Z,1995-06-02T00:00:00Z
AUCK,GeoNet,GNS,ROGUE SNR-8000,GPS,30s,4,linz,other x6,1995-09-18T00:00:00Z,2001-10-28T00:00:00Z
AUCK,GeoNet,GNS,TRIMBLE ALLOY,GPS+GLO+GAL+BDS+QZSS,30s,0,linz,trimble_netr9 x4,2019-10-23T23:34:46Z,9999-01-01T00:00:00Z
AUCK,GeoNet,GNS,TRIMBLE NETR9,GPS+GLO,30s,3,linz,trimble_netr9 x4,2011-02-28T23:59:59Z,2015-09-09T16:25:00Z
AUCK,GeoNet,GNS,TRIMBLE NETR9,GPS+GLO,30s,0,linz,trimble_netr9 x4,2015-09-09T16:25:01Z,2016-06-27T17:26:32Z
AUCK,GeoNet,GNS,TRIMBLE NETR9,GPS+GLO+GAL+BDS+QZSS,30s,0,linz,trimble_netr9 x4,2016-06-27T17:26:33Z,2019-10-23T23:34:45Z
AUCK,GeoNet,GNS,TRIMBLE NETRS,GPS,30s,4,linz,trimble_5700 x4,2005-11-03T04:00:00Z,2011-02-28T22:49:00Z
AUKT,GeoNet,GNS,TRIMBLE ALLOY,GPS+GLO,30s,0,geonet,trimble_netr9 x4,2022-09-05T22:15:32Z,2024-07-16T02:26:29Z
AUKT,GeoNet,GNS,TRIMBLE ALLOY,GPS+GLO+GAL+BDS+QZSS,30s,0,geonet,trimble_netr9 x4,2024-07-16T02:26:30Z,9999-01-01T00:00:00Z
AUKT,GeoNet,GNS,TRIMBLE NETR9,GPS+GLO,30s,0,geonet,trimble_netr9 x4,2019-03-26T22:48:36Z,2022-09-05T22:15:31Z
AUKT,GeoNet,GNS,TRIMBLE NETRS,GPS,30s,4,geonet,trimble_5700 x4,2009-09-21T22:00:00Z,2019-03-26T22:48:35Z
AVLN,GeoNet,GNS,TRIMBLE ALLOY,GPS+GLO+GAL+BDS+QZSS,30s,0,geonet,trimble_netr9 x4,2020-07-08T02:12:16Z,9999-01-01T00:00:00Z
AVLN,GeoNet,GNS,TRIMBLE NETR9,GPS+GLO,30s,0,geonet,trimble_netr9 x4,2016-09-19T02:31:29Z,2020-07-08T02:12:15Z
AVLN,GeoNet,GNS,TRIMBLE NETRS,GPS,30s,4,geonet,trimble_5700 x4,2006-02-23T03:35:02Z,2016-09-19T02:31:27Z
BHST,GeoNet,GNS,TRIMBLE ALLOY,GPS+GLO,30s,0,geonet,trimble_netr9 x4,2024-10-23T23:24:02Z,2025-02-18T21:27:10Z
BHST,GeoNet,GNS,TRIMBLE ALLOY,GPS+GLO+GAL+BDS+QZSS,30s,0,geonet,trimble_netr9 x4,2025-02-18T21:27:11Z,9999-01-01T00:00:00Z
BHST,GeoNet,GNS,TRIMBLE NETR9,GPS+GLO,30s,0,geonet,trimble_netr9 x4,2015-07-21T00:24:29Z,2024-10-23T23:24:01Z
BHST,GeoNet,GNS,TRIMBLE NETRS,GPS,30s,4,geonet,trimble_5700 x4,2008-06-12T00:05:00Z,2015-07-21T00:24:27Z
BIRF,GeoNet,GNS,TRIMBLE ALLOY,GPS+GLO,30s,0,geonet,trimble_netr9 x4,2024-03-13T00:09:38Z,2025-02-20T00:42:54Z
BIRF,GeoNet,GNS,TRIMBLE ALLOY,GPS+GLO+GAL+BDS+QZSS,30s,0,geonet,trimble_netr9 x4,2025-02-20T00:42:55Z,9999-01-01T00:00:00Z
BIRF,GeoNet,GNS,TRIMBLE NETR9,GPS+GLO,30s,0,geonet,trimble_netr9 x4,2015-10-08T01:25:08Z,2024-03-13T00:09:37Z
BIRF,GeoNet,GNS,TRIMBLE NETRS,GPS,30s,4,geonet,trimble_5700 x4,2005-01-22T00:00:00Z,2015-10-08T01:00:00Z
BLUF,GeoNet,GNS,TRIMBLE ALLOY,GPS+GLO+GAL+BDS+QZSS,30s,0,linz,trimble_netr9 x4,2019-12-16T02:14:08Z,9999-01-01T00:00:00Z
BLUF,GeoNet,GNS,TRIMBLE NETR9,GPS+GLO,30s,3,linz,trimble_netr9 x4,2010-11-25T05:05:01Z,2015-08-23T15:25:00Z
BLUF,GeoNet,GNS,TRIMBLE NETR9,GPS+GLO,30s,0,linz,trimble_netr9 x4,2015-08-23T15:25:01Z,2016-05-10T17:16:44Z
BLUF,GeoNet,GNS,TRIMBLE NETR9,GPS+GLO+GAL+BDS+QZSS,30s,0,linz,trimble_netr9 x4,2016-05-10T17:16:45Z,2019-12-16T02:14:07Z
BLUF,GeoNet,GNS,TRIMBLE NETRS,GPS,30s,4,linz,trimble_5700 x4,2004-03-11T00:00:00Z,2010-11-25T04:42:00Z
BM8A,GeoNet,GNS,TRIMBLE NETR9,GPS+GLO,30s,0,geonet,trimble_netr9 x4,2015-04-07T23:40:38Z,2016-05-06T00:00:00Z
BM8A,GeoNet,GNS,TRIMBLE NETRS,GPS,30s,4,geonet,trimble_5700 x4,2013-01-29T00:00:02Z,2015-04-07T23:40:37Z
BNET,P Denys,OUSD,TRIMBLE 4000SSI,GPS,30s,4,sagenz,trimble_r x18,2005-02-15T00:00:00Z,2012-09-01T00:00:01Z
BNET,P Denys,OUSD,TRIMBLE NETRS,GPS,30s,4,sagenz,trimble_5700 x4,2012-09-01T00:01:00Z,9999-01-01T00:00:00Z
BTHL,GeoNet,GNS,TRIMBLE ALLOY,GPS+GLO+GAL+BDS+QZSS,30s,0,geonet,trimble_netr9 x4,2025-10-14T01:19:38Z,9999-01-01T00:00:00Z
BTHL,GeoNet,GNS,TRIMBLE NETR9,GPS+GLO,30s,3,geonet,trimble_netr9 x4,2012-09-24T00:32:52Z,2015-08-20T17:25:00Z
BTHL,GeoNet,GNS,TRIMBLE NETR9,GPS+GLO,30s,0,geonet,trimble_netr9 x4,2015-08-20T17:25:01Z,2025-10-14T01:19:37Z
BTHL,GeoNet,GNS,TRIMBLE NETRS,GPS,30s,4,geonet,trimble_5700 x4,2009-01-12T01:00:00Z,2012-09-13T23:59:59Z
CAST,GeoNet,GNS,TRIMBLE ALLOY,GPS+GLO,30s,0,geonet,trimble_netr9 x4,2025-02-12T01:49:56Z,2025-02-16T21:47:54Z
CAST,GeoNet,GNS,TRIMBLE ALLOY,GPS+GLO+GAL+BDS+QZSS,30s,0,geonet,trimble_netr9 x4,2025-02-16T21:47:55Z,9999-01-01T00:00:00Z
CAST,GeoNet,GNS,TRIMBLE NETR9,GPS+GLO,30s,3,geonet,trimble_netr9 x4,2013-12-03T00:00:02Z,2016-04-05T01:07:03Z
CAST,GeoNet,GNS,TRIMBLE NETR9,GPS+GLO,30s,0,geonet,trimble_netr9 x4,2016-04-05T01:07:04Z,2025-02-12T01:49:55Z
CAST,GeoNet,GNS,TRIMBLE NETRS,GPS,30s,4,geonet,trimble_5700 x4,2006-02-09T03:00:00Z,2013-12-02T23:00:00Z
CHAT,GeoNet,GNS,ASHTECH Z-XII3,GPS,30s,4,linz,ashtech_r x6,2001-11-28T02:14:00Z,2012-05-23T20:00:00Z
CHAT,GeoNet,GNS,ROGUE SNR-8000,GPS,30s,4,linz,other x6,1995-10-04T00:00:00Z,2001-11-28T00:00:00Z
CHTI,GeoNet,GNS,TRIMBLE ALLOY,GPS+GLO+GAL+BDS+QZSS,30s,0,linz,trimble_netr9 x4,2019-10-31T00:35:08Z,9999-01-01T00:00:00Z
CHTI,GeoNet,GNS,TRIMBLE NETR9,GPS+GLO,30s,3,linz,trimble_netr9 x4,2011-04-05T01:23:51Z,2015-09-09T17:25:00Z
CHTI,GeoNet,GNS,TRIMBLE NETR9,GPS+GLO,30s,0,linz,trimble_netr9 x4,2015-09-09T17:25:01Z,2016-06-27T17:53:27Z
CHTI,GeoNet,GNS,TRIMBLE NETR9,GPS+GLO+GAL+BDS+QZSS,30s,0,linz,trimble_netr9 x4,2016-06-27T17:53:28Z,2019-10-31T00:35:07Z
CHTI,GeoNet,GNS,TRIMBLE NETRS,GPS,30s,4,linz,trimble_5700 x4,2007-12-10T22:59:59Z,2011-04-05T01:00:00Z
CKID,GeoNet,GNS,TRIMBLE NETR9,GPS+GLO,30s,0,geonet,trimble_netr9 x4,2017-05-15T21:51:20Z,9999-01-01T00:00:00Z
CKID,GeoNet,GNS,TRIMBLE NETRS,GPS,30s,4,geonet,trimble_5700 x4,2006-05-23T02:00:00Z,2017-05-15T21:51:19Z
CLIM,GeoNet,GNS,TRIMBLE ALLOY,GPS+GLO,30s,0,geonet,trimble_netr9 x4,2019-07-07T22:54:08Z,2019-09-11T01:43:07Z
CLIM,GeoNet,GNS,TRIMBLE ALLOY,GPS+GLO,30s,0,geonet,trimble_netr9 x4,2022-08-30T23:01:38Z,2025-04-02T22:34:16Z
CLIM,GeoNet,GNS,TRIMBLE ALLOY,GPS+GLO+GAL+BDS+QZSS,30s,0,geonet,trimble_netr9 x4,2025-04-02T22:34:17Z,9999-01-01T00:00:00Z
CLIM,GeoNet,GNS,TRIMBLE NETR9,GPS+GLO,30s,0,geonet,trimble_netr9 x4,2015-08-20T22:57:39Z,2019-07-07T22:54:07Z
CLIM,GeoNet,GNS,TRIMBLE NETR9,GPS+GLO,30s,0,geonet,trimble_netr9 x4,2019-09-11T01:43:08Z,2022-08-30T23:01:37Z
CLIM,GeoNet,GNS,TRIMBLE NETRS,GPS,30s,4,geonet,trimble_5700 x4,2005-10-18T01:00:00Z,2015-08-20T22:57:38Z
CLRR,GeoNet,GNS,TRIMBLE ALLOY,GPS+GLO+GAL+BDS+QZSS,30s,0,geonet,trimble_netr9 x4,2025-08-27T03:39:38Z,9999-01-01T00:00:00Z
CLRR,GeoNet,GNS,TRIMBLE NETR9,GPS+GLO,30s,0,geonet,trimble_netr9 x4,2017-04-19T02:56:38Z,2025-08-27T03:39:37Z
CLS3,GeoNet,GNS,TRIMBLE NETR9,GPS+GLO,30s,3,geonet,trimble_netr9 x4,2011-06-21T04:58:51Z,2015-09-22T00:05:00Z
CLS4,GeoNet,GNS,TRIMBLE NETR9,GPS+GLO,30s,3,geonet,trimble_netr9 x4,2011-06-21T22:13:45Z,2011-10-30T20:30:00Z
CLS5,GeoNet,GNS,TRIMBLE NETR9,GPS+GLO,30s,3,geonet,trimble_netr9 x4,2011-06-21T23:52:45Z,2015-12-10T23:25:15Z
CLS5,GeoNet,GNS,TRIMBLE NETR9,GPS+GLO,30s,0,geonet,trimble_netr9 x4,2015-12-10T23:25:16Z,2016-03-13T00:00:00Z
CLS6,GeoNet,GNS,TRIMBLE NETR9,GPS+GLO,30s,3,geonet,trimble_netr9 x4,2011-10-13T22:21:05Z,2015-11-16T19:26:00Z
CLS6,GeoNet,GNS,TRIMBLE NETR9,GPS+GLO,30s,0,geonet,trimble_netr9 x4,2015-11-16T19:26:01Z,2016-08-28T20:00:00Z
CLSG,GeoNet,GNS,TRIMBLE NETRS,GPS,30s,4,geonet,trimble_5700 x4,2011-03-02T00:00:03Z,2011-06-21T00:00:00Z
CLSK,GeoNet,GNS,TRIMBLE NETRS,GPS,30s,4,geonet,trimble_5700 x4,2011-03-02T00:00:03Z,2017-06-28T01:59:30Z
CMBL,GeoNet,GNS,TRIMBLE ALLOY,GPS+GLO,30s,0,geonet,trimble_netr9 x4,2022-02-23T03:39:08Z,2025-03-13T00:49:13Z
CMBL,GeoNet,GNS,TRIMBLE ALLOY,GPS+GLO+GAL+BDS+QZSS,30s,0,geonet,trimble_netr9 x4,2025-03-13T00:49:14Z,9999-01-01T00:00:00Z
CMBL,GeoNet,GNS,TRIMBLE NETR9,GPS+GLO,30s,3,geonet,trimble_netr9 x4,2013-07-24T00:40:00Z,2014-12-03T01:37:59Z
CMBL,GeoNet,GNS,TRIMBLE NETR9,GPS+GLO,30s,0,geonet,trimble_netr9 x4,2014-12-03T01:38:00Z,2022-02-23T03:39:07Z
CMBL,GeoNet,GNS,TRIMBLE NETRS,GPS,30s,4,geonet,trimble_5700 x4,2004-01-27T00:00:01Z,2013-07-24T00:30:00Z
CNCL,P Denys,OUSD,TRIMBLE 4000SSI,GPS,30s,4,sagenz,trimble_r x21,2000-02-05T00:00:00Z,2007-02-01T20:00:00Z
CNCL,GeoNet,GNS,TRIMBLE ALLOY,GPS+GLO,30s,0,geonet,trimble_netr9 x4,2022-10-18T19:18:32Z,2025-03-11T02:38:58Z
CNCL,GeoNet,GNS,TRIMBLE ALLOY,GPS+GLO+GAL+BDS+QZSS,30s,0,geonet,trimble_netr9 x4,2025-03-11T02:38:59Z,9999-01-01T00:00:00Z
CNCL,GeoNet,GNS,TRIMBLE NETR9,GPS+GLO,30s,3,geonet,trimble_netr9 x4,2014-02-04T19:00:01Z,2014-07-09T23:59:59Z
CNCL,GeoNet,GNS,TRIMBLE NETR9,GPS+GLO,30s,0,geonet,trimble_netr9 x4,2014-07-10T00:00:00Z,2022-10-18T19:18:31Z
CNCL,GeoNet,GNS,TRIMBLE NETRS,GPS,30s,4,sagenz,trimble_5700 x4,2007-02-01T20:00:01Z,2014-02-04T19:00:00Z
CNST,GeoNet,GNS,TRIMBLE ALLOY,GPS+GLO,30s,0,geonet,trimble_netr9 x4,2024-10-30T19:26:08Z,2025-03-05T03:23:55Z
CNST,GeoNet,GNS,TRIMBLE ALLOY,GPS+GLO+GAL+BDS+QZSS,30s,0,geonet,trimble_netr9 x4,2025-03-05T03:23:56Z,9999-01-01T00:00:00Z
CNST,GeoNet,GNS,TRIMBLE NETR9,GPS+GLO,30s,0,geonet,trimble_netr9 x4,2016-01-14T21:36:29Z,2024-10-30T19:26:07Z
CNST,GeoNet,GNS,TRIMBLE NETRS,GPS,30s,4,geonet,trimble_5700 x4,2007-08-21T01:00:00Z,2016-01-14T21:36:27Z
CORM,GeoNet,GNS,TRIMBLE 5700,GPS,30s,4,linz,trimble_5700 x5,2003-05-09T23:59:00Z,2006-11-08T05:00:00Z
CORM,GeoNet,GNS,TRIMBLE ALLOY,GPS+GLO+GAL+BDS+QZSS,30s,0,linz,trimble_netr9 x4,2019-10-22T23:00:32Z,9999-01-01T00:00:00Z
CORM,GeoNet,GNS,TRIMBLE NETR9,GPS+GLO,30s,3,linz,trimble_netr9 x4,2011-02-11T17:30:01Z,2014-08-21T01:24:58Z
CORM,GeoNet,GNS,TRIMBLE NETR9,GPS+GLO,30s,0,linz,trimble_netr9 x4,2014-08-21T01:42:53Z,2016-05-10T17:28:35Z
CORM,GeoNet,GNS,TRIMBLE NETR9,GPS+GLO+GAL+BDS+QZSS,30s,0,linz,trimble_netr9 x4,2016-05-10T17:28:36Z,2019-10-22T23:00:31Z
CORM,GeoNet,GNS,TRIMBLE NETRS,GPS,30s,4,linz,trimble_5700 x4,2006-11-09T04:45:00Z,2011-02-10T23:59:59Z
DBHI,GeoNet,GNS,TRIMBLE ALLOY,GPS+GLO,30s,0,geonet,trimble_netr9 x4,2024-11-06T02:01:02Z,2025-03-11T01:39:35Z
DBHI,GeoNet,GNS,TRIMBLE ALLOY,GPS+GLO+GAL+BDS+QZSS,30s,0,geonet,trimble_netr9 x4,2025-03-11T01:39:36Z,9999-01-01T00:00:00Z
DNVK,GeoNet,GNS,TRIMBLE 5700,GPS,5s,4,linz,trimble_5700 x4,2003-01-28T06:22:00Z,2003-08-05T00:01:00Z
DNVK,GeoNet,GNS,TRIMBLE 5700,GPS,30s,4,linz,trimble_5700 x4,2002-10-01T00:00:00Z,2006-01-26T23:39:18Z
DNVK,GeoNet,GNS,TRIMBLE ALLOY,GPS+GLO+GAL+BDS+QZSS,30s,0,linz,trimble_netr9 x4,2019-10-14T03:04:44Z,9999-01-01T00:00:00Z
DNVK,GeoNet,GNS,TRIMBLE NETR9,GPS+GLO,30s,3,linz,trimble_netr9 x4,2010-12-08T00:34:45Z,2015-08-24T16:25:00Z
DNVK,GeoNet,GNS,TRIMBLE NETR9,GPS+GLO,30s,0,linz,trimble_netr9 x4,2015-08-24T16:25:01Z,2016-05-10T17:41:38Z
DNVK,GeoNet,GNS,TRIMBLE NETR9,GPS+GLO+GAL+BDS+QZSS,30s,0,linz,trimble_netr9 x4,2016-05-10T17:41:39Z,2019-10-14T03:04:43Z
DNVK,GeoNet,GNS,TRIMBLE NETRS,GPS,30s,4,linz,trimble_5700 x4,2006-01-26T23:39:19Z,2010-12-07T22:07:00Z
DUND,GeoNet,GNS,TRIMBLE ALLOY,GPS+GLO+GAL+BDS+QZSS,30s,0,linz,trimble_netr9 x4,2019-10-01T00:07:14Z,9999-01-01T00:00:00Z
DUND,GeoNet,GNS,TRIMBLE NETR9,GPS+GLO,30s,3,linz,trimble_netr9 x4,2010-11-24T23:35:01Z,2015-02-26T11:14:27Z
DUND,GeoNet,GNS,TRIMBLE NETR9,GPS+GLO,30s,0,linz,trimble_netr9 x4,2015-02-26T11:14:28Z,2015-03-08T22:32:29Z
DUND,GeoNet,GNS,TRIMBLE NETR9,GPS+GLO+GAL+BDS+QZSS,30s,0,linz,trimble_netr9 x4,2015-03-08T22:32:30Z,2019-10-01T00:07:13Z
DUND,GeoNet,GNS,TRIMBLE NETRS,GPS,30s,4,linz,trimble_5700 x4,2005-08-24T00:00:00Z,2010-11-24T02:30:00Z
DUNT,P Denys,OUSD,LEICA CRS1000,GPS,30s,4,sagenz,leica_lb2 x6,1999-09-23T00:00:03Z,2007-06-06T00:00:00Z
DUNT,P Denys,OUSD,LEICA GRX1200GGPRO,GPS+GLO,30s,4,sagenz,leica_lb2 x6,2007-06-06T00:00:01Z,2024-07-31T03:26:45Z
DUNT,GeoNet,GNS,TRIMBLE ALLOY,GPS+GLO+GAL+BDS+QZSS,30s,0,linz,trimble_netr9 x4,2024-07-31T03:26:46Z,9999-01-01T00:00:00Z
DURV,GeoNet,GNS,TRIMBLE ALLOY,GPS+GLO+GAL+BDS+QZSS,30s,0,linz,trimble_netr9 x4,2025-07-24T21:24:38Z,9999-01-01T00:00:00Z
DURV,GeoNet,GNS,TRIMBLE NETR9,GPS+GLO,30s,0,geonet,trimble_netr9 x4,2018-02-22T23:09:02Z,2025-07-24T21:24:37Z
DURV,GeoNet,GNS,TRIMBLE NETRS,GPS,30s,4,geonet,trimble_5700 x4,2005-03-09T22:00:00Z,2018-02-22T23:09:01Z
ERWO,GeoNet,GNS,TRIMBLE ALLOY,GPS+GLO+GAL+BDS+QZSS,30s,0,geonet,trimble_netr9 x4,2025-06-17T02:15:02Z,9999-01-01T00:00:00Z
FALE,Toelau Iulio,Samoa DLSE,ASHTECH Z-XII3,GPS,30s,4,swpacific,ashtech_r x6,1996-11-13T00:00:00Z,2010-10-21T22:13:00Z
FALE,Toelau Iulio,Samoa DLSE,TRIMBLE NETRS,GPS,30s,4,swpacific,trimble_5700 x4,2010-10-22T02:31:01Z,2014-03-04T23:00:00Z
FALE,Toelau Iulio,Samoa DLSE,TRIMBLE NETRS,GPS,30s,3,swpacific,trimble_5700 x4,2014-03-04T23:55:00Z,2017-12-28T18:59:31Z
FOX1,GeoNet,GNS,TRIMBLE NETR9,GPS+GLO,30s,0,geonet,trimble_netr9 x4,2019-02-05T23:45:50Z,9999-01-01T00:00:00Z
FRTN,GeoNet,GNS,TRIMBLE ALLOY,GPS+GLO,30s,0,geonet,trimble_netr9 x4,2019-10-02T02:06:00Z,2025-03-06T02:33:36Z
FRTN,GeoNet,GNS,TRIMBLE ALLOY,GPS+GLO+GAL+BDS+QZSS,30s,0,geonet,trimble_netr9 x4,2025-03-06T02:33:37Z,9999-01-01T00:00:00Z
FRTN,GeoNet,GNS,TRIMBLE NETR9,GPS+GLO,30s,3,geonet,trimble_netr9 x4,2011-01-18T23:30:57Z,2015-07-07T22:27:38Z
FRTN,GeoNet,GNS,TRIMBLE NETR9,GPS+GLO,30s,0,geonet,trimble_netr9 x4,2015-07-07T22:27:39Z,2019-10-02T02:05:59Z
GDS1,GeoNet,GNS,TRIMBLE NETR9,GPS+GLO,30s,0,geonet,trimble_netr9 x4,2016-11-16T00:21:00Z,2018-01-15T00:28:30Z
GISB,GeoNet,GNS,TRIMBLE 5700,GPS,5s,4,linz,trimble_5700 x5,2002-06-28T00:00:00Z,2002-09-10T21:59:59Z
GISB,GeoNet,GNS,TRIMBLE 5700,GPS,30s,4,linz,trimble_5700 x5,2002-09-10T22:00:00Z,2007-02-15T02:20:00Z
GISB,GeoNet,GNS,TRIMBLE ALLOY,GPS+GLO+GAL+BDS+QZSS,30s,0,linz,trimble_netr9 x4,2019-11-18T23:46:02Z,9999-01-01T00:00:00Z
GISB,GeoNet,GNS,TRIMBLE NETR9,GPS+GLO,30s,3,linz,trimble_netr9 x4,2011-01-19T03:34:51Z,2015-08-24T15:25:00Z
GISB,GeoNet,GNS,TRIMBLE NETR9,GPS+GLO,30s,0,linz,trimble_netr9 x4,2015-08-24T15:25:01Z,2016-05-10T17:52:56Z
GISB,GeoNet,GNS,TRIMBLE NETR9,GPS+GLO+GAL+BDS+QZSS,30s,0,linz,trimble_netr9 x4,2016-05-10T17:52:57Z,2019-11-18T23:46:01Z
GISB,GeoNet,GNS,TRIMBLE NETRS,GPS,30s,4,linz,trimble_5700 x4,2007-02-15T02:20:01Z,2011-01-19T03:00:00Z
GLDB,GeoNet,GNS,TRIMBLE ALLOY,GPS+GLO+GAL+BDS+QZSS,30s,0,linz,trimble_netr9 x4,2020-02-03T01:28:56Z,9999-01-01T00:00:00Z
GLDB,GeoNet,GNS,TRIMBLE NETR9,GPS+GLO,30s,3,linz,trimble_netr9 x4,2011-01-25T07:11:01Z,2015-05-18T17:05:00Z
GLDB,GeoNet,GNS,TRIMBLE NETR9,GPS+GLO,30s,0,linz,trimble_netr9 x4,2015-05-18T17:05:01Z,2016-05-10T18:10:54Z
GLDB,GeoNet,GNS,TRIMBLE NETR9,GPS+GLO+GAL+BDS+QZSS,30s,0,linz,trimble_netr9 x4,2016-05-10T18:10:55Z,2020-02-03T01:28:55Z
GLDB,GeoNet,GNS,TRIMBLE NETRS,GPS,30s,4,linz,trimble_5700 x4,2004-02-02T00:00:00Z,2011-01-25T06:20:00Z
GLOK,GeoNet,GNS,TRIMBLE ALLOY,GPS+GLO+GAL+BDS+QZSS,30s,0,geonet,trimble_netr9 x4,2025-08-27T04:12:14Z,9999-01-01T00:00:00Z
GLOK,GeoNet,GNS,TRIMBLE NETR9,GPS+GLO,30s,0,geonet,trimble_netr9 x4,2017-06-12T04:25:09Z,2025-08-27T04:12:13Z
GNBK,GeoNet,GNS,TRIMBLE ALLOY,GPS+GLO,30s,0,geonet,trimble_netr9 x4,2024-07-25T01:09:08Z,2025-02-19T02:50:28Z
GNBK,GeoNet,GNS,TRIMBLE ALLOY,GPS+GLO+GAL+BDS+QZSS,30s,0,geonet,trimble_netr9 x4,2025-02-19T02:50:29Z,9999-01-01T00:00:00Z
GNBK,GeoNet,GNS,TRIMBLE NETR9,GPS+GLO,30s,0,geonet,trimble_netr9 x4,2015-10-01T00:35:02Z,2024-07-25T01:09:07Z
GNBK,GeoNet,GNS,TRIMBLE NETRS,GPS,30s,4,geonet,trimble_5700 x4,2008-03-12T05:01:00Z,2015-10-01T00:35:00Z
GRAC,GeoNet,GNS,ASHTECH Z-XII3,GPS,30s,4,geonet,ashtech_r x6,1998-07-10T00:00:00Z,1999-08-03T00:00:00Z
GRAC,GeoNet,GNS,ASHTECH Z-XII3,GPS,30s,4,geonet,ashtech_r x6,1999-10-14T00:00:00Z,2001-01-30T23:59:59Z
GRAC,GeoNet,GNS,TRIMBLE 4000SSI,GPS,5s,4,geonet,trimble_r x17,2001-01-31T00:00:00Z,2006-08-28T02:05:00Z
GRAC,GeoNet,GNS,TRIMBLE 4000SSI,GPS,30s,4,geonet,trimble_r x6,1999-09-16T00:00:00Z,1999-09-22T00:00:00Z
GRNG,GeoNet,GNS,TRIMBLE ALLOY,GPS+GLO,30s,0,geonet,trimble_netr9 x4,2024-07-29T23:57:44Z,2025-02-19T03:23:42Z
GRNG,GeoNet,GNS,TRIMBLE ALLOY,GPS+GLO+GAL+BDS+QZSS,30s,0,geonet,trimble_netr9 x4,2025-02-19T03:23:43Z,9999-01-01T00:00:00Z
GRNG,GeoNet,GNS,TRIMBLE NETR9,GPS+GLO,30s,0,geonet,trimble_netr9 x4,2015-07-23T23:31:37Z,2024-07-29T23:57:43Z
GRNG,GeoNet,GNS,TRIMBLE NETRS,GPS,30s,4,geonet,trimble_5700 x4,2007-06-14T01:55:00Z,2015-07-23T23:31:35Z
GUNR,GeoNet,GNS,TRIMBLE NETR9,GPS+GLO,30s,0,geonet,trimble_netr9 x4,2015-05-28T23:00:01Z,2018-05-08T23:59:59Z
GUNR,GeoNet,GNS,TRIMBLE NETRS,GPS,30s,4,geonet,trimble_5700 x4,2010-01-27T06:35:01Z,2015-05-28T22:59:58Z
HAAS,GeoNet,GNS,TRIMBLE ALLOY,GPS+GLO+GAL+BDS+QZSS,30s,0,linz,trimble_netr9 x4,2019-12-12T00:25:46Z,9999-01-01T00:00:00Z
HAAS,GeoNet,GNS,TRIMBLE NETR9,GPS+GLO,30s,3,linz,trimble_netr9 x4,2011-02-08T20:56:01Z,2014-08-21T00:12:24Z
HAAS,GeoNet,GNS,TRIMBLE NETR9,GPS+GLO,30s,0,linz,trimble_netr9 x4,2014-08-21T00:34:48Z,2016-07-26T17:02:57Z
HAAS,GeoNet,GNS,TRIMBLE NETR9,GPS+GLO+GAL+BDS+QZSS,30s,0,linz,trimble_netr9 x4,2016-07-26T17:02:58Z,2019-12-12T00:25:45Z
HAAS,GeoNet,GNS,TRIMBLE NETRS,GPS,30s,4,linz,trimble_5700 x4,2004-06-23T00:36:19Z,2011-02-08T19:42:00Z
HAMT,GeoNet,GNS,TRIMBLE 5700,GPS,30s,4,linz,trimble_5700 x5,2003-05-01T23:59:00Z,2005-12-05T03:59:59Z
HAMT,GeoNet,GNS,TRIMBLE ALLOY,GPS+GLO+GAL+BDS+QZSS,30s,0,linz,trimble_netr9 x4,2019-09-26T23:12:16Z,9999-01-01T00:00:00Z
HAMT,GeoNet,GNS,TRIMBLE NETR9,GPS+GLO,30s,3,geonet,trimble_netr9 x4,2011-01-24T01:45:00Z,2015-08-13T15:25:00Z
HAMT,GeoNet,GNS,TRIMBLE NETR9,GPS+GLO,30s,0,linz,trimble_netr9 x4,2015-08-13T15:25:01Z,2016-07-26T17:02:00Z
HAMT,GeoNet,GNS,TRIMBLE NETR9,GPS+GLO+GAL+BDS+QZSS,30s,0,linz,trimble_netr9 x4,2016-07-26T17:02:01Z,2019-09-26T23:12:15Z
HAMT,GeoNet,GNS,TRIMBLE NETRS,GPS,30s,4,linz,trimble_5700 x4,2005-12-05T04:00:00Z,2007-06-11T03:40:00Z
HAMT,GeoNet,GNS,TRIMBLE NETRS,GPS,30s,4,linz,trimble_5700 x4,2007-06-11T03:45:02Z,2009-08-17T13:00:00Z
HAMT,GeoNet,GNS,TRIMBLE NETRS,GPS,30s,4,geonet,trimble_5700 x4,2009-09-01T02:09:30Z,2011-01-24T00:33:00Z
HANA,GeoNet,GNS,TRIMBLE ALLOY,GPS+GLO,30s,0,geonet,trimble_netr9 x4,2019-11-05T01:07:38Z,2025-03-06T01:40:49Z
HANA,GeoNet,GNS,TRIMBLE ALLOY,GPS+GLO+GAL+BDS+QZSS,30s,0,geonet,trimble_netr9 x4,2025-03-06T01:40:50Z,9999-01-01T00:00:00Z
HANA,GeoNet,GNS,TRIMBLE NETR9,GPS+GLO,30s,3,geonet,trimble_netr9 x4,2012-06-01T00:00:01Z,2016-04-27T01:49:16Z
HANA,GeoNet,GNS,TRIMBLE NETR9,GPS+GLO,30s,0,geonet,trimble_netr9 x4,2016-04-27T01:49:17Z,2019-11-05T01:07:37Z
HANA,GeoNet,GNS,TRIMBLE NETRS,GPS,30s,4,geonet,trimble_5700 x4,2007-08-05T05:59:00Z,2012-05-30T00:00:01Z
HANM,GeoNet,GNS,TRIMBLE ALLOY,GPS+GLO,30s,0,geonet,trimble_netr9 x4,2019-10-22T03:00:26Z,2025-03-12T22:44:02Z
HANM,GeoNet,GNS,TRIMBLE ALLOY,GPS+GLO+GAL+BDS+QZSS,30s,0,geonet,trimble_netr9 x4,2025-03-12T22:44:03Z,9999-01-01T00:00:00Z
HANM,GeoNet,GNS,TRIMBLE NETR9,GPS+GLO,30s,0,geonet,trimble_netr9 x4,2014-06-03T04:06:00Z,2019-10-22T03:00:25Z
HAST,GeoNet,GNS,TRIMBLE 5700,GPS,30s,4,linz,trimble_5700 x5,2002-09-10T22:00:00Z,2006-08-02T01:59:59Z
HAST,GeoNet,GNS,TRIMBLE ALLOY,GPS+GLO+GAL+BDS+QZSS,30s,0,linz,trimble_netr9 x4,2019-11-14T01:14:08Z,9999-01-01T00:00:00Z
HAST,GeoNet,GNS,TRIMBLE NETR9,GPS+GLO,30s,3,linz,trimble_netr9 x4,2010-12-15T22:08:30Z,2015-08-24T17:25:00Z
HAST,GeoNet,GNS,TRIMBLE NETR9,GPS+GLO,30s,0,linz,trimble_netr9 x4,2015-08-24T17:25:01Z,2016-07-26T17:02:00Z
HAST,GeoNet,GNS,TRIMBLE NETR9,GPS+GLO+GAL+BDS+QZSS,30s,0,linz,trimble_netr9 x4,2016-07-26T17:02:01Z,2019-11-14T01:14:07Z
HAST,GeoNet,GNS,TRIMBLE NETRS,GPS,30s,4,linz,trimble_5700 x4,2006-08-02T02:00:00Z,2010-12-15T19:46:00Z
HIKB,GeoNet,GNS,TRIMBLE 5700,GPS,30s,4,linz,trimble_5700 x5,2003-05-16T23:59:00Z,2004-03-29T01:00:00Z
HIKB,GeoNet,GNS,TRIMBLE ALLOY,GPS+GLO+GAL+BDS+QZSS,30s,0,linz,trimble_netr9 x4,2019-11-20T01:43:44Z,9999-01-01T00:00:00Z
HIKB,GeoNet,GNS,TRIMBLE NETR9,GPS+GLO,30s,3,linz,trimble_netr9 x4,2011-01-13T06:00:00Z,2015-08-23T17:25:00Z
HIKB,GeoNet,GNS,TRIMBLE NETR9,GPS+GLO,30s,0,geonet,trimble_netr9 x4,2015-08-23T17:25:01Z,2016-07-26T17:02:30Z
HIKB,GeoNet,GNS,TRIMBLE NETR9,GPS+GLO+GAL+BDS+QZSS,30s,0,linz,trimble_netr9 x4,2016-07-26T17:02:31Z,2019-11-20T01:43:43Z
HIKB,GeoNet,GNS,TRIMBLE NETRS,GPS,30s,4,linz,trimble_5700 x4,2004-03-29T02:00:00Z,2011-01-13T04:12:00Z
HOKI,GeoNet,GNS,ASHTECH Z-XII3,GPS,30s,4,linz,ashtech_r x6,1998-07-06T00:00:00Z,2003-09-05T22:56:00Z
HOKI,GeoNet,GNS,TRIMBLE 5700,GPS,30s,4,linz,trimble_5700 x5,2003-09-05T22:57:00Z,2007-05-14T23:00:00Z
HOKI,GeoNet,GNS,TRIMBLE ALLOY,GPS+GLO+GAL+BDS+QZSS,30s,0,linz,trimble_netr9 x4,2019-12-08T23:19:38Z,9999-01-01T00:00:00Z
HOKI,GeoNet,GNS,TRIMBLE NETR9,GPS+GLO,30s,3,linz,trimble_netr9 x4,2011-02-08T20:13:01Z,2015-08-02T17:25:53Z
HOKI,GeoNet,GNS,TRIMBLE NETR9,GPS+GLO,30s,0,linz,trimble_netr9 x4,2015-08-02T17:25:54Z,2016-07-26T17:03:00Z
HOKI,GeoNet,GNS,TRIMBLE NETR9,GPS+GLO+GAL+BDS+QZSS,30s,0,linz,trimble_netr9 x4,2016-07-26T17:03:01Z,2019-12-08T23:19:37Z
HOKI,GeoNet,GNS,TRIMBLE NETRS,GPS,30s,4,linz,trimble_5700 x4,2007-05-22T00:00:00Z,2011-02-08T19:43:00Z
HOLD,GeoNet,GNS,TRIMBLE NETR9,GPS+GLO,30s,0,geonet,trimble_netr9 x4,2016-10-31T01:59:14Z,9999-01-01T00:00:00Z
HOLD,GeoNet,GNS,TRIMBLE NETRS,GPS,30s,4,geonet,trimble_5700 x4,2007-03-16T13:00:00Z,2016-10-31T01:59:12Z
HORN,P Denys,OUSD,TRIMBLE 5700,GPS,30s,0,sagenz,trimble_5700 x18,2002-11-20T00:00:00Z,2012-08-30T21:30:00Z
HORN,GeoNet,GNS,TRIMBLE ALLOY,GPS+GLO,30s,0,geonet,trimble_netr9 x4,2019-09-18T01:42:59Z,2025-03-11T02:22:50Z
HORN,GeoNet,GNS,TRIMBLE ALLOY,GPS+GLO+GAL+BDS+QZSS,30s,0,geonet,trimble_netr9 x4,2025-03-11T02:22:51Z,9999-01-01T00:00:00Z
HORN,P Denys,OUSD,TRIMBLE NETRS,GPS,30s,0,sagenz,trimble_5700 x4,2012-08-31T10:00:00Z,2019-09-18T01:42:58Z
IFMA,GeoNet,GNS,TRIMBLE ALLOY,GPS+GLO+GAL+BDS+QZSS,30s,0,geonet,trimble_netr9 x4,2025-03-12T01:58:50Z,9999-01-01T00:00:00Z
JTGT,GeoNet,GNS,TRIMBLE ALLOY,GPS+GLO+GAL+BDS+QZSS,30s,0,linz,trimble_netr9 x4,2025-02-20T19:22:26Z,9999-01-01T00:00:00Z
KAHU,GeoNet,GNS,TRIMBLE ALLOY,GPS+GLO,30s,0,geonet,trimble_netr9 x4,2023-07-19T01:03:44Z,2025-02-21T01:22:05Z
KAHU,GeoNet,GNS,TRIMBLE ALLOY,GPS+GLO+GAL+BDS+QZSS,30s,0,geonet,trimble_netr9 x4,2025-02-21T01:22:06Z,9999-01-01T00:00:00Z
KAHU,GeoNet,GNS,TRIMBLE NETR9,GPS+GLO,30s,0,geonet,trimble_netr9 x4,2017-05-03T01:20:17Z,2023-07-19T01:03:43Z
KAHU,GeoNet,GNS,TRIMBLE NETRS,GPS,30s,4,geonet,trimble_5700 x4,2006-04-19T04:00:00Z,2017-05-03T01:20:16Z
KAIK,GeoNet,GNS,TRIMBLE ALLOY,GPS+GLO+GAL+BDS+QZSS,30s,0,linz,trimble_netr9 x4,2020-03-11T22:33:02Z,9999-01-01T00:00:00Z
KAIK,GeoNet,GNS,TRIMBLE NETR9,GPS+GLO,30s,3,linz,trimble_netr9 x4,2011-01-28T00:55:00Z,2015-01-05T03:10:00Z
KAIK,GeoNet,GNS,TRIMBLE NETR9,GPS+GLO,30s,0,linz,trimble_netr9 x4,2015-01-05T03:12:00Z,2016-07-26T17:03:00Z
KAIK,GeoNet,GNS,TRIMBLE NETR9,GPS+GLO+GAL+BDS+QZSS,30s,0,linz,trimble_netr9 x4,2016-07-26T17:03:01Z,2020-03-11T22:33:01Z
KAIK,GeoNet,GNS,TRIMBLE NETRS,GPS,30s,4,linz,trimble_5700 x4,2004-02-01T00:00:00Z,2011-01-28T00:03:30Z
KAPT,GeoNet,GNS,TRIMBLE ALLOY,GPS+GLO,30s,0,geonet,trimble_netr9 x4,2020-02-11T20:15:38Z,2025-03-06T22:35:07Z
KAPT,GeoNet,GNS,TRIMBLE ALLOY,GPS+GLO+GAL+BDS+QZSS,30s,0,geonet,trimble_netr9 x4,2025-03-06T22:35:08Z,9999-01-01T00:00:00Z
KAPT,GeoNet,GNS,TRIMBLE NETR9,GPS+GLO,30s,0,geonet,trimble_netr9 x4,2018-05-08T23:14:08Z,2020-02-11T20:15:37Z
KAPT,GeoNet,GNS,TRIMBLE NETRS,GPS,30s,4,geonet,trimble_5700 x4,2004-06-10T00:00:00Z,2018-05-08T23:14:07Z
KARA,P Denys,OUSD,TRIMBLE 4000SSI,GPS,30s,4,sagenz,trimble_r x21,2000-02-05T00:00:00Z,2007-02-01T19:29:59Z
KARA,GeoNet,GNS,TRIMBLE NETR9,GPS+GLO,30s,0,sagenz,trimble_netr9 x4,2016-03-01T03:15:38Z,9999-01-01T00:00:00Z
KARA,GeoNet,GNS,TRIMBLE NETRS,GPS,30s,4,sagenz,trimble_5700 x4,2007-02-01T19:30:00Z,2016-03-01T03:15:36Z
KAWK,GeoNet,GNS,TRIMBLE ALLOY,GPS+GLO,30s,0,geonet,trimble_netr9 x4,2022-01-18T02:21:14Z,2025-02-21T01:26:32Z
KAWK,GeoNet,GNS,TRIMBLE ALLOY,GPS+GLO+GAL+BDS+QZSS,30s,0,geonet,trimble_netr9 x4,2025-02-21T01:26:33Z,9999-01-01T00:00:00Z
KAWK,GeoNet,GNS,TRIMBLE NETR9,GPS+GLO,30s,0,geonet,trimble_netr9 x4,2015-04-07T23:07:44Z,2022-01-18T02:21:13Z
KAWK,GeoNet,GNS,TRIMBLE NETRS,GPS,30s,4,geonet,trimble_5700 x4,2010-06-02T02:29:30Z,2015-04-07T23:07:43Z
KERE,GeoNet,GNS,TRIMBLE NETR9,GPS+GLO,30s,0,geonet,trimble_netr9 x4,2016-08-18T00:55:32Z,9999-01-01T00:00:00Z
KERE,GeoNet,GNS,TRIMBLE NETRS,GPS,30s,4,geonet,trimble_5700 x4,2006-05-17T03:00:00Z,2016-08-18T00:55:30Z
KOKO,GeoNet,GNS,TRIMBLE ALLOY,GPS+GLO,30s,0,geonet,trimble_netr9 x4,2024-12-08T23:37:02Z,2025-03-06T02:24:51Z
KOKO,GeoNet,GNS,TRIMBLE ALLOY,GPS+GLO+GAL+BDS+QZSS,30s,0,geonet,trimble_netr9 x4,2025-03-06T02:24:52Z,9999-01-01T00:00:00Z
KOKO,GeoNet,GNS,TRIMBLE NETR9,GPS+GLO,30s,0,geonet,trimble_netr9 x4,2015-12-08T04:24:00Z,2024-12-08T23:37:01Z
KOKO,GeoNet,GNS,TRIMBLE NETRS,GPS,30s,4,geonet,trimble_5700 x4,2004-11-03T00:00:00Z,2015-12-08T04:23:58Z
KORO,GeoNet,GNS,TRIMBLE ALLOY,GPS+GLO,30s,0,geonet,trimble_netr9 x4,2024-07-25T03:32:32Z,2025-02-19T22:00:33Z
KORO,GeoNet,GNS,TRIMBLE ALLOY,GPS+GLO+GAL+BDS+QZSS,30s,0,geonet,trimble_netr9 x4,2025-02-19T22:00:34Z,9999-01-01T00:00:00Z
KORO,GeoNet,GNS,TRIMBLE NETR9,GPS+GLO,30s,0,geonet,trimble_netr9 x4,2015-09-10T00:00:01Z,2024-07-25T03:32:31Z
KORO,GeoNet,GNS,TRIMBLE NETRS,GPS,30s,4,geonet,trimble_5700 x4,2007-06-14T23:55:00Z,2015-09-10T00:00:00Z
KTIA,GeoNet,GNS,TRIMBLE ALLOY,GPS+GLO+GAL+BDS+QZSS,30s,0,linz,trimble_netr9 x4,2019-09-25T00:43:38Z,9999-01-01T00:00:00Z
KTIA,GeoNet,GNS,TRIMBLE NETR9,GPS+GLO,30s,3,linz,trimble_netr9 x4,2010-11-23T00:35:00Z,2015-08-11T17:25:00Z
KTIA,GeoNet,GNS,TRIMBLE NETR9,GPS+GLO,30s,0,linz,trimble_netr9 x4,2015-08-11T17:25:01Z,2016-07-26T17:03:00Z
KTIA,GeoNet,GNS,TRIMBLE NETR9,GPS+GLO+GAL+BDS+QZSS,30s,0,linz,trimble_netr9 x4,2016-07-26T17:03:01Z,2019-09-25T00:43:37Z
KTIA,GeoNet,GNS,TRIMBLE NETRS,GPS,30s,4,linz,trimble_5700 x4,2007-10-24T01:00:00Z,2010-11-23T00:00:00Z
KUTA,GeoNet,GNS,TRIMBLE NETR9,GPS+GLO,30s,0,geonet,trimble_netr9 x4,2017-05-03T00:35:32Z,9999-01-01T00:00:00Z
KUTA,GeoNet,GNS,TRIMBLE NETRS,GPS,30s,4,geonet,trimble_5700 x4,2010-04-07T00:01:01Z,2017-05-03T00:35:31Z
LDRZ,GeoNet,GNS,TRIMBLE NETR9,GPS+GLO,30s,3,geonet,trimble_netr9 x4,2012-06-01T00:00:01Z,9999-01-01T00:00:00Z
LEVN,GeoNet,GNS,TRIMBLE ALLOY,GPS+GLO+GAL+BDS+QZSS,30s,0,geonet,trimble_netr9 x4,2024-07-25T02:08:38Z,9999-01-01T00:00:00Z
LEVN,GeoNet,GNS,TRIMBLE NETR9,GPS+GLO,30s,0,geonet,trimble_netr9 x4,2015-09-24T00:00:00Z,2016-12-19T20:44:00Z
LEVN,GeoNet,GNS,TRIMBLE NETR9,GPS+GLO+GAL+BDS+QZSS,30s,0,geonet,trimble_netr9 x4,2016-12-19T20:44:01Z,2022-01-27T09:34:29Z
LEVN,GeoNet,GNS,TRIMBLE NETR9,GPS+GLO,30s,0,geonet,trimble_netr9 x4,2022-01-27T09:34:30Z,2022-03-16T23:59:59Z
LEVN,GeoNet,GNS,TRIMBLE NETR9,GPS+GLO+GAL+BDS+QZSS,30s,0,geonet,trimble_netr9 x4,2022-03-17T00:00:00Z,2024-07-25T02:08:37Z
LEVN,GeoNet,GNS,TRIMBLE NETRS,GPS,30s,4,geonet,trimble_5700 x4,2008-06-30T02:35:00Z,2015-09-23T23:59:59Z
LEXA,GeoNet,GNS,TRIMBLE ALLOY,GPS+GLO+GAL+BDS+QZSS,30s,0,linz,trimble_netr9 x4,2019-10-10T03:44:02Z,9999-01-01T00:00:00Z
LEXA,GeoNet,GNS,TRIMBLE NETR9,GPS+GLO,30s,3,linz,trimble_netr9 x4,2010-12-20T04:56:46Z,2013-05-02T00:19:59Z
LEXA,GeoNet,GNS,TRIMBLE NETR9,GPS+GLO+GAL+BDS+QZSS,30s,3,linz,trimble_netr9 x4,2013-05-02T00:20:00Z,2015-09-20T16:25:00Z
LEXA,GeoNet,GNS,TRIMBLE NETR9,GPS+GLO+GAL+BDS+QZSS,30s,0,linz,trimble_netr9 x4,2015-09-20T16:25:01Z,2019-10-10T03:44:01Z
LEXA,GeoNet,GNS,TRIMBLE NETRS,GPS,30s,4,linz,trimble_5700 x4,2004-03-16T00:00:00Z,2010-12-20T01:43:00Z
LEYL,GeoNet,GNS,TRIMBLE NETR9,GPS+GLO,30s,3,geonet,trimble_netr9 x4,2011-09-05T22:34:23Z,2015-11-16T19:29:56Z
LEYL,GeoNet,GNS,TRIMBLE NETR9,GPS+GLO,30s,0,geonet,trimble_netr9 x4,2015-11-16T19:29:57Z,9999-01-01T00:00:00Z
LEYL,GeoNet,GNS,TRIMBLE NETRS,GPS,30s,4,geonet,trimble_5700 x4,2007-03-27T05:55:00Z,2011-09-05T21:45:00Z
LKTA,GeoNet,GNS,TRIMBLE ALLOY,GPS+GLO+GAL+BDS+QZSS,30s,0,linz,trimble_netr9 x4,2020-03-11T00:38:46Z,9999-01-01T00:00:00Z
LKTA,GeoNet,GNS,TRIMBLE NETR9,GPS+GLO,30s,3,linz,trimble_netr9 x4,2011-02-08T01:23:01Z,2015-08-20T16:25:00Z
LKTA,GeoNet,GNS,TRIMBLE NETR9,GPS+GLO,30s,0,linz,trimble_netr9 x4,2015-08-20T16:25:01Z,2016-07-11T17:01:59Z
LKTA,GeoNet,GNS,TRIMBLE NETR9,GPS+GLO+GAL+BDS+QZSS,30s,0,linz,trimble_netr9 x4,2016-07-11T17:02:00Z,2020-03-11T00:38:45Z
LKTA,GeoNet,GNS,TRIMBLE NETRS,GPS,30s,4,linz,trimble_5700 x4,2004-02-01T00:00:00Z,2011-02-08T00:44:00Z
LOK1,GeoNet,GNS,TRIMBLE NETR9,GPS+GLO,30s,0,geonet,trimble_netr9 x4,2016-11-15T21:44:30Z,2017-11-01T21:07:01Z
LOOK,GeoNet,GNS,TRIMBLE NETR9,GPS+GLO,30s,0,geonet,trimble_netr9 x4,2017-06-15T03:16:40Z,9999-01-01T00:00:00Z
LRR1,GeoNet,GNS,TRIMBLE NETR9,GPS+GLO,30s,0,geonet,trimble_netr9 x4,2016-11-15T04:46:08Z,2017-05-22T00:14:00Z
LY2T,GeoNet,GNS,TRIMBLE ALLOY,GPS+GLO+GAL+BDS+QZSS,30s,0,linz,trimble_netr9 x4,2024-08-22T03:00:08Z,9999-01-01T00:00:00Z
LYTT,P Denys,OUSD,LEICA CRS1000,GPS,30s,4,sagenz,leica_lb2 x6,1999-11-15T00:00:03Z,2003-11-23T23:59:59Z
LYTT,P Denys,OUSD,LEICA GRX1200GGPRO,GPS+GLO,30s,4,sagenz,leica_lb2 x6,2007-09-26T00:00:01Z,9999-01-01T00:00:00Z
LYTT,P Denys,OUSD,LEICA RS500,GPS,30s,4,sagenz,leica_lb2 x6,2003-11-24T00:00:00Z,2007-09-26T00:00:00Z
MAHA,GeoNet,GNS,TRIMBLE NETR9,GPS+GLO,30s,0,geonet,trimble_netr9 x4,2016-07-18T02:55:02Z,9999-01-01T00:00:00Z
MAHA,GeoNet,GNS,TRIMBLE NETRS,GPS,30s,4,geonet,trimble_5700 x4,2009-11-16T07:05:30Z,2016-07-18T02:55:01Z
MAHI,GeoNet,GNS,TRIMBLE NETR9,GPS+GLO,30s,0,geonet,trimble_netr9 x4,2017-10-26T00:57:14Z,9999-01-01T00:00:00Z
MAHI,GeoNet,GNS,TRIMBLE NETRS,GPS,30s,4,geonet,trimble_5700 x4,2007-08-04T21:00:00Z,2017-10-26T00:57:12Z
MAHO,GeoNet,GNS,TRIMBLE ALLOY,GPS+GLO+GAL+BDS+QZSS,30s,0,linz,trimble_netr9 x4,2019-10-16T03:13:44Z,9999-01-01T00:00:00Z
MAHO,GeoNet,GNS,TRIMBLE NETR9,GPS+GLO,30s,3,linz,trimble_netr9 x4,2011-01-11T02:45:40Z,2015-07-30T17:25:00Z
MAHO,GeoNet,GNS,TRIMBLE NETR9,GPS+GLO,30s,0,linz,trimble_netr9 x4,2015-07-30T17:25:01Z,2016-07-26T17:03:30Z
MAHO,GeoNet,GNS,TRIMBLE NETR9,GPS+GLO+GAL+BDS+QZSS,30s,0,linz,trimble_netr9 x4,2016-07-26T17:03:31Z,2019-10-16T03:13:43Z
MAHO,GeoNet,GNS,TRIMBLE NETRS,GPS,30s,4,linz,trimble_5700 x4,2004-02-03T00:00:00Z,2011-01-11T01:25:00Z
MAKO,GeoNet,GNS,TRIMBLE ALLOY,GPS+GLO,30s,0,geonet,trimble_netr9 x4,2019-11-05T20:47:59Z,2025-03-05T03:24:47Z
MAKO,GeoNet,GNS,TRIMBLE ALLOY,GPS+GLO+GAL+BDS+QZSS,30s,0,geonet,trimble_netr9 x4,2025-03-05T03:24:48Z,9999-01-01T00:00:00Z
MAKO,GeoNet,GNS,TRIMBLE NETR9,GPS+GLO,30s,3,geonet,trimble_netr9 x4,2010-11-09T21:35:01Z,2016-01-06T20:42:20Z
MAKO,GeoNet,GNS,TRIMBLE NETR9,GPS+GLO,30s,0,geonet,trimble_netr9 x4,2016-01-06T20:42:21Z,2019-11-05T20:47:58Z
MANG,GeoNet,GNS,TRIMBLE ALLOY,GPS+GLO,30s,0,geonet,trimble_netr9 x4,2024-08-01T03:31:02Z,2025-02-19T21:38:45Z
MANG,GeoNet,GNS,TRIMBLE ALLOY,GPS+GLO+GAL+BDS+QZSS,30s,0,geonet,trimble_netr9 x4,2025-02-19T21:38:46Z,9999-01-01T00:00:00Z
MANG,GeoNet,GNS,TRIMBLE NETR9,GPS+GLO,30s,0,geonet,trimble_netr9 x4,2015-09-30T01:24:38Z,2024-08-01T03:31:01Z
MANG,GeoNet,GNS,TRIMBLE NETRS,GPS,30s,4,geonet,trimble_5700 x4,2005-02-11T00:55:13Z,2015-09-30T01:24:36Z
MAST,GeoNet,GNS,TRIMBLE 5700,GPS,30s,4,linz,trimble_5700 x17,2003-01-01T00:00:00Z,2003-01-12T00:00:00Z
MAST,GeoNet,GNS,TRIMBLE 5700,GPS,30s,4,linz,trimble_5700 x5,2003-01-12T00:00:01Z,2004-05-24T23:00:00Z
MAST,GeoNet,GNS,TRIMBLE NETR9,GPS+GLO,30s,3,linz,trimble_netr9 x4,2010-11-05T01:15:01Z,2015-08-19T16:25:00Z
MAST,GeoNet,GNS,TRIMBLE NETR9,GPS+GLO,30s,0,linz,trimble_netr9 x4,2015-08-19T16:25:01Z,2016-04-06T23:59:00Z
MAST,GeoNet,GNS,TRIMBLE NETRS,GPS,30s,4,linz,trimble_5700 x4,2004-05-25T00:00:00Z,2010-11-05T01:00:00Z
MATW,GeoNet,GNS,TRIMBLE ALLOY,GPS+GLO,30s,0,geonet,trimble_netr9 x4,2024-10-24T01:19:08Z,2025-03-03T02:57:41Z
MATW,GeoNet,GNS,TRIMBLE ALLOY,GPS+GLO+GAL+BDS+QZSS,30s,0,geonet,trimble_netr9 x4,2025-03-03T02:57:42Z,9999-01-01T00:00:00Z
MATW,GeoNet,GNS,TRIMBLE NETR9,GPS+GLO,30s,0,geonet,trimble_netr9 x4,2015-12-10T22:44:38Z,2024-10-24T01:19:07Z
MATW,GeoNet,GNS,TRIMBLE NETRS,GPS,30s,4,geonet,trimble_5700 x4,2004-04-08T20:00:00Z,2015-12-10T22:44:37Z
MAVL,GeoNet,GNS,TRIMBLE ALLOY,GPS+GLO+GAL+BDS+QZSS,30s,0,linz,trimble_netr9 x4,2019-10-03T21:36:38Z,9999-01-01T00:00:00Z
MAVL,GeoNet,GNS,TRIMBLE NETR9,GPS+GLO,30s,3,linz,trimble_netr9 x4,2010-12-20T21:48:15Z,2015-08-20T15:25:00Z
MAVL,GeoNet,GNS,TRIMBLE NETR9,GPS+GLO,30s,0,linz,trimble_netr9 x4,2015-08-20T15:25:01Z,2016-05-05T01:28:12Z
MAVL,GeoNet,GNS,TRIMBLE NETR9,GPS+GLO+GAL+BDS+QZSS,30s,0,linz,trimble_netr9 x4,2016-05-05T01:28:13Z,2019-10-03T21:36:37Z
MAVL,GeoNet,GNS,TRIMBLE NETRS,GPS,30s,4,linz,trimble_5700 x4,2004-05-17T00:00:00Z,2010-12-20T20:58:00Z
MCNL,GeoNet,GNS,TRIMBLE ALLOY,GPS+GLO,30s,0,geonet,trimble_netr9 x4,2019-10-03T01:08:00Z,2025-02-21T01:36:24Z
MCNL,GeoNet,GNS,TRIMBLE ALLOY,GPS+GLO+GAL+BDS+QZSS,30s,0,geonet,trimble_netr9 x4,2025-02-21T01:36:25Z,9999-01-01T00:00:00Z
MCNL,GeoNet,GNS,TRIMBLE NETR9,GPS+GLO,30s,0,geonet,trimble_netr9 x4,2018-05-22T05:33:38Z,2019-10-03T01:07:59Z
MCNL,GeoNet,GNS,TRIMBLE NETRS,GPS,30s,4,geonet,trimble_5700 x4,2008-05-26T13:00:00Z,2018-05-22T05:33:37Z
METH,GeoNet,GNS,TRIMBLE ALLOY,GPS+GLO+GAL+BDS+QZSS,30s,0,linz,trimble_netr9 x4,2019-09-19T01:15:32Z,9999-01-01T00:00:00Z
METH,GeoNet,GNS,TRIMBLE NETR9,GPS+GLO,30s,4,linz,trimble_netr9 x4,2010-10-12T00:00:00Z,2010-12-21T01:40:00Z
METH,GeoNet,GNS,TRIMBLE NETR9,GPS+GLO,30s,3,linz,trimble_netr9 x4,2010-12-21T01:40:01Z,2014-07-27T21:49:59Z
METH,GeoNet,GNS,TRIMBLE NETR9,GPS+GLO,30s,0,linz,trimble_netr9 x4,2014-07-27T21:50:44Z,2016-04-11T17:09:37Z
METH,GeoNet,GNS,TRIMBLE NETR9,GPS+GLO+GAL+BDS+QZSS,30s,0,linz,trimble_netr9 x4,2016-04-11T17:09:38Z,2019-09-19T01:15:31Z
MING,GeoNet,GNS,TRIMBLE ALLOY,GPS+GLO,30s,0,geonet,trimble_netr9 x4,2024-11-07T22:21:46Z,2025-03-03T03:25:13Z
MING,GeoNet,GNS,TRIMBLE ALLOY,GPS+GLO+GAL+BDS+QZSS,30s,0,geonet,trimble_netr9 x4,2025-03-03T03:25:14Z,9999-01-01T00:00:00Z
MING,GeoNet,GNS,TRIMBLE NETR9,GPS+GLO,30s,0,geonet,trimble_netr9 x4,2014-12-03T00:55:02Z,2024-11-07T22:21:45Z
MING,GeoNet,GNS,TRIMBLE NETRS,GPS,30s,4,geonet,trimble_5700 x4,2010-04-28T00:00:11Z,2014-12-02T23:00:00Z
MKNO,GeoNet,GNS,TRIMBLE ALLOY,GPS+GLO,30s,0,geonet,trimble_netr9 x4,2020-02-12T03:08:38Z,2025-02-18T21:45:50Z
MKNO,GeoNet,GNS,TRIMBLE ALLOY,GPS+GLO+GAL+BDS+QZSS,30s,0,geonet,trimble_netr9 x4,2025-02-18T21:45:51Z,9999-01-01T00:00:00Z
MKNO,GeoNet,GNS,TRIMBLE NETR9,GPS+GLO,30s,3,geonet,trimble_netr9 x4,2011-05-11T00:09:46Z,2016-03-22T22:25:19Z
MKNO,GeoNet,GNS,TRIMBLE NETR9,GPS+GLO,30s,0,geonet,trimble_netr9 x4,2016-03-22T22:25:20Z,2020-02-12T03:08:37Z
MKP1,GeoNet,GNS,TRIMBLE NETR9,GPS+GLO,30s,0,geonet,trimble_netr9 x4,2025-03-17T20:32:38Z,9999-01-01T00:00:00Z
MKP2,GeoNet,GNS,TRIMBLE NETR9,GPS+GLO,30s,0,geonet,trimble_netr9 x4,2025-03-18T03:09:32Z,9999-01-01T00:00:00Z
MKTR,GeoNet,GNS,TRIMBLE ALLOY,GPS+GLO+GAL+BDS+QZSS,30s,0,geonet,trimble_netr9 x4,2025-03-04T01:46:29Z,9999-01-01T00:00:00Z
MNHR,GeoNet,GNS,TRIMBLE ALLOY,GPS+GLO,30s,0,geonet,trimble_netr9 x4,2019-12-04T20:27:14Z,2025-02-20T00:50:01Z
MNHR,GeoNet,GNS,TRIMBLE ALLOY,GPS+GLO+GAL+BDS+QZSS,30s,0,geonet,trimble_netr9 x4,2025-02-20T00:50:02Z,9999-01-01T00:00:00Z
MNHR,GeoNet,GNS,TRIMBLE NETR9,GPS+GLO,30s,3,geonet,trimble_netr9 x4,2011-02-16T02:05:01Z,2015-02-26T22:39:28Z
MNHR,GeoNet,GNS,TRIMBLE NETR9,GPS+GLO,30s,0,geonet,trimble_netr9 x4,2015-02-26T22:39:29Z,2019-12-04T20:27:13Z
MNMW,GeoNet,GNS,TRIMBLE ALLOY,GPS+GLO,30s,0,geonet,trimble_netr9 x4,2023-09-21T00:00:00Z,2025-02-23T21:43:34Z
MNMW,GeoNet,GNS,TRIMBLE ALLOY,GPS+GLO+GAL+BDS+QZSS,30s,0,geonet,trimble_netr9 x4,2025-02-23T21:43:35Z,9999-01-01T00:00:00Z
MQZG,GeoNet,GNS,ASHTECH Z-XII3,GPS,30s,4,linz,ashtech_r x6,2001-09-03T00:00:01Z,2005-02-28T03:00:00Z
MQZG,GeoNet,GNS,TRIMBLE 4000SSI,GPS,30s,4,linz,trimble_r x6,1999-09-27T00:00:00Z,2001-09-03T00:00:00Z
MQZG,GeoNet,GNS,TRIMBLE ALLOY,GPS+GLO+GAL+BDS+QZSS,30s,0,linz,trimble_netr9 x4,2020-01-29T22:19:46Z,9999-01-01T00:00:00Z
MQZG,GeoNet,GNS,TRIMBLE NETR9,GPS+GLO,30s,3,linz,trimble_netr9 x4,2011-02-09T23:48:01Z,2015-08-18T17:25:00Z
MQZG,GeoNet,GNS,TRIMBLE NETR9,GPS+GLO,30s,0,linz,trimble_netr9 x4,2015-08-18T17:25:01Z,2016-06-27T17:14:09Z
MQZG,GeoNet,GNS,TRIMBLE NETR9,GPS+GLO+GAL+BDS+QZSS,30s,0,linz,trimble_netr9 x4,2016-06-27T17:14:10Z,2020-01-29T22:19:45Z
MQZG,GeoNet,GNS,TRIMBLE NETRS,GPS,30s,4,linz,trimble_5700 x4,2005-02-28T04:00:00Z,2011-02-09T23:21:00Z
MRBL,GeoNet,GNS,TRIMBLE ALLOY,GPS+GLO+GAL+BDS+QZSS,30s,0,geonet,trimble_netr9 x4,2024-01-24T22:11:38Z,9999-01-01T00:00:00Z
MRBL,GeoNet,GNS,TRIMBLE NETR9,GPS+GLO,30s,0,geonet,trimble_netr9 x4,2014-07-02T02:05:38Z,2016-09-12T01:00:00Z
MRBL,GeoNet,GNS,TRIMBLE NETR9,GPS+GLO+GAL+BDS+QZSS,30s,0,geonet,trimble_netr9 x4,2016-09-12T01:00:01Z,2024-01-24T22:11:37Z
MTBL,GeoNet,GNS,TRIMBLE ALLOY,GPS+GLO,30s,0,geonet,trimble_netr9 x4,2024-07-25T02:20:38Z,2025-02-19T02:39:12Z
MTBL,GeoNet,GNS,TRIMBLE ALLOY,GPS+GLO+GAL+BDS+QZSS,30s,0,geonet,trimble_netr9 x4,2025-02-19T02:39:13Z,9999-01-01T00:00:00Z
MTBL,GeoNet,GNS,TRIMBLE NETR9,GPS+GLO,30s,0,geonet,trimble_netr9 x4,2015-07-24T01:05:59Z,2024-07-25T02:20:37Z
MTBL,GeoNet,GNS,TRIMBLE NETRS,GPS,30s,4,geonet,trimble_5700 x4,2008-03-11T07:01:00Z,2015-07-24T01:05:57Z
MTJO,GeoNet,GNS,TRIMBLE 4000SSI,GPS,30s,4,sagenz,trimble_r x19,2000-08-15T00:00:00Z,2004-06-05T02:00:00Z
MTJO,GeoNet,GNS,TRIMBLE ALLOY,GPS+GLO+GAL+BDS+QZSS,30s,0,linz,trimble_netr9 x4,2020-01-28T22:52:16Z,9999-01-01T00:00:00Z
MTJO,GeoNet,GNS,TRIMBLE NETR9,GPS+GLO,30s,3,linz,trimble_netr9 x4,2011-02-08T00:00:01Z,2015-04-21T18:59:10Z
MTJO,GeoNet,GNS,TRIMBLE NETR9,GPS+GLO,30s,0,linz,trimble_netr9 x4,2015-04-21T18:59:11Z,2015-06-04T06:03:59Z
MTJO,GeoNet,GNS,TRIMBLE NETR9,GPS+GLO+GAL+BDS+QZSS,30s,0,linz,trimble_netr9 x4,2015-06-04T06:04:00Z,2020-01-28T22:52:15Z
MTJO,GeoNet,GNS,TRIMBLE NETRS,GPS,30s,4,sagenz,trimble_5700 x4,2004-06-05T03:00:00Z,2011-02-07T22:33:00Z
MTPR,GeoNet,GNS,TRIMBLE ALLOY,GPS+GLO,30s,0,geonet,trimble_netr9 x4,2022-10-18T22:22:20Z,2025-04-03T02:29:33Z
MTPR,GeoNet,GNS,TRIMBLE ALLOY,GPS+GLO+GAL+BDS+QZSS,30s,0,geonet,trimble_netr9 x4,2025-04-03T02:29:34Z,9999-01-01T00:00:00Z
MTPR,GeoNet,GNS,TRIMBLE NETR9,GPS+GLO,30s,0,geonet,trimble_netr9 x4,2015-05-27T23:44:00Z,2022-10-18T22:22:19Z
MTPR,GeoNet,GNS,TRIMBLE NETRS,GPS,30s,4,geonet,trimble_5700 x4,2010-01-27T01:21:01Z,2015-05-27T23:43:58Z
MTQN,GeoNet,GNS,TRIMBLE NETR9,GPS+GLO,30s,0,geonet,trimble_netr9 x4,2016-06-07T00:30:02Z,9999-01-01T00:00:00Z
MTQN,GeoNet,GNS,TRIMBLE NETRS,GPS,30s,4,geonet,trimble_5700 x4,2010-02-09T00:00:11Z,2016-06-07T00:30:00Z
MUL1,GeoNet,GNS,TRIMBLE NETR9,GPS+GLO,30s,0,geonet,trimble_netr9 x4,2016-11-16T04:35:30Z,2018-01-14T22:26:30Z
MWOR,GeoNet,GNS,TRIMBLE ALLOY,GPS+GLO,30s,0,geonet,trimble_netr9 x4,2024-12-04T02:45:38Z,2025-03-07T01:24:02Z
MWOR,GeoNet,GNS,TRIMBLE ALLOY,GPS+GLO+GAL+BDS+QZSS,30s,0,geonet,trimble_netr9 x4,2025-03-07T01:24:03Z,9999-01-01T00:00:00Z
NETT,P Denys,OUSD,TRIMBLE 4000SSI,GPS,30s,4,sagenz,trimble_r x18,2000-02-07T00:00:00Z,2008-03-18T04:00:00Z
NETT,GeoNet,GNS,TRIMBLE NETR9,GPS+GLO,30s,0,sagenz,trimble_netr9 x4,2016-02-29T02:22:38Z,2018-08-20T23:59:00Z
NETT,GeoNet,GNS,TRIMBLE NETRS,GPS,30s,4,sagenz,trimble_5700 x4,2008-03-18T05:00:11Z,2016-02-29T02:22:37Z
NIUC,George Sioneholo,Niue JLS Dept.,ASHTECH Z-XII3,GPS,30s,4,swpacific,ashtech_r x6,1996-11-13T00:00:00Z,2003-11-01T00:00:01Z
NIUM,GeoNet,GNS,TRIMBLE NETRS,GPS,30s,4,swpacific,trimble_5700 x4,2005-09-15T00:00:00Z,2014-03-13T01:30:00Z
NLS1,GeoNet,GNS,TRIMBLE NETR9,GPS+GLO,30s,3,geonet,trimble_netr9 x4,2011-12-19T21:42:26Z,2013-11-14T20:15:00Z
NLS2,GeoNet,GNS,TRIMBLE NETR9,GPS+GLO,30s,3,geonet,trimble_netr9 x4,2011-12-20T03:25:57Z,2013-11-14T21:15:00Z
NLS3,GeoNet,GNS,TRIMBLE ALLOY,GPS+GLO,30s,3,geonet,trimble_netr9 x4,2022-08-24T04:31:08Z,2025-03-07T02:50:47Z
NLS3,GeoNet,GNS,TRIMBLE ALLOY,GPS+GLO+GAL+BDS+QZSS,30s,3,geonet,trimble_netr9 x4,2025-03-07T02:50:48Z,9999-01-01T00:00:00Z
NLS4,GeoNet,GNS,TRIMBLE ALLOY,GPS+GLO,30s,3,geonet,trimble_netr9 x4,2022-08-24T01:22:38Z,2025-03-07T02:48:31Z
NLS4,GeoNet,GNS,TRIMBLE ALLOY,GPS+GLO+GAL+BDS+QZSS,30s,3,geonet,trimble_netr9 x4,2025-03-07T02:48:32Z,9999-01-01T00:00:00Z
NLSN,GeoNet,GNS,TRIMBLE ALLOY,GPS+GLO+GAL+BDS+QZSS,30s,0,linz,trimble_netr9 x4,2020-02-03T23:45:08Z,9999-01-01T00:00:00Z
NLSN,GeoNet,GNS,TRIMBLE NETR9,GPS+GLO,30s,3,linz,trimble_netr9 x4,2011-01-25T13:00:02Z,2015-08-19T20:20:00Z
NLSN,GeoNet,GNS,TRIMBLE NETR9,GPS+GLO,30s,0,linz,trimble_netr9 x4,2015-08-19T20:20:01Z,2016-07-26T21:41:00Z
NLSN,GeoNet,GNS,TRIMBLE NETR9,GPS+GLO+GAL+BDS+QZSS,30s,0,linz,trimble_netr9 x4,2016-07-26T21:41:01Z,2020-02-03T23:45:07Z
NLSN,GeoNet,GNS,TRIMBLE NETRS,GPS,30s,4,linz,trimble_5700 x4,2004-02-09T00:00:00Z,2011-01-25T03:15:00Z
NMAI,GeoNet,GNS,TRIMBLE ALLOY,GPS+GLO+GAL+BDS+QZSS,30s,0,geonet,trimble_netr9 x4,2025-10-09T21:09:26Z,9999-01-01T00:00:00Z
NMAI,GeoNet,GNS,TRIMBLE NETR9,GPS+GLO,30s,0,geonet,trimble_netr9 x4,2017-05-02T23:43:08Z,2025-10-09T21:09:25Z
NMAI,GeoNet,GNS,TRIMBLE NETRS,GPS,30s,4,geonet,trimble_5700 x4,2008-02-13T03:05:00Z,2017-05-02T23:43:07Z
NPLY,GeoNet,GNS,TRIMBLE 5700,GPS,30s,4,linz,trimble_5700 x5,2003-03-20T23:59:00Z,2004-01-30T00:02:00Z
NPLY,GeoNet,GNS,TRIMBLE ALLOY,GPS+GLO+GAL+BDS+QZSS,30s,0,linz,trimble_netr9 x4,2019-10-16T22:05:32Z,9999-01-01T00:00:00Z
NPLY,GeoNet,GNS,TRIMBLE NETR9,GPS+GLO,30s,3,linz,trimble_netr9 x4,2010-11-24T02:13:00Z,2015-08-23T16:25:00Z
NPLY,GeoNet,GNS,TRIMBLE NETR9,GPS+GLO,30s,0,linz,trimble_netr9 x4,2015-08-23T16:25:01Z,2016-07-04T01:08:29Z
NPLY,GeoNet,GNS,TRIMBLE NETR9,GPS+GLO+GAL+BDS+QZSS,30s,0,linz,trimble_netr9 x4,2016-07-04T01:08:30Z,2019-10-16T22:05:31Z
NPLY,GeoNet,GNS,TRIMBLE NETRS,GPS,30s,4,linz,trimble_5700 x4,2004-01-30T00:02:01Z,2010-11-24T00:45:00Z
NRRD,GeoNet,GNS,TRIMBLE ALLOY,GPS+GLO+GAL+BDS+QZSS,30s,0,geonet,trimble_netr9 x4,2025-09-18T22:45:56Z,9999-01-01T00:00:00Z
NRRD,GeoNet,GNS,TRIMBLE NETR9,GPS+GLO,30s,0,geonet,trimble_netr9 x4,2015-07-07T00:23:22Z,2025-09-18T22:45:55Z
NRRD,GeoNet,GNS,TRIMBLE NETRS,GPS,30s,4,geonet,trimble_5700 x4,2008-02-08T03:31:00Z,2015-07-07T00:23:21Z
NRSW,GeoNet,GNS,TRIMBLE ALLOY,GPS+GLO,30s,0,geonet,trimble_netr9 x4,2020-12-20T20:43:38Z,2025-02-20T22:27:45Z
NRSW,GeoNet,GNS,TRIMBLE ALLOY,GPS+GLO+GAL+BDS+QZSS,30s,0,geonet,trimble_netr9 x4,2025-02-20T22:27:46Z,9999-01-01T00:00:00Z
NRSW,GeoNet,GNS,TRIMBLE NETR9,GPS+GLO,30s,3,geonet,trimble_netr9 x4,2011-01-18T00:06:57Z,2015-02-26T21:25:37Z
NRSW,GeoNet,GNS,TRIMBLE NETR9,GPS+GLO,30s,0,geonet,trimble_netr9 x4,2015-02-26T21:25:38Z,2020-12-20T20:43:37Z
NSFT,GeoNet,GNS,TRIMBLE ALLOY,GPS+GLO+GAL+BDS+QZSS,30s,0,linz,trimble_netr9 x4,2024-09-23T04:47:46Z,9999-01-01T00:00:00Z
NTGT,GeoNet,GNS,TRIMBLE ALLOY,GPS+GLO+GAL+BDS+QZSS,30s,0,linz,trimble_netr9 x4,2025-01-15T20:46:46Z,9999-01-01T00:00:00Z
OHIN,GeoNet,GNS,TRIMBLE ALLOY,GPS+GLO,30s,0,geonet,trimble_netr9 x4,2024-12-11T23:02:32Z,2025-02-19T00:45:50Z
OHIN,GeoNet,GNS,TRIMBLE ALLOY,GPS+GLO+GAL+BDS+QZSS,30s,0,geonet,trimble_netr9 x4,2025-02-19T00:45:51Z,9999-01-01T00:00:00Z
OHIN,GeoNet,GNS,TRIMBLE NETR9,GPS+GLO,30s,0,geonet,trimble_netr9 x4,2015-09-09T00:00:02Z,2024-12-11T23:02:31Z
OHIN,GeoNet,GNS,TRIMBLE NETRS,GPS,30s,4,geonet,trimble_5700 x4,2008-09-03T01:30:00Z,2015-09-09T00:00:01Z
OKOH,GeoNet,GNS,TRIMBLE ALLOY,GPS+GLO,30s,0,geonet,trimble_netr9 x4,2022-08-24T04:34:38Z,2025-03-06T22:35:12Z
OKOH,GeoNet,GNS,TRIMBLE ALLOY,GPS+GLO+GAL+BDS+QZSS,30s,0,geonet,trimble_netr9 x4,2025-03-06T22:35:13Z,9999-01-01T00:00:00Z
OKOH,GeoNet,GNS,TRIMBLE NETR9,GPS+GLO,30s,3,geonet,trimble_netr9 x4,2012-08-23T23:11:14Z,2016-04-27T21:17:56Z
OKOH,GeoNet,GNS,TRIMBLE NETR9,GPS+GLO,30s,0,geonet,trimble_netr9 x4,2016-04-27T21:17:57Z,2022-08-24T04:34:37Z
OKOH,GeoNet,GNS,TRIMBLE NETRS,GPS,30s,4,geonet,trimble_5700 x4,2009-11-16T02:00:00Z,2012-07-16T00:00:01Z
OPTK,GeoNet,GNS,TRIMBLE ALLOY,GPS+GLO,30s,0,geonet,trimble_netr9 x4,2024-11-05T00:36:38Z,2025-03-03T02:42:14Z
OPTK,GeoNet,GNS,TRIMBLE ALLOY,GPS+GLO+GAL+BDS+QZSS,30s,0,geonet,trimble_netr9 x4,2025-03-03T02:42:15Z,9999-01-01T00:00:00Z
OPTK,GeoNet,GNS,TRIMBLE NETR9,GPS+GLO,30s,0,geonet,trimble_netr9 x4,2016-01-14T00:53:08Z,2024-11-05T00:36:37Z
OPTK,GeoNet,GNS,TRIMBLE NETRS,GPS,30s,4,geonet,trimble_5700 x4,2009-08-20T02:51:00Z,2016-01-14T00:53:07Z
OROA,GeoNet,GNS,TRIMBLE ALLOY,GPS+GLO,30s,0,geonet,trimble_netr9 x4,2020-12-20T22:13:59Z,2025-02-20T20:40:12Z
OROA,GeoNet,GNS,TRIMBLE ALLOY,GPS+GLO+GAL+BDS+QZSS,30s,0,geonet,trimble_netr9 x4,2025-02-20T20:40:13Z,9999-01-01T00:00:00Z
OROA,GeoNet,GNS,TRIMBLE NETR9,GPS+GLO,30s,3,geonet,trimble_netr9 x4,2010-11-08T00:10:01Z,2015-12-10T23:00:58Z
OROA,GeoNet,GNS,TRIMBLE NETR9,GPS+GLO,30s,0,geonet,trimble_netr9 x4,2015-12-10T23:00:59Z,2020-12-20T22:13:58Z
ORRG,GeoNet,GNS,TRIMBLE ALLOY,GPS+GLO,30s,0,geonet,trimble_netr9 x4,2024-12-05T00:05:38Z,2025-03-07T01:39:48Z
ORRG,GeoNet,GNS,TRIMBLE ALLOY,GPS+GLO+GAL+BDS+QZSS,30s,0,geonet,trimble_netr9 x4,2025-03-07T01:39:49Z,9999-01-01T00:00:00Z
OTAK,GeoNet,GNS,TRIMBLE ALLOY,GPS+GLO,30s,0,geonet,trimble_netr9 x4,2024-07-25T00:19:32Z,2025-02-17T01:47:00Z
OTAK,GeoNet,GNS,TRIMBLE ALLOY,GPS+GLO+GAL+BDS+QZSS,30s,0,geonet,trimble_netr9 x4,2025-02-17T01:47:01Z,9999-01-01T00:00:00Z
OTAK,GeoNet,GNS,TRIMBLE NETR9,GPS+GLO,30s,0,geonet,trimble_netr9 x4,2015-12-15T00:53:28Z,2024-07-25T00:19:31Z
OTAK,GeoNet,GNS,TRIMBLE NETRS,GPS,30s,4,geonet,trimble_5700 x4,2007-10-06T07:59:00Z,2015-12-15T00:53:27Z
OUSD,P Denys,OUSD,TRIMBLE 4000SSE,GPS,30s,4,sagenz,trimble_r x21,1995-01-16T00:00:00Z,1999-08-08T23:59:59Z
OUSD,P Denys,OUSD,TRIMBLE 4000SSE,GPS,30s,4,sagenz,trimble_r x21,1999-08-13T00:00:00Z,2005-11-16T23:59:59Z
OUSD,P Denys,OUSD,TRIMBLE 4000SSI,GPS,30s,4,sagenz,trimble_r x21,1999-08-09T00:00:00Z,1999-08-12T23:59:59Z
OUSD,P Denys,OUSD,TRIMBLE 4000SSI,GPS,30s,4,sagenz,trimble_r x21,2005-11-17T00:00:00Z,2006-01-30T23:59:59Z
OUSD,P Denys,OUSD,TRIMBLE NETR5,GPS,30s,4,sagenz,trimble_5700 x4,2008-02-29T00:00:00Z,2008-10-15T23:59:59Z
OUSD,P Denys,OUSD,TRIMBLE NETR5,GPS,30s,0,sagenz,trimble_netr9 x4,2017-06-14T00:00:00Z,9999-01-01T00:00:00Z
OUSD,P Denys,OUSD,TRIMBLE NETRS,GPS,30s,4,sagenz,trimble_5700 x4,2006-01-31T00:00:00Z,2008-02-28T19:00:00Z
OUSD,P Denys,OUSD,TRIMBLE NETRS,GPS,30s,4,sagenz,trimble_5700 x4,2008-10-16T00:00:00Z,2017-06-13T23:59:59Z
PAEK,GeoNet,GNS,ASHTECH Z-XII3,GPS,30s,4,gsi,ashtech_r x6,2000-04-11T00:00:00Z,2006-07-27T00:00:00Z
PAEK,GeoNet,GNS,TRIMBLE ALLOY,GPS+GLO,30s,0,geonet,trimble_netr9 x4,2024-07-24T22:49:32Z,2025-02-17T02:30:34Z
PAEK,GeoNet,GNS,TRIMBLE ALLOY,GPS+GLO+GAL+BDS+QZSS,30s,0,geonet,trimble_netr9 x4,2025-02-17T02:30:35Z,9999-01-01T00:00:00Z
PAEK,GeoNet,GNS,TRIMBLE NETR9,GPS+GLO,30s,3,geonet,trimble_netr9 x4,2013-12-10T00:17:45Z,2015-04-13T03:26:59Z
PAEK,GeoNet,GNS,TRIMBLE NETR9,GPS+GLO,30s,0,geonet,trimble_netr9 x4,2015-04-13T03:27:00Z,2024-07-24T22:49:31Z
PAEK,GeoNet,GNS,TRIMBLE NETRS,GPS,30s,4,geonet,trimble_5700 x4,2006-07-27T00:01:00Z,2013-12-09T21:00:00Z
PAKI,GeoNet,GNS,TRIMBLE ALLOY,GPS+GLO,30s,0,geonet,trimble_netr9 x4,2021-03-09T19:13:02Z,2025-03-05T01:29:31Z
PAKI,GeoNet,GNS,TRIMBLE ALLOY,GPS+GLO+GAL+BDS+QZSS,30s,0,geonet,trimble_netr9 x4,2025-03-05T01:29:32Z,9999-01-01T00:00:00Z
PAKI,GeoNet,GNS,TRIMBLE NETR9,GPS+GLO,30s,3,geonet,trimble_netr9 x4,2012-03-08T00:47:00Z,2016-03-29T22:40:32Z
PAKI,GeoNet,GNS,TRIMBLE NETR9,GPS+GLO,30s,0,geonet,trimble_netr9 x4,2016-03-29T22:40:33Z,2021-03-09T19:13:01Z
PAKI,GeoNet,GNS,TRIMBLE NETRS,GPS,30s,4,geonet,trimble_5700 x4,2010-06-22T00:00:01Z,2012-03-08T00:45:00Z
PALI,GeoNet,GNS,TRIMBLE ALLOY,GPS+GLO,30s,0,geonet,trimble_netr9 x4,2024-11-07T23:06:02Z,2025-02-17T01:42:24Z
PALI,GeoNet,GNS,TRIMBLE ALLOY,GPS+GLO+GAL+BDS+QZSS,30s,0,geonet,trimble_netr9 x4,2025-02-17T01:42:25Z,9999-01-01T00:00:00Z
PALI,GeoNet,GNS,TRIMBLE NETR9,GPS+GLO,30s,0,geonet,trimble_netr9 x4,2016-02-01T00:41:39Z,2024-11-07T23:06:01Z
PALI,GeoNet,GNS,TRIMBLE NETRS,GPS,30s,4,geonet,trimble_5700 x4,2007-03-21T19:30:00Z,2016-02-01T00:41:37Z
PARI,GeoNet,GNS,TRIMBLE NETR9,GPS+GLO,30s,0,geonet,trimble_netr9 x4,2017-08-28T23:09:44Z,9999-01-01T00:00:00Z
PARI,GeoNet,GNS,TRIMBLE NETRS,GPS,30s,4,geonet,trimble_5700 x4,2007-08-02T06:00:00Z,2016-09-28T18:00:00Z
PARW,GeoNet,GNS,TRIMBLE ALLOY,GPS+GLO,30s,0,geonet,trimble_netr9 x4,2019-10-24T23:08:50Z,2025-02-17T01:28:58Z
PARW,GeoNet,GNS,TRIMBLE ALLOY,GPS+GLO+GAL+BDS+QZSS,30s,0,geonet,trimble_netr9 x4,2025-02-17T01:28:59Z,9999-01-01T00:00:00Z
PARW,GeoNet,GNS,TRIMBLE NETR9,GPS+GLO,30s,3,geonet,trimble_netr9 x4,2014-05-08T02:45:44Z,2016-01-25T23:06:33Z
PARW,GeoNet,GNS,TRIMBLE NETR9,GPS+GLO,30s,0,geonet,trimble_netr9 x4,2016-01-25T23:06:34Z,2019-10-24T23:08:49Z
PARW,GeoNet,GNS,TRIMBLE NETRS,GPS,30s,4,geonet,trimble_5700 x4,2004-07-15T00:00:00Z,2014-05-08T02:45:43Z
PAWA,GeoNet,GNS,TRIMBLE ALLOY,GPS+GLO,30s,0,geonet,trimble_netr9 x4,2019-12-04T02:44:08Z,2025-02-20T23:27:16Z
PAWA,GeoNet,GNS,TRIMBLE ALLOY,GPS+GLO+GAL+BDS+QZSS,30s,0,geonet,trimble_netr9 x4,2025-02-20T23:27:17Z,9999-01-01T00:00:00Z
PAWA,GeoNet,GNS,TRIMBLE NETR9,GPS+GLO,30s,0,geonet,trimble_netr9 x4,2015-02-10T21:28:58Z,2019-12-04T02:44:07Z
PAWA,GeoNet,GNS,TRIMBLE NETRS,GPS,30s,4,geonet,trimble_5700 x4,2005-03-23T00:00:00Z,2015-02-10T21:00:00Z
PGKH,GeoNet,GNS,TRIMBLE ALLOY,GPS+GLO+GAL+BDS+QZSS,30s,0,geonet,trimble_netr9 x4,2025-05-05T21:15:32Z,9999-01-01T00:00:00Z
PGKH,GeoNet,GNS,TRIMBLE NETR9,GPS+GLO,30s,0,geonet,trimble_netr9 x4,2014-10-14T21:10:00Z,2025-05-05T21:15:31Z
PGNE,GeoNet,GNS,TRIMBLE ALLOY,GPS+GLO,30s,0,geonet,trimble_netr9 x4,2023-07-12T02:35:09Z,2025-03-07T01:27:12Z
PGNE,GeoNet,GNS,TRIMBLE ALLOY,GPS+GLO+GAL+BDS+QZSS,30s,0,geonet,trimble_netr9 x4,2025-03-07T01:27:13Z,9999-01-01T00:00:00Z
PGNE,GeoNet,GNS,TRIMBLE NETR9,GPS+GLO,30s,3,geonet,trimble_netr9 x4,2014-09-29T04:00:00Z,2014-10-01T00:28:00Z
PGNE,GeoNet,GNS,TRIMBLE NETR9,GPS+GLO,30s,0,geonet,trimble_netr9 x4,2014-10-01T00:29:00Z,2023-07-12T02:35:08Z
PILK,GeoNet,GNS,TRIMBLE ALLOY,GPS+GLO,30s,0,geonet,trimble_netr9 x4,2025-01-20T21:21:08Z,2025-04-03T02:48:15Z
PILK,GeoNet,GNS,TRIMBLE ALLOY,GPS+GLO+GAL+BDS+QZSS,30s,0,geonet,trimble_netr9 x4,2025-04-03T02:48:16Z,9999-01-01T00:00:00Z
PILK,GeoNet,GNS,TRIMBLE NETR9,GPS+GLO,30s,0,geonet,trimble_netr9 x4,2016-02-29T21:51:38Z,2025-01-20T21:21:07Z
PILK,GeoNet,GNS,TRIMBLE NETRS,GPS,30s,4,geonet,trimble_5700 x4,2009-03-12T00:01:30Z,2016-02-29T21:51:37Z
PKNO,GeoNet,GNS,TRIMBLE ALLOY,GPS+GLO,30s,0,geonet,trimble_netr9 x4,2024-07-30T03:12:08Z,2025-02-19T03:35:19Z
PKNO,GeoNet,GNS,TRIMBLE ALLOY,GPS+GLO+GAL+BDS+QZSS,30s,0,geonet,trimble_netr9 x4,2025-02-19T03:35:20Z,9999-01-01T00:00:00Z
PKNO,GeoNet,GNS,TRIMBLE NETR9,GPS+GLO,30s,3,geonet,trimble_netr9 x4,2011-02-04T00:00:01Z,2015-10-30T21:55:13Z
PKNO,GeoNet,GNS,TRIMBLE NETR9,GPS+GLO,30s,0,geonet,trimble_netr9 x4,2015-10-30T21:55:14Z,2024-07-30T03:12:07Z
PKTP,GeoNet,GNS,TRIMBLE ALLOY,GPS+GLO,30s,0,geonet,trimble_netr9 x4,2024-07-04T01:41:20Z,2025-02-24T02:43:07Z
PKTP,GeoNet,GNS,TRIMBLE ALLOY,GPS+GLO+GAL+BDS+QZSS,30s,0,geonet,trimble_netr9 x4,2025-02-24T02:43:08Z,9999-01-01T00:00:00Z
PKTP,GeoNet,GNS,TRIMBLE NETR9,GPS+GLO,30s,0,geonet,trimble_netr9 x4,2024-05-03T03:43:59Z,2024-07-04T01:41:19Z
PNUI,GeoNet,GNS,TRIMBLE ALLOY,GPS+GLO,30s,0,geonet,trimble_netr9 x4,2021-01-27T21:45:08Z,2025-02-20T22:29:49Z
PNUI,GeoNet,GNS,TRIMBLE ALLOY,GPS+GLO+GAL+BDS+QZSS,30s,0,geonet,trimble_netr9 x4,2025-02-20T22:29:50Z,9999-01-01T00:00:00Z
PNUI,GeoNet,GNS,TRIMBLE NETR9,GPS+GLO,30s,0,geonet,trimble_netr9 x4,2016-08-16T01:39:58Z,2021-01-27T21:45:07Z
PNUI,GeoNet,GNS,TRIMBLE NETRS,GPS,30s,4,geonet,trimble_5700 x4,2006-06-29T03:00:00Z,2016-08-16T01:39:56Z
PORA,GeoNet,GNS,TRIMBLE ALLOY,GPS+GLO,30s,0,geonet,trimble_netr9 x4,2024-10-23T20:36:02Z,2025-02-20T01:43:01Z
PORA,GeoNet,GNS,TRIMBLE ALLOY,GPS+GLO+GAL+BDS+QZSS,30s,0,geonet,trimble_netr9 x4,2025-02-20T01:43:02Z,9999-01-01T00:00:00Z
PORA,GeoNet,GNS,TRIMBLE NETR9,GPS+GLO,30s,0,geonet,trimble_netr9 x4,2015-09-30T22:55:00Z,2024-10-23T20:36:01Z
PORA,GeoNet,GNS,TRIMBLE NETRS,GPS,30s,4,geonet,trimble_5700 x4,2006-03-25T00:00:00Z,2015-09-30T22:54:59Z
PRTU,GeoNet,GNS,TRIMBLE ALLOY,GPS+GLO,30s,0,geonet,trimble_netr9 x4,2024-10-22T21:38:14Z,2025-03-06T01:37:26Z
PRTU,GeoNet,GNS,TRIMBLE ALLOY,GPS+GLO+GAL+BDS+QZSS,30s,0,geonet,trimble_netr9 x4,2025-03-06T01:37:27Z,9999-01-01T00:00:00Z
PRTU,GeoNet,GNS,TRIMBLE NETR9,GPS+GLO,30s,0,geonet,trimble_netr9 x4,2015-12-06T22:11:08Z,2024-10-22T21:38:13Z
PRTU,GeoNet,GNS,TRIMBLE NETRS,GPS,30s,4,geonet,trimble_5700 x4,2009-08-18T04:26:00Z,2015-12-06T22:11:07Z
PTOI,GeoNet,GNS,TRIMBLE ALLOY,GPS+GLO,30s,0,geonet,trimble_netr9 x4,2022-10-11T21:46:32Z,2025-02-19T22:32:31Z
PTOI,GeoNet,GNS,TRIMBLE ALLOY,GPS+GLO+GAL+BDS+QZSS,30s,0,geonet,trimble_netr9 x4,2025-02-19T22:32:32Z,9999-01-01T00:00:00Z
PTOI,GeoNet,GNS,TRIMBLE NETR9,GPS+GLO,30s,3,geonet,trimble_netr9 x4,2014-01-22T01:16:08Z,2015-04-22T00:21:44Z
PTOI,GeoNet,GNS,TRIMBLE NETR9,GPS+GLO,30s,0,geonet,trimble_netr9 x4,2015-04-22T00:21:45Z,2022-10-11T21:46:31Z
PTOI,GeoNet,GNS,TRIMBLE NETRS,GPS,30s,4,geonet,trimble_5700 x4,2006-03-21T12:00:00Z,2014-01-22T01:16:00Z
PUKE,GeoNet,GNS,TRIMBLE ALLOY,GPS+GLO,30s,0,geonet,trimble_netr9 x4,2024-12-11T22:03:02Z,2025-03-05T01:41:16Z
PUKE,GeoNet,GNS,TRIMBLE ALLOY,GPS+GLO+GAL+BDS+QZSS,30s,0,geonet,trimble_netr9 x4,2025-03-05T01:41:17Z,9999-01-01T00:00:00Z
PUKE,GeoNet,GNS,TRIMBLE NETR9,GPS+GLO,30s,0,geonet,trimble_netr9 x4,2015-12-09T21:48:39Z,2024-12-11T22:03:01Z
PUKE,GeoNet,GNS,TRIMBLE NETRS,GPS,30s,4,geonet,trimble_5700 x4,2004-02-16T00:00:00Z,2015-12-09T21:48:37Z
PYGR,GeoNet,GNS,TRIMBLE ALLOY,GPS+GLO+GAL+BDS+QZSS,30s,0,linz,trimble_netr9 x4,2019-10-03T01:22:08Z,9999-01-01T00:00:00Z
PYGR,GeoNet,GNS,TRIMBLE NETR9,GPS+GLO,30s,3,linz,trimble_netr9 x4,2012-04-03T23:00:00Z,2015-09-03T21:35:00Z
PYGR,GeoNet,GNS,TRIMBLE NETR9,GPS+GLO,30s,0,linz,trimble_netr9 x4,2015-09-03T21:35:01Z,2016-06-29T22:57:57Z
PYGR,GeoNet,GNS,TRIMBLE NETR9,GPS+GLO+GAL+BDS+QZSS,30s,0,linz,trimble_netr9 x4,2016-06-29T22:57:58Z,2019-10-03T01:22:07Z
PYGR,GeoNet,GNS,TRIMBLE NETRS,GPS,30s,4,linz,trimble_5700 x4,2007-01-01T01:00:00Z,2012-04-03T00:00:00Z
QUAR,P Denys,OUSD,TRIMBLE 4000SSI,GPS,30s,4,sagenz,trimble_r x21,2000-02-05T00:00:00Z,2004-10-13T17:59:59Z
QUAR,GeoNet,GNS,TRIMBLE ALLOY,GPS+GLO,30s,0,sagenz,trimble_netr9 x4,2022-08-09T23:26:08Z,2024-10-16T23:00:43Z
QUAR,GeoNet,GNS,TRIMBLE ALLOY,GPS+GLO,30s,0,sagenz,trimble_netr9 x4,2024-10-16T23:00:44Z,2025-03-11T03:47:39Z
QUAR,GeoNet,GNS,TRIMBLE ALLOY,GPS+GLO+GAL+BDS+QZSS,30s,0,sagenz,trimble_netr9 x4,2025-03-11T03:47:40Z,9999-01-01T00:00:00Z
QUAR,GeoNet,GNS,TRIMBLE NETR9,GPS+GLO,30s,3,sagenz,trimble_netr9 x4,2013-07-03T16:32:00Z,2014-07-09T23:59:00Z
QUAR,GeoNet,GNS,TRIMBLE NETR9,GPS+GLO,30s,0,sagenz,trimble_netr9 x4,2014-07-10T00:09:59Z,2022-08-09T23:26:07Z
QUAR,GeoNet,GNS,TRIMBLE NETRS,GPS,30s,4,sagenz,trimble_5700 x4,2004-10-13T19:00:00Z,2013-07-03T15:00:00Z
RAHI,GeoNet,GNS,TRIMBLE ALLOY,GPS+GLO,30s,0,geonet,trimble_netr9 x4,2021-02-02T02:30:38Z,2025-03-06T02:39:35Z
RAHI,GeoNet,GNS,TRIMBLE ALLOY,GPS+GLO+GAL+BDS+QZSS,30s,0,geonet,trimble_netr9 x4,2025-03-06T02:39:36Z,9999-01-01T00:00:00Z
RAHI,GeoNet,GNS,TRIMBLE NETR9,GPS+GLO,30s,3,geonet,trimble_netr9 x4,2011-07-18T04:20:51Z,2015-11-16T19:58:00Z
RAHI,GeoNet,GNS,TRIMBLE NETR9,GPS+GLO,30s,0,geonet,trimble_netr9 x4,2015-11-16T19:58:01Z,2021-02-02T02:30:37Z
RAHI,GeoNet,GNS,TRIMBLE NETRS,GPS,30s,4,geonet,trimble_5700 x4,2008-05-14T05:20:30Z,2011-07-18T03:00:00Z
RAKW,GeoNet,GNS,TRIMBLE ALLOY,GPS+GLO,30s,0,geonet,trimble_netr9 x4,2019-09-09T23:22:59Z,2025-02-20T23:31:43Z
RAKW,GeoNet,GNS,TRIMBLE ALLOY,GPS+GLO+GAL+BDS+QZSS,30s,0,geonet,trimble_netr9 x4,2025-02-20T23:31:44Z,9999-01-01T00:00:00Z
RAKW,GeoNet,GNS,TRIMBLE NETR9,GPS+GLO,30s,3,geonet,trimble_netr9 x4,2011-02-16T04:05:01Z,2016-03-22T22:47:32Z
RAKW,GeoNet,GNS,TRIMBLE NETR9,GPS+GLO,30s,0,geonet,trimble_netr9 x4,2016-03-22T22:47:33Z,2019-09-09T23:22:58Z
RAUL,GeoNet,GNS,TRIMBLE ALLOY,GPS+GLO,30s,0,geonet,trimble_netr9 x4,2020-03-26T08:38:32Z,2025-04-02T22:43:37Z
RAUL,GeoNet,GNS,TRIMBLE ALLOY,GPS+GLO+GAL+BDS+QZSS,30s,0,geonet,trimble_netr9 x4,2025-04-02T22:43:38Z,9999-01-01T00:00:00Z
RAUL,GeoNet,GNS,TRIMBLE NETR9,GPS+GLO,30s,3,geonet,trimble_netr9 x4,2012-08-26T21:20:00Z,2015-08-31T20:30:00Z
RAUL,GeoNet,GNS,TRIMBLE NETR9,GPS+GLO,30s,0,geonet,trimble_netr9 x4,2015-08-31T20:30:01Z,2020-03-26T08:38:31Z
RAUL,GeoNet,GNS,TRIMBLE NETRS,GPS,30s,4,geonet,trimble_5700 x4,2009-05-16T00:00:01Z,2012-08-11T00:00:01Z
RAUM,GeoNet,GNS,TRIMBLE ALLOY,GPS+GLO,30s,0,geonet,trimble_netr9 x4,2021-03-09T18:46:02Z,2025-03-06T03:45:39Z
RAUM,GeoNet,GNS,TRIMBLE ALLOY,GPS+GLO+GAL+BDS+QZSS,30s,0,geonet,trimble_netr9 x4,2025-03-06T03:45:40Z,9999-01-01T00:00:00Z
RAUM,GeoNet,GNS,TRIMBLE NETR9,GPS+GLO,30s,3,geonet,trimble_netr9 x4,2011-05-19T03:01:00Z,2016-03-24T00:30:15Z
RAUM,GeoNet,GNS,TRIMBLE NETR9,GPS+GLO,30s,0,geonet,trimble_netr9 x4,2016-03-24T00:30:16Z,2021-03-09T18:46:01Z
RAWI,GeoNet,GNS,TRIMBLE ALLOY,GPS+GLO,30s,0,geonet,trimble_netr9 x4,2024-10-29T22:05:59Z,2025-03-03T03:24:41Z
RAWI,GeoNet,GNS,TRIMBLE ALLOY,GPS+GLO+GAL+BDS+QZSS,30s,0,geonet,trimble_netr9 x4,2025-03-03T03:24:42Z,9999-01-01T00:00:00Z
RAWI,GeoNet,GNS,TRIMBLE NETR9,GPS+GLO,30s,0,geonet,trimble_netr9 x4,2015-12-06T23:35:35Z,2024-10-29T22:05:58Z
RAWI,GeoNet,GNS,TRIMBLE NETRS,GPS,30s,4,geonet,trimble_5700 x4,2009-06-10T03:22:00Z,2015-12-06T23:35:34Z
RCHD,GeoNet,GNS,TRIMBLE ALLOY,GPS+GLO,30s,0,geonet,trimble_netr9 x4,2019-08-27T00:03:38Z,2025-03-12T03:36:01Z
RCHD,GeoNet,GNS,TRIMBLE ALLOY,GPS+GLO+GAL+BDS+QZSS,30s,0,geonet,trimble_netr9 x4,2025-03-12T03:36:02Z,9999-01-01T00:00:00Z
RDLV,GeoNet,GNS,TRIMBLE ALLOY,GPS+GLO,30s,0,geonet,trimble_netr9 x4,2024-07-31T01:18:02Z,2025-02-16T22:28:11Z
RDLV,GeoNet,GNS,TRIMBLE ALLOY,GPS+GLO+GAL+BDS+QZSS,30s,0,geonet,trimble_netr9 x4,2025-02-16T22:28:12Z,9999-01-01T00:00:00Z
RDLV,GeoNet,GNS,TRIMBLE NETR9,GPS+GLO,30s,0,geonet,trimble_netr9 x4,2016-02-02T21:32:07Z,2024-07-31T01:18:01Z
RDLV,GeoNet,GNS,TRIMBLE NETRS,GPS,30s,4,geonet,trimble_5700 x4,2009-01-13T01:00:00Z,2016-02-02T21:32:05Z
RGAR,GeoNet,GNS,TRIMBLE ALLOY,GPS+GLO+GAL+BDS+QZSS,30s,0,geonet,trimble_netr9 x4,2025-07-07T03:23:56Z,9999-01-01T00:00:00Z
RGAR,GeoNet,GNS,TRIMBLE NETR9,GPS+GLO,30s,0,geonet,trimble_netr9 x4,2016-09-21T02:25:08Z,2018-05-10T00:46:00Z
RGAR,GeoNet,GNS,TRIMBLE NETR9,GPS+GLO+GAL+BDS+QZSS,30s,0,geonet,trimble_netr9 x4,2018-05-10T00:46:01Z,2025-07-07T03:23:55Z
RGAR,GeoNet,GNS,TRIMBLE NETRS,GPS,30s,4,geonet,trimble_5700 x4,2007-11-07T02:08:30Z,2016-09-21T02:25:06Z
RGAW,GeoNet,GNS,TRIMBLE ALLOY,GPS+GLO,30s,0,geonet,trimble_netr9 x4,2024-08-14T05:33:19Z,2025-03-03T01:49:03Z
RGAW,GeoNet,GNS,TRIMBLE ALLOY,GPS+GLO+GAL+BDS+QZSS,30s,0,geonet,trimble_netr9 x4,2025-03-03T01:49:04Z,9999-01-01T00:00:00Z
RGAW,GeoNet,GNS,TRIMBLE NETR9,GPS+GLO,30s,0,geonet,trimble_netr9 x4,2015-09-16T02:52:38Z,2024-08-14T05:33:18Z
RGAW,GeoNet,GNS,TRIMBLE NETRS,GPS,30s,4,geonet,trimble_5700 x4,2009-03-24T02:00:00Z,2015-09-16T02:52:36Z
RGCR,GeoNet,GNS,TRIMBLE NETRS,GPS,30s,4,geonet,trimble_5700 x4,2007-02-13T00:30:00Z,2011-08-29T23:42:00Z
RGHD,GeoNet,GNS,TRIMBLE ALLOY,GPS+GLO,30s,0,geonet,trimble_netr9 x4,2019-12-17T02:53:59Z,2025-02-25T22:28:44Z
RGHD,GeoNet,GNS,TRIMBLE ALLOY,GPS+GLO+GAL+BDS+QZSS,30s,0,geonet,trimble_netr9 x4,2025-02-25T22:28:45Z,9999-01-01T00:00:00Z
RGHD,GeoNet,GNS,TRIMBLE NETR9,GPS+GLO,30s,0,geonet,trimble_netr9 x4,2018-04-17T23:15:32Z,2019-12-17T02:53:58Z
RGHD,GeoNet,GNS,TRIMBLE NETRS,GPS,30s,4,geonet,trimble_5700 x4,2012-02-01T03:07:00Z,2018-04-17T23:15:31Z
RGHL,GeoNet,GNS,TRIMBLE ALLOY,GPS+GLO,30s,0,geonet,trimble_netr9 x4,2021-06-01T21:46:08Z,2025-02-25T21:29:19Z
RGHL,GeoNet,GNS,TRIMBLE ALLOY,GPS+GLO+GAL+BDS+QZSS,30s,0,geonet,trimble_netr9 x4,2025-02-25T21:29:20Z,9999-01-01T00:00:00Z
RGHL,GeoNet,GNS,TRIMBLE NETR9,GPS+GLO,30s,3,geonet,trimble_netr9 x4,2011-11-22T01:22:26Z,2015-03-03T02:13:22Z
RGHL,GeoNet,GNS,TRIMBLE NETR9,GPS+GLO,30s,0,geonet,trimble_netr9 x4,2015-03-03T02:13:23Z,2021-06-01T21:46:07Z
RGHL,GeoNet,GNS,TRIMBLE NETRS,GPS,30s,4,geonet,trimble_5700 x4,2008-12-03T03:00:00Z,2011-11-21T23:00:00Z
RGHR,GeoNet,GNS,TRIMBLE ALLOY,GPS+GLO+GAL+BDS+QZSS,30s,0,geonet,trimble_netr9 x4,2025-09-10T23:09:26Z,9999-01-01T00:00:00Z
RGHR,GeoNet,GNS,TRIMBLE NETR9,GPS+GLO,30s,0,geonet,trimble_netr9 x4,2016-08-15T23:43:28Z,2025-09-10T23:09:25Z
RGHR,GeoNet,GNS,TRIMBLE NETRS,GPS,30s,4,geonet,trimble_5700 x4,2007-02-07T21:45:00Z,2016-08-15T23:43:26Z
RGKA,GeoNet,GNS,TRIMBLE ALLOY,GPS+GLO,30s,0,geonet,trimble_netr9 x4,2024-08-14T01:36:38Z,2025-02-25T22:43:00Z
RGKA,GeoNet,GNS,TRIMBLE ALLOY,GPS+GLO+GAL+BDS+QZSS,30s,0,geonet,trimble_netr9 x4,2025-02-25T22:43:01Z,9999-01-01T00:00:00Z
RGKA,GeoNet,GNS,TRIMBLE NETR9,GPS+GLO,30s,0,geonet,trimble_netr9 x4,2018-04-16T04:37:00Z,2024-08-14T01:36:37Z
RGKA,GeoNet,GNS,TRIMBLE NETRS,GPS,30s,4,geonet,trimble_5700 x4,2006-05-08T21:25:33Z,2018-04-16T04:36:59Z
RGKW,GeoNet,GNS,TRIMBLE ALLOY,GPS+GLO+GAL+BDS+QZSS,30s,0,geonet,trimble_netr9 x4,2025-09-25T00:14:38Z,9999-01-01T00:00:00Z
RGKW,GeoNet,GNS,TRIMBLE NETR9,GPS+GLO,30s,3,geonet,trimble_netr9 x4,2011-05-03T00:45:00Z,2016-03-29T20:41:02Z
RGKW,GeoNet,GNS,TRIMBLE NETR9,GPS+GLO,30s,0,geonet,trimble_netr9 x4,2016-03-29T20:41:03Z,2025-09-25T00:14:37Z
RGKW,GeoNet,GNS,TRIMBLE NETRS,GPS,30s,4,geonet,trimble_5700 x4,2008-11-28T01:00:00Z,2011-05-02T23:55:00Z
RGLI,GeoNet,GNS,TRIMBLE ALLOY,GPS+GLO,30s,0,geonet,trimble_netr9 x4,2024-10-29T00:47:20Z,2025-02-26T01:32:59Z
RGLI,GeoNet,GNS,TRIMBLE ALLOY,GPS+GLO+GAL+BDS+QZSS,30s,0,geonet,trimble_netr9 x4,2025-02-26T01:33:00Z,9999-01-01T00:00:00Z
RGLI,GeoNet,GNS,TRIMBLE NETR9,GPS+GLO,30s,3,geonet,trimble_netr9 x4,2013-05-09T03:35:01Z,2016-04-06T23:28:43Z
RGLI,GeoNet,GNS,TRIMBLE NETR9,GPS+GLO,30s,0,geonet,trimble_netr9 x4,2016-04-06T23:28:44Z,2024-10-29T00:47:19Z
RGLI,GeoNet,GNS,TRIMBLE NETRS,GPS,30s,4,geonet,trimble_5700 x4,2005-11-15T20:00:00Z,2013-05-08T00:00:01Z
RGMK,GeoNet,GNS,TRIMBLE ALLOY,GPS+GLO,30s,0,geonet,trimble_netr9 x4,2023-09-25T23:14:38Z,2025-02-25T21:42:12Z
RGMK,GeoNet,GNS,TRIMBLE ALLOY,GPS+GLO+GAL+BDS+QZSS,30s,0,geonet,trimble_netr9 x4,2025-02-25T21:42:13Z,9999-01-01T00:00:00Z
RGMK,GeoNet,GNS,TRIMBLE NETR9,GPS+GLO,30s,0,geonet,trimble_netr9 x4,2015-07-29T01:00:02Z,2023-09-25T23:14:37Z
RGMK,GeoNet,GNS,TRIMBLE NETRS,GPS,30s,4,geonet,trimble_5700 x4,2004-10-06T02:00:00Z,2015-07-29T01:00:00Z
RGMT,GeoNet,GNS,TRIMBLE ALLOY,GPS+GLO,30s,0,geonet,trimble_netr9 x4,2019-12-17T20:59:02Z,2025-03-03T01:50:34Z
RGMT,GeoNet,GNS,TRIMBLE ALLOY,GPS+GLO+GAL+BDS+QZSS,30s,0,geonet,trimble_netr9 x4,2025-03-03T01:50:35Z,9999-01-01T00:00:00Z
RGMT,GeoNet,GNS,TRIMBLE NETR9,GPS+GLO,30s,3,geonet,trimble_netr9 x4,2011-05-13T02:15:00Z,2016-03-30T19:22:12Z
RGMT,GeoNet,GNS,TRIMBLE NETR9,GPS+GLO,30s,0,geonet,trimble_netr9 x4,2016-03-30T19:22:13Z,2019-12-17T20:59:01Z
RGMT,GeoNet,GNS,TRIMBLE NETRS,GPS,30s,4,geonet,trimble_5700 x4,2007-10-30T02:00:00Z,2011-05-13T01:59:00Z
RGON,GeoNet,GNS,TRIMBLE NETR9,GPS+GLO,30s,0,geonet,trimble_netr9 x4,2018-04-19T05:23:02Z,9999-01-01T00:00:00Z
RGON,GeoNet,GNS,TRIMBLE NETRS,GPS,30s,4,geonet,trimble_5700 x4,2009-08-25T02:08:00Z,2018-04-19T05:23:01Z
RGOP,GeoNet,GNS,TRIMBLE ALLOY,GPS+GLO+GAL+BDS+QZSS,30s,0,geonet,trimble_netr9 x4,2025-09-25T02:00:08Z,9999-01-01T00:00:00Z
RGOP,GeoNet,GNS,TRIMBLE NETR9,GPS+GLO,30s,0,geonet,trimble_netr9 x4,2017-03-24T02:28:30Z,2025-09-25T02:00:07Z
RGOP,GeoNet,GNS,TRIMBLE NETRS,GPS,30s,4,geonet,trimble_5700 x4,2007-02-21T21:00:00Z,2017-03-24T02:28:28Z
RGRE,GeoNet,GNS,TRIMBLE ALLOY,GPS+GLO,30s,0,geonet,trimble_netr9 x4,2023-06-15T23:36:08Z,2025-03-03T02:22:49Z
RGRE,GeoNet,GNS,TRIMBLE ALLOY,GPS+GLO+GAL+BDS+QZSS,30s,0,geonet,trimble_netr9 x4,2025-03-03T02:22:50Z,9999-01-01T00:00:00Z
RGRE,GeoNet,GNS,TRIMBLE NETR9,GPS+GLO,30s,3,geonet,trimble_netr9 x4,2013-12-17T00:51:01Z,2016-04-05T00:19:00Z
RGRE,GeoNet,GNS,TRIMBLE NETR9,GPS+GLO,30s,0,geonet,trimble_netr9 x4,2016-04-05T00:19:01Z,2023-06-15T23:36:07Z
RGRE,GeoNet,GNS,TRIMBLE NETRS,GPS,30s,4,geonet,trimble_5700 x4,2007-02-08T00:14:00Z,2013-12-16T23:58:00Z
RGRR,GeoNet,GNS,TRIMBLE ALLOY,GPS+GLO,30s,0,geonet,trimble_netr9 x4,2019-12-17T01:14:59Z,2025-03-03T02:26:59Z
RGRR,GeoNet,GNS,TRIMBLE ALLOY,GPS+GLO+GAL+BDS+QZSS,30s,0,geonet,trimble_netr9 x4,2025-03-03T02:27:00Z,9999-01-01T00:00:00Z
RGRR,GeoNet,GNS,TRIMBLE NETR9,GPS+GLO,30s,3,geonet,trimble_netr9 x4,2013-04-19T02:30:00Z,2016-04-11T02:56:19Z
RGRR,GeoNet,GNS,TRIMBLE NETR9,GPS+GLO,30s,0,geonet,trimble_netr9 x4,2016-04-11T02:56:20Z,2019-12-17T01:14:58Z
RGRR,GeoNet,GNS,TRIMBLE NETRS,GPS,30s,4,geonet,trimble_5700 x4,2007-12-11T01:30:00Z,2013-04-19T00:00:00Z
RGTA,GeoNet,GNS,TRIMBLE NETR9,GPS+GLO,30s,0,geonet,trimble_netr9 x4,2018-05-27T23:35:02Z,9999-01-01T00:00:00Z
RGTA,GeoNet,GNS,TRIMBLE NETRS,GPS,30s,4,geonet,trimble_5700 x4,2007-11-22T00:40:00Z,2018-05-27T23:35:01Z
RGUT,GeoNet,GNS,TRIMBLE ALLOY,GPS+GLO+GAL+BDS+QZSS,30s,0,geonet,trimble_netr9 x4,2019-12-16T22:11:26Z,9999-01-01T00:00:00Z
RGUT,GeoNet,GNS,TRIMBLE NETR9,GPS+GLO,30s,0,geonet,trimble_netr9 x4,2018-04-16T23:45:02Z,2019-03-07T20:32:45Z
RGUT,GeoNet,GNS,TRIMBLE NETR9,GPS+GLO+GAL+BDS+QZSS,30s,0,geonet,trimble_netr9 x4,2019-03-07T20:32:46Z,2019-12-16T22:11:25Z
RGUT,GeoNet,GNS,TRIMBLE NETRS,GPS,30s,4,geonet,trimble_5700 x4,2005-12-15T01:59:00Z,2018-04-16T23:45:01Z
RGWC,GeoNet,GNS,TRIMBLE NETR9,GPS+GLO,30s,3,geonet,trimble_netr9 x4,2014-01-29T01:57:08Z,2016-04-22T02:05:42Z
RGWC,GeoNet,GNS,TRIMBLE NETR9,GPS+GLO,30s,0,geonet,trimble_netr9 x4,2016-04-22T02:05:43Z,2023-12-01T00:00:00Z
RGWI,GeoNet,GNS,TRIMBLE NETR9,GPS+GLO,30s,3,geonet,trimble_netr9 x4,2011-09-27T22:35:00Z,2016-04-20T01:24:41Z
RGWI,GeoNet,GNS,TRIMBLE NETR9,GPS+GLO,30s,0,geonet,trimble_netr9 x4,2016-04-20T01:24:42Z,2023-12-01T00:00:00Z
RGWV,GeoNet,GNS,TRIMBLE ALLOY,GPS+GLO+GAL+BDS+QZSS,30s,0,geonet,trimble_netr9 x4,2025-07-23T00:41:38Z,9999-01-01T00:00:00Z
RGWV,GeoNet,GNS,TRIMBLE NETR9,GPS+GLO,30s,0,geonet,trimble_netr9 x4,2017-01-10T00:19:02Z,2025-07-23T00:41:37Z
RGWV,GeoNet,GNS,TRIMBLE NETRS,GPS,30s,4,geonet,trimble_5700 x4,2009-09-04T01:38:00Z,2017-01-10T00:19:01Z
RIPA,GeoNet,GNS,TRIMBLE ALLOY,GPS+GLO,30s,0,geonet,trimble_netr9 x4,2024-09-09T03:20:44Z,2025-02-21T01:52:45Z
RIPA,GeoNet,GNS,TRIMBLE ALLOY,GPS+GLO+GAL+BDS+QZSS,30s,0,geonet,trimble_netr9 x4,2025-02-21T01:52:46Z,9999-01-01T00:00:00Z
RIPA,GeoNet,GNS,TRIMBLE NETR9,GPS+GLO,30s,0,geonet,trimble_netr9 x4,2016-01-26T21:51:33Z,2024-09-09T03:20:43Z
RIPA,GeoNet,GNS,TRIMBLE NETRS,GPS,30s,4,geonet,trimble_5700 x4,2004-02-20T00:00:00Z,2016-01-26T21:51:30Z
RLTN,GeoNet,GNS,TRIMBLE ALLOY,GPS+GLO,30s,0,geonet,trimble_netr9 x4,2020-06-22T22:11:38Z,2020-11-03T00:27:07Z
RLTN,GeoNet,GNS,TRIMBLE NETR9,GPS+GLO,30s,0,geonet,trimble_netr9 x4,2020-11-03T00:27:08Z,9999-01-01T00:00:00Z
SCTB,GeoNet,GNS,TRIMBLE ALLOY,GPS+GLO+GAL+BDS+QZSS,30s,0,linz,trimble_netr9 x4,2019-11-01T23:52:29Z,9999-01-01T00:00:00Z
SCTB,GeoNet,GNS,TRIMBLE NETR9,GPS+GLO,30s,4,linz,trimble_netr9 x4,2010-10-26T00:00:01Z,2015-09-17T01:59:00Z
SCTB,GeoNet,GNS,TRIMBLE NETR9,GPS+GLO+GAL+BDS+QZSS,30s,0,linz,trimble_netr9 x4,2015-09-17T01:59:01Z,2019-11-01T23:52:28Z
SCTB,GeoNet,GNS,TRIMBLE NETRS,GPS,30s,4,geonet,trimble_5700 x4,2004-10-29T00:00:00Z,2010-10-25T23:00:00Z
SCTY,GeoNet,GNS,TRIMBLE ALLOY,GPS+GLO,30s,0,geonet,trimble_netr9 x4,2020-06-23T01:06:32Z,2020-10-27T23:29:07Z
SCTY,GeoNet,GNS,TRIMBLE ALLOY,GPS+GLO+GAL+BDS+QZSS,30s,0,geonet,trimble_netr9 x4,2025-06-22T22:05:46Z,9999-01-01T00:00:00Z
SCTY,GeoNet,GNS,TRIMBLE NETR9,GPS+GLO,30s,0,geonet,trimble_netr9 x4,2020-10-27T23:29:08Z,2025-06-22T22:05:45Z
SEDD,GeoNet,GNS,TRIMBLE ALLOY,GPS+GLO,30s,0,geonet,trimble_netr9 x4,2022-02-23T04:52:02Z,2025-03-13T01:40:14Z
SEDD,GeoNet,GNS,TRIMBLE ALLOY,GPS+GLO+GAL+BDS+QZSS,30s,0,geonet,trimble_netr9 x4,2025-03-13T01:40:15Z,9999-01-01T00:00:00Z
SEDD,GeoNet,GNS,TRIMBLE NETR9,GPS+GLO,30s,0,geonet,trimble_netr9 x4,2016-11-14T06:04:09Z,2022-02-23T04:52:01Z
SMRG,GeoNet,GNS,TRIMBLE ALLOY,GPS+GLO+GAL+BDS+QZSS,30s,0,geonet,trimble_netr9 x4,2025-03-13T03:25:16Z,9999-01-01T00:00:00Z
SNST,GeoNet,GNS,TRIMBLE NETR9,GPS+GLO,30s,0,geonet,trimble_netr9 x4,2015-12-06T22:50:08Z,9999-01-01T00:00:00Z
SNST,GeoNet,GNS,TRIMBLE NETRS,GPS,30s,4,geonet,trimble_5700 x4,2009-06-08T02:31:00Z,2015-12-06T22:50:07Z
SSFT,GeoNet,GNS,TRIMBLE ALLOY,GPS+GLO+GAL+BDS+QZSS,30s,0,linz,trimble_netr9 x4,2024-10-16T19:58:38Z,9999-01-01T00:00:00Z
SUTT,P Denys,OUSD,TRIMBLE 5700,GPS,30s,0,geonet,trimble_5700 x5,2017-03-09T00:00:03Z,2017-06-27T01:10:05Z
SUTT,GeoNet,GNS,TRIMBLE NETR9,GPS+GLO,30s,0,geonet,trimble_netr9 x4,2017-06-27T01:10:07Z,9999-01-01T00:00:00Z
TAKL,GeoNet,GNS,LEICA CRS1000,GPS,30s,4,geonet,leica_lb2 x6,2001-07-11T00:00:00Z,2007-07-05T03:44:00Z
TAKP,GeoNet,GNS,TRIMBLE ALLOY,GPS+GLO,30s,0,geonet,trimble_netr9 x4,2024-07-25T04:42:08Z,2025-02-19T00:32:59Z
TAKP,GeoNet,GNS,TRIMBLE ALLOY,GPS+GLO+GAL+BDS+QZSS,30s,0,geonet,trimble_netr9 x4,2025-02-19T00:33:00Z,9999-01-01T00:00:00Z
TAKP,GeoNet,GNS,TRIMBLE NETR9,GPS+GLO,30s,0,geonet,trimble_netr9 x4,2015-11-11T01:09:03Z,2024-07-25T04:42:07Z
TAKP,GeoNet,GNS,TRIMBLE NETRS,GPS,30s,4,geonet,trimble_5700 x4,2004-01-30T02:00:00Z,2015-11-11T01:09:00Z
TAUP,GeoNet,GNS,TRIMBLE 5700,GPS,30s,4,linz,trimble_5700 x5,2002-03-22T00:00:00Z,2004-01-29T00:00:01Z
TAUP,GeoNet,GNS,TRIMBLE ALLOY,GPS+GLO+GAL+BDS+QZSS,30s,0,linz,trimble_netr9 x4,2020-01-14T23:03:04Z,9999-01-01T00:00:00Z
TAUP,GeoNet,GNS,TRIMBLE NETR9,GPS+GLO,30s,3,linz,trimble_netr9 x4,2010-12-01T22:28:21Z,2015-08-19T17:25:00Z
TAUP,GeoNet,GNS,TRIMBLE NETR9,GPS+GLO,30s,0,linz,trimble_netr9 x4,2015-08-19T17:25:01Z,2016-07-04T01:10:29Z
TAUP,GeoNet,GNS,TRIMBLE NETR9,GPS+GLO+GAL+BDS+QZSS,30s,0,linz,trimble_netr9 x4,2016-07-04T01:10:30Z,2020-01-14T23:03:03Z
TAUP,GeoNet,GNS,TRIMBLE NETRS,GPS,30s,4,linz,trimble_5700 x4,2004-01-29T00:01:00Z,2010-12-01T22:27:00Z
TAUW,GeoNet,GNS,TRIMBLE ALLOY,GPS+GLO,30s,0,geonet,trimble_netr9 x4,2024-12-10T03:02:26Z,2025-03-05T03:48:03Z
TAUW,GeoNet,GNS,TRIMBLE ALLOY,GPS+GLO+GAL+BDS+QZSS,30s,0,geonet,trimble_netr9 x4,2025-03-05T03:48:04Z,9999-01-01T00:00:00Z
TAUW,GeoNet,GNS,TRIMBLE NETR9,GPS+GLO,30s,3,geonet,trimble_netr9 x4,2011-03-27T21:28:45Z,2016-04-27T21:29:58Z
TAUW,GeoNet,GNS,TRIMBLE NETR9,GPS+GLO,30s,0,geonet,trimble_netr9 x4,2016-04-27T21:29:59Z,2024-12-10T03:02:25Z
TAUW,GeoNet,GNS,TRIMBLE NETRS,GPS,30s,4,geonet,trimble_5700 x4,2009-08-19T03:40:30Z,2011-03-27T21:25:00Z
TBWT,GeoNet,GNS,TRIMBLE ALLOY,GPS+GLO+GAL+BDS+QZSS,30s,0,linz,trimble_netr9 x4,2025-02-25T02:24:38Z,9999-01-01T00:00:00Z
TEMA,GeoNet,GNS,TRIMBLE NETR9,GPS+GLO,30s,0,geonet,trimble_netr9 x4,2017-09-28T00:27:32Z,9999-01-01T00:00:00Z
TEMA,GeoNet,GNS,TRIMBLE NETRS,GPS,30s,4,geonet,trimble_5700 x4,2007-03-17T21:00:00Z,2017-09-28T00:27:30Z
TEN2,GeoNet,GNS,TRIMBLE NETR9,GPS+GLO,30s,0,geonet,trimble_netr9 x4,2016-11-17T23:45:56Z,2018-05-21T03:00:00Z
TENN,GeoNet,GNS,TRIMBLE ALLOY,GPS+GLO,30s,0,geonet,trimble_netr9 x4,2022-11-15T22:09:02Z,2025-03-11T01:43:09Z
TENN,GeoNet,GNS,TRIMBLE ALLOY,GPS+GLO+GAL+BDS+QZSS,30s,0,geonet,trimble_netr9 x4,2025-03-11T01:43:10Z,9999-01-01T00:00:00Z
TENN,GeoNet,GNS,TRIMBLE NETR9,GPS+GLO,30s,0,geonet,trimble_netr9 x4,2017-11-14T22:08:22Z,2022-11-15T22:09:01Z
TGHM,GeoNet,GNS,TRIMBLE ALLOY,GPS+GLO,30s,0,geonet,trimble_netr9 x4,2023-05-25T04:19:02Z,2025-02-24T03:42:51Z
TGHM,GeoNet,GNS,TRIMBLE ALLOY,GPS+GLO+GAL+BDS+QZSS,30s,0,geonet,trimble_netr9 x4,2025-02-24T03:42:52Z,9999-01-01T00:00:00Z
TGHO,GeoNet,GNS,TRIMBLE ALLOY,GPS+GLO,30s,0,geonet,trimble_netr9 x4,2022-06-22T22:27:08Z,2023-05-24T21:06:00Z
TGHO,GeoNet,GNS,TRIMBLE NETR9,GPS+GLO,30s,0,geonet,trimble_netr9 x4,2016-08-17T00:22:38Z,2022-06-22T22:27:07Z
TGHO,GeoNet,GNS,TRIMBLE NETRS,GPS,30s,4,geonet,trimble_5700 x4,2008-12-22T02:30:00Z,2016-08-17T00:22:37Z
TGHR,GeoNet,GNS,TRIMBLE NETR9,GPS+GLO,30s,0,geonet,trimble_netr9 x4,2018-05-15T00:04:31Z,9999-01-01T00:00:00Z
TGHR,GeoNet,GNS,TRIMBLE NETRS,GPS,30s,4,geonet,trimble_5700 x4,2006-05-08T21:26:26Z,2018-05-15T00:04:30Z
TGK1,GeoNet,GNS,TRIMBLE ALLOY,GPS+GLO,30s,0,geonet,trimble_netr9 x4,2022-12-19T21:53:26Z,2025-02-24T02:43:57Z
TGK1,GeoNet,GNS,TRIMBLE ALLOY,GPS+GLO+GAL+BDS+QZSS,30s,0,geonet,trimble_netr9 x4,2025-02-24T02:43:58Z,9999-01-01T00:00:00Z
TGOH,GeoNet,GNS,TRIMBLE NETR9,GPS+GLO,30s,0,geonet,trimble_netr9 x4,2016-10-19T00:49:38Z,9999-01-01T00:00:00Z
TGOH,GeoNet,GNS,TRIMBLE NETRS,GPS,30s,4,geonet,trimble_5700 x4,2006-05-22T03:35:49Z,2016-10-19T00:49:36Z
TGRA,GeoNet,GNS,TRIMBLE ALLOY,GPS+GLO,30s,0,geonet,trimble_netr9 x4,2024-07-25T22:27:32Z,2025-02-23T22:37:56Z
TGRA,GeoNet,GNS,TRIMBLE ALLOY,GPS+GLO+GAL+BDS+QZSS,30s,0,geonet,trimble_netr9 x4,2025-02-23T22:37:57Z,9999-01-01T00:00:00Z
TGRA,GeoNet,GNS,TRIMBLE NETR9,GPS+GLO,30s,0,geonet,trimble_netr9 x4,2018-05-23T23:12:58Z,2024-07-25T22:27:31Z
TGRA,GeoNet,GNS,TRIMBLE NETRS,GPS,30s,4,geonet,trimble_5700 x4,2006-04-11T00:00:00Z,2018-05-23T23:12:57Z
TGRI,GeoNet,GNS,TRIMBLE ALLOY,GPS+GLO,30s,0,geonet,trimble_netr9 x4,2020-01-13T20:40:08Z,9999-01-01T00:00:00Z
TGRI,GeoNet,GNS,TRIMBLE NETR9,GPS+GLO,30s,3,geonet,trimble_netr9 x4,2011-04-04T02:20:00Z,2016-04-21T22:05:06Z
TGRI,GeoNet,GNS,TRIMBLE NETR9,GPS+GLO,30s,0,geonet,trimble_netr9 x4,2016-04-21T22:05:07Z,2020-01-13T20:40:07Z
TGTK,GeoNet,GNS,TRIMBLE ALLOY,GPS+GLO,30s,0,geonet,trimble_netr9 x4,2020-01-29T21:48:38Z,2025-02-24T03:45:45Z
TGTK,GeoNet,GNS,TRIMBLE ALLOY,GPS+GLO+GAL+BDS+QZSS,30s,0,geonet,trimble_netr9 x4,2025-02-24T03:45:46Z,9999-01-01T00:00:00Z
TGTK,GeoNet,GNS,TRIMBLE NETR9,GPS+GLO,30s,0,geonet,trimble_netr9 x4,2018-06-26T23:56:38Z,2020-01-29T21:48:37Z
TGTK,GeoNet,GNS,TRIMBLE NETRS,GPS,30s,4,geonet,trimble_5700 x4,2006-04-27T01:00:00Z,2018-06-26T23:56:37Z
TGWH,GeoNet,GNS,TRIMBLE ALLOY,GPS+GLO+GAL+BDS+QZSS,30s,0,geonet,trimble_netr9 x4,2025-07-09T22:27:14Z,9999-01-01T00:00:00Z
TGWH,GeoNet,GNS,TRIMBLE NETR9,GPS+GLO,30s,0,geonet,trimble_netr9 x4,2016-10-12T03:04:20Z,2025-07-09T22:27:13Z
TGWH,GeoNet,GNS,TRIMBLE NETRS,GPS,30s,4,geonet,trimble_5700 x4,2007-02-06T22:30:00Z,2016-10-12T03:04:18Z
THAP,GeoNet,GNS,TRIMBLE NETR9,GPS+GLO,30s,0,geonet,trimble_netr9 x4,2017-10-02T01:51:08Z,9999-01-01T00:00:00Z
THAP,GeoNet,GNS,TRIMBLE NETRS,GPS,30s,4,geonet,trimble_5700 x4,2008-06-13T00:28:30Z,2017-10-02T01:51:06Z
TINT,GeoNet,GNS,TRIMBLE NETR9,GPS+GLO,30s,0,geonet,trimble_netr9 x4,2016-09-01T01:48:28Z,9999-01-01T00:00:00Z
TINT,GeoNet,GNS,TRIMBLE NETRS,GPS,30s,4,geonet,trimble_5700 x4,2006-04-05T05:00:00Z,2016-09-01T01:48:27Z
TKAR,GeoNet,GNS,TRIMBLE ALLOY,GPS+GLO,30s,0,geonet,trimble_netr9 x4,2020-08-31T02:52:20Z,2025-03-05T03:37:58Z
TKAR,GeoNet,GNS,TRIMBLE ALLOY,GPS+GLO+GAL+BDS+QZSS,30s,0,geonet,trimble_netr9 x4,2025-03-05T03:37:59Z,9999-01-01T00:00:00Z
TKAR,GeoNet,GNS,TRIMBLE NETR9,GPS+GLO,30s,0,geonet,trimble_netr9 x4,2014-07-23T23:47:38Z,2020-08-31T02:52:19Z
TKAR,GeoNet,GNS,TRIMBLE NETRS,GPS,30s,4,geonet,trimble_5700 x4,2010-06-03T04:59:30Z,2014-07-23T23:39:00Z
TKHL,GeoNet,GNS,TRIMBLE ALLOY,GPS+GLO+GAL+BDS+QZSS,30s,0,geonet,trimble_netr9 x4,2021-01-05T21:41:02Z,9999-01-01T00:00:00Z
TKHL,GeoNet,GNS,TRIMBLE NETR9,GPS+GLO,30s,0,geonet,trimble_netr9 x4,2014-06-18T00:00:20Z,2016-09-12T00:06:00Z
TKHL,GeoNet,GNS,TRIMBLE NETR9,GPS+GLO+GAL+BDS+QZSS,30s,0,geonet,trimble_netr9 x4,2016-09-12T00:06:01Z,2021-01-05T21:41:01Z
TORY,GeoNet,GNS,TRIMBLE ALLOY,GPS+GLO+GAL+BDS+QZSS,30s,0,geonet,trimble_netr9 x4,2025-07-24T23:49:08Z,9999-01-01T00:00:00Z
TORY,GeoNet,GNS,TRIMBLE NETR9,GPS+GLO,30s,0,geonet,trimble_netr9 x4,2017-07-17T23:51:59Z,2025-07-24T23:49:07Z
TORY,GeoNet,GNS,TRIMBLE NETRS,GPS,30s,4,geonet,trimble_5700 x4,2005-04-20T05:00:00Z,2017-07-17T23:51:58Z
TRAV,GeoNet,GNS,TRIMBLE ALLOY,GPS+GLO,30s,0,geonet,trimble_netr9 x4,2019-12-05T02:45:50Z,2025-02-16T21:43:22Z
TRAV,GeoNet,GNS,TRIMBLE ALLOY,GPS+GLO+GAL+BDS+QZSS,30s,0,geonet,trimble_netr9 x4,2025-02-16T21:43:23Z,9999-01-01T00:00:00Z
TRAV,GeoNet,GNS,TRIMBLE NETR9,GPS+GLO,30s,0,geonet,trimble_netr9 x4,2018-06-22T00:52:38Z,2019-12-05T02:45:49Z
TRAV,GeoNet,GNS,TRIMBLE NETRS,GPS,30s,4,geonet,trimble_5700 x4,2005-06-23T00:00:00Z,2018-06-22T00:52:37Z
TRNG,GeoNet,GNS,TRIMBLE 5700,GPS,30s,4,linz,trimble_5700 x5,2003-02-17T23:59:00Z,2004-05-26T19:00:00Z
TRNG,GeoNet,GNS,TRIMBLE ALLOY,GPS+GLO+GAL+BDS+QZSS,30s,0,linz,trimble_netr9 x4,2019-10-21T00:48:16Z,9999-01-01T00:00:00Z
TRNG,GeoNet,GNS,TRIMBLE NETR9,GPS+GLO,30s,3,linz,trimble_netr9 x4,2010-12-07T01:34:00Z,2015-08-18T15:25:00Z
TRNG,GeoNet,GNS,TRIMBLE NETR9,GPS+GLO,30s,0,linz,trimble_netr9 x4,2015-08-18T15:25:01Z,2016-06-29T22:32:00Z
TRNG,GeoNet,GNS,TRIMBLE NETR9,GPS+GLO+GAL+BDS+QZSS,30s,0,linz,trimble_netr9 x4,2016-06-29T22:32:01Z,2019-10-21T00:48:15Z
TRNG,GeoNet,GNS,TRIMBLE NETRS,GPS,30s,4,linz,trimble_5700 x4,2004-05-27T00:00:00Z,2010-12-06T23:24:59Z
TRWH,GeoNet,GNS,TRIMBLE NETR9,GPS+GLO,30s,3,geonet,trimble_netr9 x4,2010-12-02T02:33:27Z,2014-10-01T21:30:00Z
TRWH,GeoNet,GNS,TRIMBLE NETR9,GPS+GLO,30s,0,geonet,trimble_netr9 x4,2014-10-01T21:31:00Z,9999-01-01T00:00:00Z
TURI,GeoNet,GNS,TRIMBLE ALLOY,GPS+GLO,30s,0,geonet,trimble_netr9 x4,2020-12-21T00:11:08Z,2025-02-20T01:49:28Z
TURI,GeoNet,GNS,TRIMBLE ALLOY,GPS+GLO+GAL+BDS+QZSS,30s,0,geonet,trimble_netr9 x4,2025-02-20T01:49:29Z,9999-01-01T00:00:00Z
TURI,GeoNet,GNS,TRIMBLE NETR9,GPS+GLO,30s,3,geonet,trimble_netr9 x4,2011-08-31T23:28:06Z,2015-11-16T19:56:00Z
TURI,GeoNet,GNS,TRIMBLE NETR9,GPS+GLO,30s,0,geonet,trimble_netr9 x4,2015-11-16T19:56:01Z,2020-12-21T00:11:07Z
UTK1,GeoNet,GNS,TRIMBLE NETRS,GPS,30s,4,geonet,trimble_5700 x4,2008-07-21T23:00:00Z,2016-08-18T13:00:00Z
UTK2,GeoNet,GNS,TRIMBLE NETRS,GPS,30s,4,geonet,trimble_5700 x4,2008-07-21T14:00:00Z,2016-08-29T01:00:00Z
UTK3,GeoNet,GNS,TRIMBLE NETRS,GPS,30s,4,geonet,trimble_5700 x4,2008-07-17T23:19:00Z,2016-04-04T08:00:00Z
UTK4,GeoNet,GNS,TRIMBLE NETRS,GPS,30s,4,geonet,trimble_5700 x4,2008-07-17T00:10:00Z,2013-05-23T04:29:00Z
UTK4,GeoNet,GNS,TRIMBLE NETRS,GPS,30s,3,geonet,trimble_5700 x4,2013-05-23T04:30:00Z,2016-08-30T20:00:00Z
UTKU,GeoNet,GNS,TRIMBLE NETR9,GPS+GLO,30s,3,geonet,trimble_netr9 x4,2011-04-20T03:40:40Z,2016-04-05T01:30:25Z
UTKU,GeoNet,GNS,TRIMBLE NETR9,GPS+GLO,30s,0,geonet,trimble_netr9 x4,2016-04-05T01:30:26Z,2016-08-30T21:00:00Z
UTKU,GeoNet,GNS,TRIMBLE NETRS,GPS,30s,4,geonet,trimble_5700 x4,2008-11-12T03:00:03Z,2011-04-20T02:00:00Z
V27B,GeoNet,GNS,TRIMBLE NETRS,GPS,30s,3,geonet,trimble_5700 x4,2011-04-09T00:00:01Z,2012-12-01T00:00:00Z
V47B,GeoNet,GNS,TRIMBLE NETR9,GPS+GLO,30s,3,geonet,trimble_netr9 x4,2011-04-08T22:24:21Z,2015-11-16T20:15:00Z
V47B,GeoNet,GNS,TRIMBLE NETR9,GPS+GLO,30s,0,geonet,trimble_netr9 x4,2015-11-16T20:15:01Z,2017-06-27T05:59:30Z
VAVS,Vavau Survey,Tonga MLSNR,ASHTECH Z-XII3,GPS,30s,4,swpacific,ashtech_r x6,2000-09-20T00:00:00Z,2008-10-05T11:08:00Z
VAVS,Vavau Survey,Tonga MLSNR,TRIMBLE NETRS,GPS,30s,4,geonet,trimble_5700 x4,2009-06-08T23:00:00Z,2018-02-10T23:00:00Z
VEXA,GeoNet,GNS,TRIMBLE ALLOY,GPS+GLO,30s,0,sagenz,trimble_netr9 x4,2020-01-15T23:10:02Z,2025-03-12T03:48:25Z
VEXA,GeoNet,GNS,TRIMBLE ALLOY,GPS+GLO+GAL+BDS+QZSS,30s,0,sagenz,trimble_netr9 x4,2025-03-12T03:48:26Z,9999-01-01T00:00:00Z
VEXA,GeoNet,GNS,TRIMBLE NETR9,GPS+GLO,30s,0,sagenz,trimble_netr9 x4,2016-02-29T23:30:08Z,2020-01-15T23:10:01Z
VEXA,GeoNet,GNS,TRIMBLE NETRS,GPS,30s,4,sagenz,trimble_5700 x4,2009-03-12T23:20:00Z,2016-02-29T23:30:07Z
VGDR,GeoNet,GNS,TRIMBLE 5700,GPS,30s,4,geonet,trimble_5700 x5,2004-05-16T00:00:00Z,2004-05-20T00:00:00Z
VGDR,GeoNet,GNS,TRIMBLE NETRS,GPS,30s,4,geonet,trimble_5700 x4,2006-01-09T21:00:00Z,2010-04-09T03:00:00Z
VGET,GeoNet,GNS,TRIMBLE ALLOY,GPS+GLO,30s,0,geonet,trimble_netr9 x4,2023-01-16T01:46:20Z,2025-02-25T00:44:15Z
VGET,GeoNet,GNS,TRIMBLE ALLOY,GPS+GLO+GAL+BDS+QZSS,30s,0,geonet,trimble_netr9 x4,2025-02-25T00:44:16Z,9999-01-01T00:00:00Z
VGET,GeoNet,GNS,TRIMBLE NETR9,GPS+GLO,30s,3,geonet,trimble_netr9 x4,2014-03-12T03:12:38Z,2016-04-27T22:21:49Z
VGET,GeoNet,GNS,TRIMBLE NETR9,GPS+GLO,30s,0,geonet,trimble_netr9 x4,2016-04-27T22:21:50Z,2023-01-16T01:46:19Z
VGFW,GeoNet,GNS,TRIMBLE ALLOY,GPS+GLO,30s,0,geonet,trimble_netr9 x4,2025-02-02T21:43:02Z,2025-02-24T22:24:56Z
VGFW,GeoNet,GNS,TRIMBLE ALLOY,GPS+GLO+GAL+BDS+QZSS,30s,0,geonet,trimble_netr9 x4,2025-02-24T22:24:57Z,9999-01-01T00:00:00Z
VGFW,GeoNet,GNS,TRIMBLE NETR9,GPS+GLO,30s,0,geonet,trimble_netr9 x4,2016-06-16T02:33:34Z,2025-02-02T21:43:01Z
VGFW,GeoNet,GNS,TRIMBLE NETRS,GPS,30s,4,geonet,trimble_5700 x4,2004-03-19T03:00:00Z,2016-06-16T02:33:33Z
VGKR,GeoNet,GNS,TRIMBLE NETR9,GPS+GLO,30s,0,geonet,trimble_netr9 x4,2017-04-24T22:48:32Z,9999-01-01T00:00:00Z
VGKR,GeoNet,GNS,TRIMBLE NETRS,GPS,30s,4,geonet,trimble_5700 x4,2005-11-30T23:00:00Z,2017-04-24T22:48:31Z
VGMO,GeoNet,GNS,TRIMBLE ALLOY,GPS+GLO+GAL+BDS+QZSS,30s,0,geonet,trimble_netr9 x4,2025-08-21T00:55:14Z,9999-01-01T00:00:00Z
VGMO,GeoNet,GNS,TRIMBLE NETR9,GPS+GLO,30s,0,geonet,trimble_netr9 x4,2018-04-04T00:10:00Z,2025-08-21T00:55:13Z
VGMO,GeoNet,GNS,TRIMBLE NETRS,GPS,30s,4,geonet,trimble_5700 x4,2005-03-31T00:00:00Z,2018-04-04T00:09:59Z
VGMT,GeoNet,GNS,TRIMBLE ALLOY,GPS+GLO+GAL+BDS+QZSS,30s,0,linz,trimble_netr9 x4,2020-02-25T23:13:02Z,9999-01-01T00:00:00Z
VGMT,GeoNet,GNS,TRIMBLE NETR9,GPS+GLO,30s,3,linz,trimble_netr9 x4,2011-01-17T03:37:51Z,2015-07-29T17:42:00Z
VGMT,GeoNet,GNS,TRIMBLE NETR9,GPS+GLO,30s,0,linz,trimble_netr9 x4,2015-07-29T17:42:01Z,2016-07-26T17:04:00Z
VGMT,GeoNet,GNS,TRIMBLE NETR9,GPS+GLO+GAL+BDS+QZSS,30s,0,linz,trimble_netr9 x4,2016-07-26T17:04:01Z,2020-02-25T23:13:01Z
VGMT,GeoNet,GNS,TRIMBLE NETRS,GPS,30s,4,geonet,trimble_5700 x4,2005-02-01T00:00:00Z,2011-01-17T01:26:00Z
VGNG,GeoNet,GNS,TRIMBLE ALLOY,GPS+GLO,30s,0,geonet,trimble_netr9 x4,2022-11-01T23:44:08Z,2025-02-25T01:29:32Z
VGNG,GeoNet,GNS,TRIMBLE ALLOY,GPS+GLO+GAL+BDS+QZSS,30s,0,geonet,trimble_netr9 x4,2025-02-25T01:29:33Z,9999-01-01T00:00:00Z
VGNG,GeoNet,GNS,TRIMBLE NETR9,GPS+GLO,30s,3,geonet,trimble_netr9 x4,2014-02-25T21:52:38Z,2016-04-27T23:13:44Z
VGNG,GeoNet,GNS,TRIMBLE NETR9,GPS+GLO,30s,0,geonet,trimble_netr9 x4,2016-04-27T23:13:45Z,2022-11-01T23:44:07Z
VGNT,GeoNet,GNS,TRIMBLE ALLOY,GPS+GLO+GAL+BDS+QZSS,30s,0,geonet,trimble_netr9 x4,2025-02-27T00:11:46Z,9999-01-01T00:00:00Z
VGNT,GeoNet,GNS,TRIMBLE NETR9,GPS+GLO,30s,0,geonet,trimble_netr9 x4,2016-02-04T21:40:00Z,2025-02-27T00:11:45Z
VGOB,GeoNet,GNS,TRIMBLE ALLOY,GPS+GLO,30s,0,geonet,trimble_netr9 x4,2024-11-07T00:08:20Z,2025-02-25T00:40:13Z
VGOB,GeoNet,GNS,TRIMBLE ALLOY,GPS+GLO+GAL+BDS+QZSS,30s,0,geonet,trimble_netr9 x4,2025-02-25T00:40:14Z,9999-01-01T00:00:00Z
VGOB,GeoNet,GNS,TRIMBLE NETR9,GPS+GLO,30s,0,geonet,trimble_netr9 x4,2016-05-12T01:01:58Z,2024-11-07T00:08:19Z
VGOB,GeoNet,GNS,TRIMBLE NETRS,GPS,30s,4,geonet,trimble_5700 x4,2004-02-10T23:00:00Z,2016-05-12T01:01:56Z
VGOT,GeoNet,GNS,TRIMBLE 5700,GPS,30s,4,geonet,trimble_5700 x5,2004-05-16T00:00:00Z,2004-05-20T00:00:00Z
VGOT,GeoNet,GNS,TRIMBLE ALLOY,GPS+GLO+GAL+BDS+QZSS,30s,0,geonet,trimble_netr9 x4,2025-03-14T03:17:46Z,9999-01-01T00:00:00Z
VGOT,GeoNet,GNS,TRIMBLE NETR9,GPS+GLO,30s,0,geonet,trimble_netr9 x4,2017-02-21T21:22:32Z,2025-03-14T03:17:45Z
VGOT,GeoNet,GNS,TRIMBLE NETRS,GPS,30s,4,geonet,trimble_5700 x4,2006-06-08T02:00:00Z,2017-02-21T21:22:30Z
VGPK,GeoNet,GNS,TRIMBLE ALLOY,GPS+GLO+GAL+BDS+QZSS,30s,0,geonet,trimble_netr9 x4,2025-07-16T00:31:38Z,9999-01-01T00:00:00Z
VGPK,GeoNet,GNS,TRIMBLE NETR9,GPS+GLO,30s,0,geonet,trimble_netr9 x4,2016-08-23T01:10:33Z,2025-07-16T00:31:37Z
VGPK,GeoNet,GNS,TRIMBLE NETRS,GPS,30s,4,geonet,trimble_5700 x4,2005-01-21T00:00:00Z,2016-08-23T01:10:31Z
VGT2,GeoNet,GNS,TRIMBLE NETR9,GPS+GLO,30s,3,geonet,trimble_netr9 x4,2012-07-27T01:00:00Z,2012-08-06T11:50:00Z
VGT8,GeoNet,GNS,TRIMBLE NETR9,GPS+GLO,30s,3,geonet,trimble_netr9 x4,2013-06-10T03:05:34Z,2016-04-27T23:32:25Z
VGT8,GeoNet,GNS,TRIMBLE NETR9,GPS+GLO,30s,0,geonet,trimble_netr9 x4,2016-04-27T23:32:26Z,2016-05-09T23:59:59Z
VGTM,GeoNet,GNS,TRIMBLE ALLOY,GPS+GLO,30s,0,geonet,trimble_netr9 x4,2019-10-29T22:31:00Z,2025-02-25T00:45:22Z
VGTM,GeoNet,GNS,TRIMBLE ALLOY,GPS+GLO+GAL+BDS+QZSS,30s,0,geonet,trimble_netr9 x4,2025-02-25T00:45:23Z,9999-01-01T00:00:00Z
VGTM,GeoNet,GNS,TRIMBLE NETR9,GPS+GLO,30s,3,geonet,trimble_netr9 x4,2013-05-14T23:00:00Z,2016-04-22T02:28:33Z
VGTM,GeoNet,GNS,TRIMBLE NETR9,GPS+GLO,30s,0,geonet,trimble_netr9 x4,2016-04-22T02:28:34Z,2019-10-29T22:30:59Z
VGTR,GeoNet,GNS,TRIMBLE ALLOY,GPS+GLO,30s,0,geonet,trimble_netr9 x4,2024-11-26T21:45:38Z,2025-02-24T21:39:24Z
VGTR,GeoNet,GNS,TRIMBLE ALLOY,GPS+GLO+GAL+BDS+QZSS,30s,0,geonet,trimble_netr9 x4,2025-02-24T21:39:25Z,9999-01-01T00:00:00Z
VGTR,GeoNet,GNS,TRIMBLE NETR9,GPS+GLO,30s,0,geonet,trimble_netr9 x4,2016-04-05T23:45:37Z,2024-11-26T21:45:37Z
VGTR,GeoNet,GNS,TRIMBLE NETRS,GPS,30s,4,geonet,trimble_5700 x4,2005-02-11T00:00:00Z,2016-04-05T23:45:35Z
VGTS,GeoNet,GNS,TRIMBLE NETR9,GPS+GLO,30s,0,geonet,trimble_netr9 x4,2018-01-24T01:51:00Z,9999-01-01T00:00:00Z
VGTS,GeoNet,GNS,TRIMBLE NETRS,GPS,30s,4,geonet,trimble_5700 x4,2005-03-17T00:00:00Z,2018-01-24T01:50:59Z
VGWH,GeoNet,GNS,TRIMBLE NETR9,GPS+GLO,30s,0,geonet,trimble_netr9 x4,2018-05-04T01:35:02Z,9999-01-01T00:00:00Z
VGWH,GeoNet,GNS,TRIMBLE NETRS,GPS,30s,4,geonet,trimble_5700 x4,2005-02-25T00:00:00Z,2018-05-04T01:35:01Z
VGWN,GeoNet,GNS,TRIMBLE NETR9,GPS+GLO,30s,0,geonet,trimble_netr9 x4,2017-05-01T23:24:38Z,9999-01-01T00:00:00Z
VGWN,GeoNet,GNS,TRIMBLE NETRS,GPS,30s,4,geonet,trimble_5700 x4,2004-05-18T00:00:00Z,2017-05-01T23:24:37Z
VGWT,GeoNet,GNS,TRIMBLE 5700,GPS,30s,4,geonet,trimble_5700 x5,2005-03-01T00:00:00Z,2005-03-08T00:00:00Z
VGWT,GeoNet,GNS,TRIMBLE ALLOY,GPS+GLO,30s,0,geonet,trimble_netr9 x4,2021-01-14T23:55:02Z,2025-02-24T22:48:39Z
VGWT,GeoNet,GNS,TRIMBLE ALLOY,GPS+GLO+GAL+BDS+QZSS,30s,0,geonet,trimble_netr9 x4,2025-02-24T22:48:40Z,9999-01-01T00:00:00Z
VGWT,GeoNet,GNS,TRIMBLE NETR9,GPS+GLO,30s,3,geonet,trimble_netr9 x4,2011-11-10T23:07:26Z,2016-04-27T22:10:32Z
VGWT,GeoNet,GNS,TRIMBLE NETR9,GPS+GLO,30s,0,geonet,trimble_netr9 x4,2016-04-27T22:10:33Z,2021-01-14T23:55:01Z
WAHU,GeoNet,GNS,TRIMBLE ALLOY,GPS+GLO,30s,0,geonet,trimble_netr9 x4,2020-03-11T02:03:08Z,2025-03-06T02:47:50Z
WAHU,GeoNet,GNS,TRIMBLE ALLOY,GPS+GLO+GAL+BDS+QZSS,30s,0,geonet,trimble_netr9 x4,2025-03-06T02:47:51Z,9999-01-01T00:00:00Z
WAHU,GeoNet,GNS,TRIMBLE NETR9,GPS+GLO,30s,0,geonet,trimble_netr9 x4,2018-05-22T00:40:30Z,2020-03-11T02:03:07Z
WAHU,GeoNet,GNS,TRIMBLE NETRS,GPS,30s,4,geonet,trimble_5700 x4,2009-06-07T22:01:00Z,2018-05-22T00:40:29Z
WAIM,GeoNet,GNS,TRIMBLE ALLOY,GPS+GLO+GAL+BDS+QZSS,30s,0,linz,trimble_netr9 x4,2020-01-28T03:10:46Z,9999-01-01T00:00:00Z
WAIM,GeoNet,GNS,TRIMBLE NETR9,GPS+GLO,30s,3,linz,trimble_netr9 x4,2010-11-22T05:59:00Z,2014-10-22T23:00:00Z
WAIM,GeoNet,GNS,TRIMBLE NETR9,GPS+GLO,30s,0,linz,trimble_netr9 x4,2014-10-22T23:01:00Z,2016-07-26T17:04:00Z
WAIM,GeoNet,GNS,TRIMBLE NETR9,GPS+GLO+GAL+BDS+QZSS,30s,0,linz,trimble_netr9 x4,2016-07-26T17:04:01Z,2020-01-28T03:10:45Z
WAIM,GeoNet,GNS,TRIMBLE NETRS,GPS,30s,4,linz,trimble_5700 x4,2004-12-17T00:00:00Z,2010-11-22T05:50:00Z
WAKA,P Denys,OUSD,TRIMBLE 4000SSI,GPS,30s,4,sagenz,trimble_r x21,2000-11-02T00:00:00Z,2007-02-01T20:59:58Z
WAKA,GeoNet,GNS,TRIMBLE ALLOY,GPS+GLO,30s,0,sagenz,trimble_netr9 x4,2021-03-31T00:47:08Z,2025-03-11T03:33:51Z
WAKA,GeoNet,GNS,TRIMBLE ALLOY,GPS+GLO+GAL+BDS+QZSS,30s,0,sagenz,trimble_netr9 x4,2025-03-11T03:33:52Z,9999-01-01T00:00:00Z
WAKA,GeoNet,GNS,TRIMBLE NETR9,GPS+GLO,30s,3,sagenz,trimble_netr9 x4,2013-09-16T22:56:00Z,2014-07-09T23:59:00Z
WAKA,GeoNet,GNS,TRIMBLE NETR9,GPS+GLO,30s,0,sagenz,trimble_netr9 x4,2014-07-10T00:00:00Z,2021-03-31T00:47:07Z
WAKA,GeoNet,GNS,TRIMBLE NETRS,GPS,30s,4,sagenz,trimble_5700 x4,2007-02-01T21:00:00Z,2013-09-16T22:55:59Z
WANG,GeoNet,GNS,TRIMBLE 5700,GPS,30s,4,linz,trimble_5700 x5,2003-04-17T23:59:00Z,2007-01-18T03:00:00Z
WANG,GeoNet,GNS,TRIMBLE ALLOY,GPS+GLO+GAL+BDS+QZSS,30s,0,linz,trimble_netr9 x4,2019-10-15T00:08:16Z,9999-01-01T00:00:00Z
WANG,GeoNet,GNS,TRIMBLE NETR9,GPS+GLO,30s,4,linz,trimble_netr9 x4,2010-11-04T00:01:01Z,2010-12-21T01:40:00Z
WANG,GeoNet,GNS,TRIMBLE NETR9,GPS+GLO,30s,3,linz,trimble_netr9 x4,2010-12-21T01:40:01Z,2015-04-09T17:05:29Z
WANG,GeoNet,GNS,TRIMBLE NETR9,GPS+GLO,30s,0,linz,trimble_netr9 x4,2015-04-09T17:05:30Z,2016-07-26T17:04:00Z
WANG,GeoNet,GNS,TRIMBLE NETR9,GPS+GLO+GAL+BDS+QZSS,30s,0,linz,trimble_netr9 x4,2016-07-26T17:04:01Z,2019-10-15T00:08:15Z
WANG,GeoNet,GNS,TRIMBLE NETRS,GPS,30s,4,linz,trimble_5700 x4,2007-01-18T21:00:00Z,2010-11-04T00:00:00Z
WARK,GeoNet,GNS,TRIMBLE ALLOY,GPS+GLO+GAL+BDS+QZSS,30s,0,linz,trimble_netr9 x4,2019-09-26T01:03:16Z,9999-01-01T00:00:00Z
WARK,GeoNet,GNS,TRIMBLE NETR9,GPS+GLO,30s,3,linz,trimble_netr9 x4,2011-01-11T00:23:15Z,2013-03-20T23:13:00Z
WARK,GeoNet,GNS,TRIMBLE NETR9,GPS+GLO+GAL+BDS+QZSS,30s,3,linz,trimble_netr9 x4,2013-03-20T23:13:01Z,2014-09-30T21:39:44Z
WARK,GeoNet,GNS,TRIMBLE NETR9,GPS+GLO+GAL+BDS+QZSS,30s,0,linz,trimble_netr9 x4,2014-09-30T21:39:45Z,2019-09-26T01:03:15Z
WARK,GeoNet,GNS,TRIMBLE NETRS,GPS,30s,4,linz,trimble_5700 x4,2009-01-23T13:15:01Z,2011-01-11T00:00:00Z
WEST,GeoNet,GNS,TRIMBLE ALLOY,GPS+GLO+GAL+BDS+QZSS,30s,0,linz,trimble_netr9 x4,2019-12-10T02:10:47Z,9999-01-01T00:00:00Z
WEST,GeoNet,GNS,TRIMBLE NETR9,GPS+GLO,30s,3,linz,trimble_netr9 x4,2011-01-26T03:03:01Z,2015-07-28T17:21:40Z
WEST,GeoNet,GNS,TRIMBLE NETR9,GPS+GLO,30s,0,linz,trimble_netr9 x4,2015-07-28T17:21:41Z,2016-07-26T17:04:30Z
WEST,GeoNet,GNS,TRIMBLE NETR9,GPS+GLO+GAL+BDS+QZSS,30s,0,linz,trimble_netr9 x4,2016-07-26T17:04:31Z,2019-12-10T02:10:46Z
WEST,GeoNet,GNS,TRIMBLE NETRS,GPS,30s,4,linz,trimble_5700 x4,2004-09-23T05:00:00Z,2011-01-26T01:55:00Z
WGTN,GeoNet,GNS,ASHTECH Z-XII3,GPS,30s,4,linz,ashtech_r x6,1996-05-23T00:00:00Z,2005-03-21T01:59:59Z
WGTN,GeoNet,GNS,TRIMBLE ALLOY,GPS+GLO+GAL+BDS+QZSS,30s,0,linz,trimble_netr9 x4,2020-02-14T01:16:38Z,9999-01-01T00:00:00Z
WGTN,GeoNet,GNS,TRIMBLE NETR9,GPS+GLO,30s,3,linz,trimble_netr9 x4,2010-11-14T22:35:01Z,2015-07-27T18:14:52Z
WGTN,GeoNet,GNS,TRIMBLE NETR9,GPS+GLO,30s,0,linz,trimble_netr9 x4,2015-07-27T18:14:53Z,2016-06-13T07:01:59Z
WGTN,GeoNet,GNS,TRIMBLE NETR9,GPS+GLO+GAL+BDS+QZSS,30s,0,linz,trimble_netr9 x4,2016-06-13T07:02:00Z,2020-02-14T01:16:37Z
WGTN,GeoNet,GNS,TRIMBLE NETRS,GPS,30s,4,linz,trimble_5700 x4,2005-03-21T02:00:00Z,2010-11-14T22:26:00Z
WGTT,GeoNet,GNS,LEICA CRS1000,GPS,30s,4,geonet,leica_lb2 x6,1999-12-14T00:00:00Z,2006-08-24T01:20:00Z
WGTT,GeoNet,GNS,TRIMBLE ALLOY,GPS+GLO+GAL+BDS+QZSS,30s,0,geonet,trimble_netr9 x4,2024-07-15T01:21:20Z,9999-01-01T00:00:00Z
WGTT,GeoNet,GNS,TRIMBLE NETR9,GPS+GLO,30s,0,geonet,trimble_netr9 x4,2019-03-11T01:44:12Z,2024-07-15T01:21:19Z
WGTT,GeoNet,GNS,TRIMBLE NETRS,GPS,30s,4,geonet,trimble_5700 x4,2006-08-24T01:20:30Z,2019-03-11T01:44:11Z
WHKT,GeoNet,GNS,TRIMBLE ALLOY,GPS+GLO+GAL+BDS+QZSS,30s,0,linz,trimble_netr9 x4,2019-10-21T23:16:56Z,9999-01-01T00:00:00Z
WHKT,GeoNet,GNS,TRIMBLE NETR9,GPS+GLO,30s,3,linz,trimble_netr9 x4,2011-01-27T02:14:00Z,2015-08-18T16:25:00Z
WHKT,GeoNet,GNS,TRIMBLE NETR9,GPS+GLO,30s,0,linz,trimble_netr9 x4,2015-08-18T16:25:01Z,2016-07-26T17:04:30Z
WHKT,GeoNet,GNS,TRIMBLE NETR9,GPS+GLO+GAL+BDS+QZSS,30s,0,linz,trimble_netr9 x4,2016-07-26T17:04:31Z,2019-10-21T23:16:55Z
WHKT,GeoNet,GNS,TRIMBLE NETRS,GPS,30s,4,geonet,trimble_5700 x4,2009-03-23T00:30:00Z,2011-01-27T00:15:00Z
WHNG,GeoNet,GNS,TRIMBLE 5700,GPS,30s,4,linz,trimble_5700 x5,2003-04-02T23:59:00Z,2004-10-14T23:59:00Z
WHNG,GeoNet,GNS,TRIMBLE ALLOY,GPS+GLO+GAL+BDS+QZSS,30s,0,linz,trimble_netr9 x4,2019-09-23T05:15:16Z,9999-01-01T00:00:00Z
WHNG,GeoNet,GNS,TRIMBLE NETR9,GPS+GLO,30s,3,linz,trimble_netr9 x4,2010-11-22T21:07:00Z,2015-08-13T16:25:00Z
WHNG,GeoNet,GNS,TRIMBLE NETR9,GPS+GLO,30s,0,linz,trimble_netr9 x4,2015-08-13T16:25:01Z,2016-07-04T01:12:00Z
WHNG,GeoNet,GNS,TRIMBLE NETR9,GPS+GLO+GAL+BDS+QZSS,30s,0,linz,trimble_netr9 x4,2016-07-04T01:12:01Z,2019-09-23T05:15:15Z
WHNG,GeoNet,GNS,TRIMBLE NETRS,GPS,30s,4,linz,trimble_5700 x4,2004-10-15T00:00:00Z,2010-11-22T21:00:00Z
WHVR,GeoNet,GNS,TRIMBLE ALLOY,GPS+GLO,30s,0,geonet,trimble_netr9 x4,2019-12-03T21:20:38Z,2025-02-19T22:01:29Z
WHVR,GeoNet,GNS,TRIMBLE ALLOY,GPS+GLO+GAL+BDS+QZSS,30s,0,geonet,trimble_netr9 x4,2025-02-19T22:01:30Z,9999-01-01T00:00:00Z
WHVR,GeoNet,GNS,TRIMBLE NETR9,GPS+GLO,30s,3,geonet,trimble_netr9 x4,2011-09-30T00:15:57Z,2016-04-05T02:44:05Z
WHVR,GeoNet,GNS,TRIMBLE NETR9,GPS+GLO,30s,0,geonet,trimble_netr9 x4,2016-04-05T02:44:06Z,2019-12-03T21:20:37Z
WIAH,GeoNet,GNS,TRIMBLE ALLOY,GPS+GLO,30s,0,geonet,trimble_netr9 x4,2024-10-09T21:41:50Z,2025-03-07T01:40:12Z
WIAH,GeoNet,GNS,TRIMBLE ALLOY,GPS+GLO+GAL+BDS+QZSS,30s,0,geonet,trimble_netr9 x4,2025-03-07T01:40:13Z,9999-01-01T00:00:00Z
WITH,GeoNet,GNS,TRIMBLE ALLOY,GPS+GLO+GAL+BDS+QZSS,30s,0,geonet,trimble_netr9 x4,2025-08-26T01:52:46Z,9999-01-01T00:00:00Z
WITH,GeoNet,GNS,TRIMBLE NETR9,GPS+GLO,30s,3,geonet,trimble_netr9 x4,2011-04-28T22:24:56Z,2015-12-10T22:00:09Z
WITH,GeoNet,GNS,TRIMBLE NETR9,GPS+GLO,30s,0,geonet,trimble_netr9 x4,2015-12-10T22:00:10Z,2025-08-26T01:52:45Z
WITH,GeoNet,GNS,TRIMBLE NETRS,GPS,30s,4,geonet,trimble_5700 x4,2009-11-10T00:05:01Z,2011-04-28T22:09:00Z
WMAT,GeoNet,GNS,TRIMBLE ALLOY,GPS+GLO,30s,0,geonet,trimble_netr9 x4,2022-08-09T23:40:08Z,2025-03-05T01:42:29Z
WMAT,GeoNet,GNS,TRIMBLE ALLOY,GPS+GLO+GAL+BDS+QZSS,30s,0,geonet,trimble_netr9 x4,2025-03-05T01:42:30Z,9999-01-01T00:00:00Z
WMAT,GeoNet,GNS,TRIMBLE NETR9,GPS+GLO,30s,3,geonet,trimble_netr9 x4,2013-12-16T04:20:00Z,2016-03-14T00:25:55Z
WMAT,GeoNet,GNS,TRIMBLE NETR9,GPS+GLO,30s,0,geonet,trimble_netr9 x4,2016-03-14T00:25:56Z,2022-08-09T23:40:07Z
WMAT,GeoNet,GNS,TRIMBLE NETRS,GPS,30s,4,geonet,trimble_5700 x4,2010-03-15T03:19:30Z,2013-12-16T03:00:00Z
WPAW,GeoNet,GNS,TRIMBLE ALLOY,GPS+GLO+GAL+BDS+QZSS,30s,0,geonet,trimble_netr9 x4,2025-07-31T02:27:08Z,9999-01-01T00:00:00Z
WPAW,GeoNet,GNS,TRIMBLE NETR9,GPS+GLO,30s,0,geonet,trimble_netr9 x4,2016-08-15T02:08:08Z,2025-07-31T02:27:07Z
WPAW,GeoNet,GNS,TRIMBLE NETRS,GPS,30s,4,geonet,trimble_5700 x4,2006-04-20T02:00:00Z,2016-08-15T02:08:06Z
WPUK,GeoNet,GNS,TRIMBLE NETR9,GPS+GLO,30s,0,geonet,trimble_netr9 x4,2016-12-15T04:20:58Z,9999-01-01T00:00:00Z
WPUK,GeoNet,GNS,TRIMBLE NETRS,GPS,30s,4,geonet,trimble_5700 x4,2006-04-19T21:00:00Z,2016-12-15T04:20:56Z
WRA1,GeoNet,GNS,TRIMBLE NETR9,GPS+GLO,30s,0,geonet,trimble_netr9 x4,2016-11-15T23:43:29Z,2017-05-27T23:59:00Z
WRAU,GeoNet,GNS,TRIMBLE ALLOY,GPS+GLO+GAL+BDS+QZSS,30s,0,geonet,trimble_netr9 x4,2025-08-28T01:18:38Z,9999-01-01T00:00:00Z
WRAU,GeoNet,GNS,TRIMBLE NETR9,GPS+GLO,30s,0,geonet,trimble_netr9 x4,2017-04-18T03:06:59Z,2025-08-28T01:18:37Z
WRPA,GeoNet,GNS,TRIMBLE ALLOY,GPS+GLO+GAL+BDS+QZSS,30s,0,linz,trimble_netr9 x4,2019-09-03T03:50:30Z,9999-01-01T00:00:00Z
WRPA,GeoNet,GNS,TRIMBLE NETR9,GPS+GLO,30s,0,linz,trimble_netr9 x4,2016-01-10T20:15:06Z,2016-03-17T00:03:29Z
WRPA,GeoNet,GNS,TRIMBLE NETR9,GPS+GLO+GAL+BDS+QZSS,30s,0,linz,trimble_netr9 x4,2016-03-17T00:03:30Z,2019-09-03T03:50:29Z
YALD,GeoNet,GNS,TRIMBLE ALLOY,GPS+GLO+GAL+BDS+QZSS,30s,0,geonet,trimble_netr9 x4,2023-11-14T22:47:26Z,9999-01-01T00:00:00Z
YALD,GeoNet,GNS,TRIMBLE NETR9,GPS+GLO,30s,3,geonet,trimble_netr9 x4,2014-09-16T21:00:01Z,2014-12-16T00:00:00Z
YALD,GeoNet,GNS,TRIMBLE NETR9,GPS+GLO,30s,0,geonet,trimble_netr9 x4,2014-12-17T01:46:34Z,2018-05-09T00:17:29Z
YALD,GeoNet,GNS,TRIMBLE NETR9,GPS+GLO+GAL+BDS+QZSS,30s,0,geonet,trimble_netr9 x4,2018-05-09T00:17:30Z,2023-11-14T22:47:25Z
