Manufacturer,Make,Model,Serial Number,Asset Number,Notes
Leica Geosystems,LeicaGeosystems,LEIS Radome,0220148020,,
Leica Geosystems,LeicaGeosystems,LEIS Radome,11753,,
Leica Geosystems,LeicaGeosystems,LEIS Radome,324,,
Leica Geosystems,LeicaGeosystems,LEIS Radome,332,,
Leica Geosystems,LeicaGeosystems,LEIS Radome,333,,
Leica Geosystems,LeicaGeosystems,LEIS Radome,405,,
Leica Geosystems,LeicaGeosystems,LEIS Radome,CR13573,,
Thales,Thales,SCIS Radome,0220063995,,
Thales,Thales,SCIS Radome,0220066912,,
Thales,Thales,SCIS Radome,0220067545,,
Thales,Thales,SCIS Radome,0220067548,,
Thales,Thales,SCIS Radome,0220073544,,
Thales,Thales,SCIS Radome,0220190193,,
Thales,Thales,SCIS Radome,0220190270,,
Thales,Thales,SCIS Radome,0220227659,,
Thales,Thales,SCIS Radome,67548,,
Thales,Thales,SCIS Radome,CR519993905,,
Thales,Thales,SCIS Radome,CRN120000601,,
Thales,Thales,SNOW Radome,11753,,
Thales,Thales,SNOW Radome,12477,,
Thales,Thales,SNOW Radome,12627,,
Thales,Thales,SNOW Radome,CR16098,,
Thales,Thales,SNOW Radome,CR620022305,,
